time,wavelength_shift
0.02,0.0006010377623093597
0.039999,0.0008853734266442484
0.059999,0.0009628792541510265
0.079999,0.0009050820513558508
0.099999,0.000783508624784878
0.119999,0.000669685780964263
0.139999,0.0009823664336409466
0.159998,0.0011657230770000069
0.179998,0.0011121333334141222
0.199998,0.0013915972028704354
0.219998,0.0015089631702342372
0.239998,0.0016958629371258854
0.259997,0.0018929491842111564
0.279997,0.0012795459208169108
0.299997,0.00025868344996874537
0.319997,0.0001546041958936218
0.339997,-6.905547775999504e-05
0.359996,-0.0003680065267035781
0.379996,-0.0005425053612006931
0.399996,-0.00020103682973938178
0.419996,0.0001023431236351739
0.439996,0.0003835785548649361
0.459995,0.0008769585082410363
0.479995,0.000987681118962354
0.499995,0.0005403617716482302
0.519995,0.0006998023310869278
0.539994,0.00038535011663838527
0.559994,0.0002746275059170674
0.579994,0.00036763449892297426
0.599994,0.00030562983691903643
0.619994,0.00013290256419378068
0.639993,-0.00010625827496426579
0.659993,0.00021085128213968053
0.679993,-0.0003626918413943607
0.699993,-0.0010646731933656606
0.719993,-0.0014920624707486223
0.739992,-0.002078892307570812
0.759992,-0.0015850694637534692
0.779992,-0.001290547319235029
0.799992,-0.001310477389165661
0.819992,-0.0011266778553695985
0.839991,-0.0009428783215740661
0.859991,-0.00012574545445312576
0.879991,7.532680661869541e-05
0.899991,0.00038977902106723816
0.919991,0.00012404475533607528
0.939991,-0.0004942303029298554
0.95999,-0.0002643701630728766
0.97999,-0.000993367832064365
0.99999,-0.0008565146852164735
1.01999,-0.0004649995337103458
1.039989,0.00036807738934831636
1.059989,0.0005824363637051056
1.079989,0.0011914107226704987
1.099989,0.0017826694639231308
1.119989,0.0017255365967924678
1.139988,0.0008087533800284364
1.159988,0.0002777277390147733
1.179988,-0.0005726219113185875
1.199988,-0.0004929016315971185
1.219988,-0.000503531002230393
1.239988,-0.00016206247077173196
1.259987,-0.0007094750581765495
1.279987,-0.00013504615376055344
1.299987,0.00013068811197113924
1.319987,0.00010411468539855307
1.339987,-0.0004986592073629481
1.359986,-0.0008640438227393219
1.379986,-0.0011674237761112275
1.399986,-0.0012090554777422309
1.419986,-0.0014504307691154989
1.439986,-0.0009543934730877052
1.459985,-0.0007108037295045161
1.479985,7.311235439870395e-05
1.499985,0.00037560652689236525
1.519985,0.0004996158508975912
1.539984,0.001022226573500621
1.559984,0.0012968186480889596
1.579984,0.001208240559512435
1.599984,0.00048190023318218033
1.619984,-0.0003640205127260378
1.639983,-0.0005274470861518159
1.659983,-0.0008972606059596926
1.679983,-0.000552248950948303
1.699983,-0.0002466545453574659
1.719983,0.0006289398602210444
1.739982,0.001497005128277236
1.759982,0.0012463291376071408
1.779982,0.0009411776224559556
1.799982,-7.304149174972546e-05
1.819982,-0.0007506638693626005
1.839982,-0.0010757454544407076
1.859981,-0.0014588456875324922
1.879981,-0.001571782750464791
1.899981,-0.0007515496502450848
1.919981,-0.0003215030302040694
1.939981,-0.0008356988343869264
1.95998,-0.0008910601397441402
1.97998,-0.0005075170162084633
1.99998,-0.0008578433565290698
2.01998,-0.001112505361189956
2.039979,-0.0007010601397510758
2.059979,-0.00025861258731128703
2.079979,-1.723729594384926e-05
2.099979,0.0004101519814348725
2.119979,6.204009332577721e-05
2.139978,-0.0005478200465236903
2.159978,-0.000166934265644477
2.179978,-0.000290943589653413
2.199978,-0.0007763515150537622
2.219978,-0.0012125986012970797
2.239977,-0.0005433911420990776
2.259977,-0.0003347897435006978
2.279977,-0.0007134610721657497
2.299977,-0.00046765687636203914
2.319977,-0.0004034377621407597
2.339977,-0.0006961883448825709
2.359976,-0.00033257529127699633
2.379976,-0.0003259319346345122
2.399976,-0.0003254890441938
2.419976,-0.0004579132866186691
2.439976,-0.0004468410255473322
2.459975,-0.0012378433565369289
2.479975,-0.001742738461424548
2.499975,-0.001215698834389485
2.519975,-0.0012555589742475695
2.539974,-0.0008498713285649791
2.559974,-0.0005123888110891583
2.579974,-0.0005810368297339903
2.599974,-0.00032194592064531174
2.619974,-0.0007409202796107503
2.639973,-0.001068659207344791
2.659973,-0.000671829370521496
2.679973,-0.00034807645677294565
2.699973,1.1550582867279001e-05
2.719973,-0.0008077967364895532
2.739972,-0.0008387990675084824
2.759972,-0.0014460018647142066
2.779972,-0.0019402675989786211
2.799972,-0.0018826918414067161
2.819972,-0.002325582284291987
2.839971,-0.002303437762144544
2.859971,-0.0016878200465276565
2.879971,-0.0014402442889404267
2.899971,-0.0013188923075688741
2.919971,-0.0011824820511754748
2.93997,-0.0002940438227495287
2.95997,-0.0002519692306730429
2.97997,0.00022413799543047873
2.99997,3.768111897901267e-05
3.01997,-0.00024133986004029845
3.039969,-0.0003626918413943607
3.059969,-0.001215255943947713
3.079969,-0.0016098713285563166
3.099969,-0.0016701044287894555
3.119969,-0.0009973538460498555
3.139968,-0.00032593193464458244
3.159968,7.532680662611569e-05
3.179968,7.975571103641815e-05
3.199968,-0.0006979599066814605
3.219968,-0.0007263048950412761
3.239968,-0.0005004307691777378
3.259967,-0.0015283794871122796
3.279967,-0.0013977268064550292
3.299967,-0.001340151048870934
3.319967,-0.0010717594404753574
3.339967,-0.0002696848484006442
3.359966,0.0010368419581299867
3.379966,0.0008122965035753345
3.399966,0.00044868344997241
3.419966,0.00060856689985129
3.439965,0.0006816438229270947
3.459965,-7.791328662088044e-05
3.479965,-0.00018642144512697687
3.499965,-0.0008556289043233887
3.519965,-0.0012715030301980114
3.539964,-0.001397726806423229
3.559964,-0.0009304773891816527
3.579964,-0.0009154191141205854
3.599964,-0.0007072606059623878
3.619964,-0.000715675524378851
3.639963,-0.0005894517481557537
3.659963,-0.0008751160838154287
3.679963,-0.0006957454544450388
3.699963,-0.0004986592073587082
3.719963,-0.00012840279710852926
3.739962,-0.00019926526797017286
3.759962,0.00022590955719968772
3.779962,0.0004694993007865868
3.799962,0.0005315039627905247
3.819962,0.00028348531477477286
3.839962,6.824055953443903e-05
3.859961,-0.00039723729593845814
3.879961,0.00015460419589044194
3.899961,-8.23421910539732e-05
3.919961,-0.00010227226098407548
3.93996,-0.00014877575748676393
3.95996,-0.0002377967365040004
3.97996,-0.00015807645678571157
3.99996,-0.0003086592073667037
4.01996,-0.00024222564093285298
4.039959,-0.0008356988343969963
4.059959,-0.0010673305360295443
4.079959,-0.0012750461537443796
4.099959,-0.0019136941723784746
4.119959,-0.0016678899765768841
4.139959,-0.0012715030301937713
4.159958,-0.0010832745919662058
4.179958,-0.0009946965033902117
4.199958,-0.00037243543113985077
4.219958,6.8240559528079e-05
4.239957,0.0001236018648863529
4.259957,0.0002515972028802491
4.279957,0.00026001212129618236
4.299957,0.0003596624709461631
4.319957,0.0007742079254843392
4.339957,0.001163951515223908
4.359956,0.0012569585082314047
4.379956,0.0011683804196570007
4.399956,0.0014097557110302685
4.419956,0.0013034620047367434
4.439955,0.001259172960448216
4.459955,0.0012768885781646872
4.479955,0.001038170629446823
4.499955,0.0005514340327137368
4.519955,0.0003875645688488365
4.539954,1.3765035054409761e-05
4.559954,-0.0005332046619038653
4.579954,-0.0008339272726203672
4.599954,-0.0018171440558193094
4.619954,-0.0023525986012671255
4.639954,-0.002089078787749594
4.659953,-0.0014375869462680629
4.679953,-0.0014863048949854427
4.699953,-0.0011142769229639349
4.719953,-0.0009242769229655704
4.739953,-0.0007333911420868418
4.759952,-0.0006939738926673495
4.779952,-0.00017977808848025265
4.799952,-0.0007825519812422838
4.819952,-0.0013056055942865562
4.839952,-0.00043311142180522174
4.859951,-4.7796736498745794e-05
4.879951,-0.0002741137528130664
4.899951,-0.00012308811179348195
4.91995,-0.00034010442880779486
4.93995,-0.0004818293705326719
4.95995,-0.0004131813518851897
4.97995,-0.0004929016316024184
4.99995,-0.0014145566432407848
5.01995,-0.0016709902096698202
5.039949,-0.0008866312353195275
5.059949,-0.0008711300698177478
5.079949,-0.0008866312353195275
5.099949,-0.0012520158507022614
5.119949,-0.0009712233099121513
5.139948,-0.0007984960371890156
5.159948,-0.0003467477854492189
5.179948,-0.00041805314675316457
5.199948,-0.0008011533798507793
5.219948,-0.0008653724940715285
5.239947,-0.0009256055943020175
5.259947,-0.0014925053611951648
5.279947,-0.0011116195803138316
5.299947,-0.001091246619943017
5.319947,-0.0007922955709930738
5.339947,-0.0006324121211115438
5.359946,-0.0006873305360275152
5.379946,-0.001243158041843496
5.399946,-0.0019008503495246784
5.419945,-0.002027074125745126
5.439945,-0.002184300232969132
5.459945,-0.0019694983681711005
5.479945,-0.0012701743588562641
5.499945,-0.0009557221444146119
5.519945,-0.0007170041957025778
5.539944,-0.00018775011646024372
5.559944,0.00012847365975856786
5.579944,-0.00020413706284662782
5.599944,0.0003056298369126764
5.619944,0.00039420792549291076
5.639943,-1.3251281958358773e-05
5.659943,-6.37407924460077e-05
5.679943,-0.0007302909089827757
5.699943,-0.0012856755243606938
5.719943,-0.0015381230768042385
5.739942,-0.0013122489509327503
5.759942,-0.001126234964921996
5.779942,-0.0006452559439526197
5.799942,-0.0002798713285730659
5.819942,-0.0005482629369591023
5.839942,-0.0007209902096848882
5.859941,-0.0005704074591054858
5.879941,-0.0013769109555973917
5.899941,-0.0013746965033832306
5.91994,-0.0009667944054885986
5.93994,-0.0006629715616701505
5.95994,-0.0011080764567674632
5.97994,-0.0007781230768171409
5.99994,-0.0007028317015245249
6.01994,-0.0012409435896266843
6.039939,-0.0017214797201553487
6.059939,-0.0023038806525492155
6.079939,-0.0027888456875099126
6.099939,-0.0019123655010409677
6.119939,-0.0007714797201773069
6.139939,-0.00034453333323664753
6.159938,-0.0004202675989689158
6.179938,-0.00033213240083416383
6.199938,-0.00047828624699054354
6.219938,-0.001386654545347652
6.239937,-0.001176281584977943
6.259937,-0.0013467944054890374
6.279937,-0.0017697547784442066
6.299937,-0.0013955123542053573
6.319937,-0.0005265613052698611
6.339936,-0.00031220233090777186
6.359936,-0.0005292186479178447
6.379936,-0.0007196615383548012
6.399936,-0.0008875170162094322
6.419935,-0.0008410135197062137
6.439935,-0.00027632820502775774
6.459935,-0.00047341445211249844
6.479935,-0.0013171207458102653
6.499935,-0.0011687524474455545
6.519934,-0.0005748363635406989
6.539934,-0.0005646498833481365
6.559934,-0.0007949529136490077
6.579934,0.00023255291384429173
6.599934,0.0009668186480969051
6.619934,0.0011539981352786978
6.639934,0.0005619235432143947
6.659933,-4.7633566333337576e-05
6.679933,-0.0007189622376530263
6.699933,-0.0005308503495433068
6.719933,-0.000519661538355714
6.739932,-0.000924999533686357
6.759932,-0.0009328317015231308
6.779932,-0.0005976335663328149
6.799932,-0.00037735384606068807
6.819932,-0.0004827151514167462
6.839931,-0.0012622023308948237
6.859931,-0.0017272372959243585
6.879931,-0.0019531114217958467
6.899931,-0.0015810834497722189
6.91993,-0.0007236475523482419
6.93993,-7.92419579477872e-05
6.95993,0.0005518769231655795
6.97993,0.00024933613062753577
6.99993,0.0003505948718866178
7.01993,-3.0267598968814326e-05
7.039929,-0.0008999645686499381
7.059929,-0.0015991254077972461
7.079929,-0.0010679132865943936
7.099929,-0.0004782629369535123
7.119929,0.00033583962713947576
7.139929,0.0014123431236302288
7.159928,0.0017958163170972122
7.179928,0.001311107692392278
7.199928,0.000657028438327217
7.219928,4.953846261756829e-06
7.239928,0.00017299580430027683
7.259927,-0.0001015729602637501
7.279927,0.0005146275059259364
7.299927,0.0002910144523172316
7.319927,0.0001748139861218186
7.339926,0.0006003617716647577
7.359926,-0.00039264522132723665
7.379926,-0.0008856522143238982
7.399926,-0.0018760018646541289
7.419926,-0.0015761650348264712
7.439925,-0.0006318759905380763
7.459925,-0.0012398946385708415
7.479925,-0.001101666200361731
7.499925,-0.001428938927642938
7.519925,-0.0018186825173888673
7.539925,-0.00175271515142375
7.559924,-0.00203709743579878
7.579924,-0.0019100578087512918
7.599924,-0.0019340671327455789
7.619924,-0.0012025752912434248
7.639924,-0.00020418368284913925
7.659924,-0.00043189930058079053
7.679923,-0.0003542069928901238
7.699923,-0.0009174937061708593
7.719923,-0.0013828783215459816
7.739923,-0.0008037874124659716
7.759922,-0.0005959785546623716
7.779922,-0.000721269929953302
7.799922,-0.0002584494171373985
7.819921,-0.00011278508147406354
7.839921,0.0002688000001032148
7.859921,-8.945174813869029e-05
7.879921,-0.0006167011653755935
7.899921,-0.0009565146851828914
7.91992,-0.0009406638693286341
7.93992,-0.0009315729602431871
7.95992,-0.0009776801863516657
7.97992,-0.0007624354310938415
7.99992,-0.0009860951047739588
8.01992,-0.0011450927737899647
8.039919,-0.0018497314684267382
8.059919,-0.0019272372959351057
8.079919,-0.002474206992897091
8.099919,-0.0021260951047879953
8.119919,-0.0020153724940592576
8.139918,-0.0018515030301800468
8.159918,-0.0007814797201361593
8.179918,-0.0005711067597669802
8.199918,-0.001060943589633813
8.219918,-0.000987423776131076
8.239917,-0.001682761771465722
8.259917,-0.0017824121211130531
8.279917,-0.002518053146738016
8.299917,-0.0022390321677134045
8.319916,-0.002241689510357678
8.339916,-0.0013935543122193983
8.359916,-0.0008155822842363641
8.379916,-0.0009962349649057089
8.399916,-0.00037071048939488373
8.419916,0.0004361659674663909
8.439915,0.0005780307693291847
8.459915,0.000584580885882904
8.479915,0.00033224988355826546
8.499915,0.0004238116551172997
8.519915,-0.0002647897434723173
8.539914,-0.000723321211994635
8.559914,-0.0014814797201390597
8.579914,-0.001785465734118676
8.599914,-0.0020747198133680414
8.619914,-0.0017049062935569847
8.639914,-0.0019551393937868983
8.659913,-0.0017447664334177193
8.679913,-0.0017956988343524405
8.699913,-0.001071572960239527
8.719913,-0.000981223309892204
8.739912,-0.00046082703950333504
8.759912,-0.00010474312342113911
8.779912,0.00016320559452153496
8.799912,-0.0004594983681737784
8.819911,3.6538927857195395e-05
8.839911,-0.0005702209788961562
8.859911,-0.00016276177144223673
8.879911,-0.0003842069928854024
8.899911,0.00024912634044000546
8.91991,0.0001384037297181577
8.93991,0.0002048372961504184
8.95991,0.0005232755245892214
8.97991,0.0008581006994085787
8.99991,0.0001051869465036173
9.019909,-9.145641013935104e-05
9.039909,-0.0009794517481219347
9.059909,-0.0006999878786613816
9.079909,-0.001262458741121966
9.099909,-0.0016610601397160601
9.119909,-0.0018798480185017023
9.139908,-0.00181119999985157
9.159908,-0.001445815384469896
9.179908,-0.00046481305347928546
9.199908,-0.000679614918280497
9.219908,-0.0006508270394963994
9.239907,-0.0007376335663021247
9.259907,-0.0006446265732993977
9.279907,-0.0009905240091922117
9.299907,-0.0009307337994045549
9.319906,-0.0006406405593170874
9.339906,-0.0006787291374033127
9.359906,-0.000993181351851855
9.379906,-0.0002756988343777157
9.399906,-0.00020926526794492507
9.419906,-0.00047499953367608784
9.439905,-0.0006698713285456071
9.459905,-0.001471503030167948
9.479905,-0.0017150927737548472
9.499905,-0.0014006405593063047
9.519905,-0.0014493585080236845
9.539904,-0.0011836242422925219
9.559904,-0.0008470275056997156
9.579904,-0.0005547198133954365
9.599904,-0.0005812932399685529
9.619904,-0.0009710368297075917
9.639903,-0.000747820046491507
9.659903,-0.0007101743588486441
9.679903,-0.0005556055942816313
9.699903,0.00018667878798846524
9.719903,-1.4836363524598178e-05
9.739902,0.00036383496514257377
9.759902,0.0002260960374079574
9.779902,-0.000261083449766901
9.799902,-0.0006800578087344596
9.819902,-0.0004608270395075753
9.839901,-0.00043646806514862046
9.859901,4.0082051392963493e-05
9.879901,-0.0003788923075745951
9.899901,-0.0004364680651539204
9.9199,-0.0005011300698159122
9.9399,-0.00027082703951610107
9.9599,-0.0006145100231915734
9.9799,-0.00019996456865445755
9.9999,-0.0003310601397460599
10.0199,8.171375301654676e-05
10.039899,-0.00042982470851408647
10.059899,-0.00037003449872112965
10.079899,-0.0005290321677138151
10.099899,-0.0009183328670057814
10.119899,-0.00044355431223287663
10.139898,-0.0007912233098917195
10.159898,-0.0007092885779523793
10.179898,-4.229557096694877e-05
10.199898,-6.864335535066942e-06
10.219898,-0.0001596615383334006
10.239897,-0.00045684102551148473
10.259897,-0.00035276177143795106
10.279897,-2.28083914934591e-05
10.299897,-0.00031334452202693905
10.319897,2.3252214563217047e-05
10.339896,-0.00014991794860275094
10.359896,0.000184464335776424
10.379896,0.000377121678432842
10.399896,0.00040497715630491307
10.419895,-0.0007236708623444627
10.439895,-0.0010318526805416202
10.459895,-0.0014487524474488347
10.479895,-0.0012365146852211521
10.499895,-0.001590943589648805
10.519895,-0.0011877967365048322
10.539894,-0.0004974703961649481
10.559894,-0.00016005780874881067
10.579894,-0.0004622722609772384
10.599894,-0.0007593585080644377
10.619894,-0.0007039972027331942
10.639893,-0.0007638107225562922
10.659893,-0.0009232512819949898
10.679893,-0.0004887524474928604
10.699893,-0.0009439972027155627
10.719893,-0.00011089696958488859
10.739892,8.257622390069069e-05
10.759892,0.000114744056057268
10.779892,-0.0008083328670344004
10.799892,-0.0011412932399952537
10.819891,-0.0006055123542251016
10.839891,-0.0010996615383663702
10.859891,-0.0006542069929144601
10.879891,-0.0005052559439573397
10.899891,-0.0011027850814645367
10.919891,-0.00027795990663307947
10.93989,-0.0005626918413780778
10.95989,0.0003740214453245358
10.97989,0.00012644568775161622
10.99989,-3.299487168125122e-05
11.019889,0.00021989557120830538
11.039889,-8.79132865924528e-05
11.059889,0.00034075804207197343
11.079889,-0.0003902209788958647
11.099889,-0.0011840205126814319
11.119889,-0.0007750694637166469
11.139888,-0.0011641137527570902
11.159888,-0.00116131654997755
11.179888,-0.002134043822738905
11.199888,-0.00220590862463533
11.219887,-0.0020488923076417845
11.239887,-0.0018381463869064168
11.259887,-0.0010552559440209482
11.279887,-0.0006676102563586147
11.299887,-4.103682975643613e-05
11.319886,0.000444510955840661
11.339886,0.0008741379954801155
11.359886,0.0008847673661118
11.379886,0.000945862937189332
11.399886,0.0013390097903278118
11.419885,0.0011845575758940153
11.439885,0.0006352568765788227
11.459885,-0.00015693426561407366
11.479885,-0.0005749995336886168
11.499885,-0.0011795449882341673
11.519885,-0.001727820046500868
11.539884,-0.0015891254078097734
11.559884,-0.0004909902096878725
11.579884,0.0008704083917191175
11.599884,0.0010481473194492053
11.619884,0.0007283104896238118
11.639883,0.0005066554779432956
11.659883,0.00014500046628975898
11.679883,-0.0004063048950117841
11.699883,-0.0006808969695969423
11.719882,-0.0009077034963894673
11.739882,-0.0007807804194370344
11.759882,0.00019530349664386958
11.779882,4.204009336673234e-05
11.799882,-0.0004549296036234389
11.819882,-0.0011804540791764732
11.839881,-0.0012178433565921938
11.859881,-0.0014467477855038247
11.879881,-0.0022250694638113935
11.899881,-0.0019828550115851833
11.91988,-0.0016440438227469452
11.93988,-0.0014513864800465366
11.95988,-0.000927004195654157
11.97988,-0.001024882983532279
11.99988,-0.0005886358972688215
12.01988,-0.00012182937048491792
12.039879,0.0002989165502560898
12.059879,0.0003387766901157642
12.079879,-4.653799519442191e-05
12.099879,3.951515296407164e-06
12.119879,0.0005420634033996266
12.139879,8.810069944036858e-05
12.159878,-3.369417235440606e-05
12.179878,-0.00022635151501029414
12.199878,-0.0005058153844692572
12.219877,-0.0003330881117461215
12.239877,7.937529274477397e-06
12.259877,-0.00028879906745865445
12.279877,-0.00010278508144578066
12.299877,0.00018686526820521496
12.319876,0.0014650470863680797
12.339876,0.001493392074713585
12.359876,0.001619615850933502
12.379876,0.0020027160840284668
12.399876,0.001836632167947285
12.419876,0.0020146741260018983
12.439875,0.001640431701742909
12.459875,0.0009738815851854706
12.479875,-0.00010012773882058749
12.499875,-0.0005478899765791336
12.519875,-7.355431225383117e-05
12.539875,-0.0004079365966292958
12.559874,-0.0006134377621241397
12.579874,-0.0006134377621130093
12.599874,-0.0005071440558041141
12.619874,-0.00015106013970071766
12.639873,-0.0001802909089499079
12.659873,-0.00024052400918092676
12.679873,-0.0004996149182706656
12.699873,3.8496969834674055e-05
12.719872,0.0007364923078183636
12.739872,0.0007807813521063606
12.759872,0.0007054899768163946
12.779872,0.00046632913765993806
12.799872,0.0004060960374320992
12.819872,0.000417168298505556
12.839871,0.0006749305362800482
12.859871,0.0006488000001465843
12.879871,0.00048803076935553943
12.899871,-0.0003756055943210902
12.91987,-0.0007609202796667869
12.93987,-0.0015891254078829148
12.95987,-0.0017795682983294113
12.97987,-0.002009871328620742
12.99987,-0.001558123076853915
13.01987,-0.0015798247085214256
13.039869,-0.000802551981207689
13.059869,0.0004375412589092313
13.079869,1.4137995493739637e-05
13.099869,-0.000916374825042083
13.119869,-0.0006794284381103879
13.139868,-0.0006152093238991787
13.159868,-0.0008388689975586258
13.179868,-0.0011227617714437916
13.199868,-0.0007374470861288355
13.219867,-0.0010474703961384552
13.239867,-0.0007285892772456897
13.259867,-3.9451748078364796e-05
13.279867,-0.0006400111886696954
13.299867,-0.0008995449882149866
13.319866,-0.00017984801853993606
13.339866,3.9382750680588136e-05
13.359866,-0.000644882983579011
13.379866,-0.0002750694637658345
13.399866,-5.0966899660905154e-05
13.419866,0.00015099114232414098
13.439865,5.1340792670979886e-05
13.459865,-8.196923062948349e-05
13.479865,-0.0003968643355505392
13.499865,-0.0003795916082827305
13.519864,4.60261073220121e-05
13.539864,-0.00013334452204678785
13.559864,-0.00038357762227140104
13.579864,0.00021653892784953674
13.599864,6.817062950019618e-05
13.619864,0.00025197016332063904
13.639863,0.00016516363650060368
13.659863,0.00030954592090208456
13.679863,-0.00017940512806477335
13.699863,-0.0003078433565158123
13.719862,9.562983693883661e-05
13.739862,0.00017313566443660398
13.759862,0.00045880000009521885
13.779862,0.0007772382285340221
13.799862,0.000777238228538792
13.819861,0.0009366787879875598
13.839861,0.0012555599068803255
13.859861,0.0015505249418797588
13.879861,0.000290058741389374
13.899861,-2.882237750445149e-05
13.91986,-0.0003742769229660932
13.93986,-0.0007020158507070241
13.95986,-0.0006931580418498486
13.97986,-0.0007064447551316367
13.99986,-0.0008167244754048223
14.01986,-0.0006887291373971454
14.039859,-0.00025469650335526936
14.059859,4.204009339747259e-05
14.079859,-0.00012670116536031312
14.099859,8.380419718899594e-06
14.119859,0.0003870517483855416
14.139858,0.0006062825176140158
14.159858,0.0009096624709912216
14.179858,0.0008941613054915621
14.199858,0.0008503151516649477
14.219857,0.0005668652681992937
14.239857,0.0005274480187639014
14.259857,0.0004968885782100647
14.279857,-0.0001940205127195789
14.299857,-0.0006989156176278684
14.319857,-0.0006307104894311688
14.339856,-0.0006993585080807709
14.359856,-0.0006262815849970159
14.379856,-0.0005266312353300746
14.399856,-0.0005315030301720791
14.419856,-0.0006293818180576211
14.439855,-0.0002905706292352835
14.459855,0.000241340792708035
14.479855,-0.0004659552446159429
14.499855,-0.0004260951047737587
14.519854,-0.0005483328670193157
14.539854,-0.0003375170162179048
14.559854,-0.0002887990675042351
14.579854,-0.0004305240092248719
14.599854,-0.0001293585080538774
14.619853,0.00023602610733892675
14.639853,0.0003910377623646719
14.659853,0.0005549072262544826
14.679853,0.000574837296186705
14.699853,0.0006062825176092457
14.719852,0.00046234312365695733
14.739852,0.00019926620056953795
14.759852,0.00016826386956120902
14.779852,2.6538927836862133e-05
14.799852,6.197016327192403e-05
14.819851,-0.00024362424230937315
14.839851,-0.00041590862458172644
14.859851,-0.0006820857807371711
14.879851,-0.0001683328669711762
14.899851,-0.00023520932386587935
14.91985,-0.0001089855476449021
14.93985,-0.00048322797188375135
14.95985,-0.00043672447538106284
14.97985,-0.00037250536116243354
14.99985,-0.0005341603728147626
15.01985,-0.0008375403261898483
15.039849,-0.0005208736595250244
15.059849,-5.5395804033046896e-05
15.079849,2.9196270534666524e-05
15.099849,-3.502284370039314e-05
15.119848,0.0005526927740117009
15.139848,-0.00026886899756671257
15.159848,-0.0008069808856895427
15.179848,-0.0013362349649456567
15.199847,-0.0018566312353350556
15.219847,-0.00226896223764953
15.239847,-0.0019190787877537353
15.259847,-0.0008472839159454085
15.279847,-0.0005022722609456792
15.299847,0.0002484270397589008
15.319846,0.000938893240237762
15.339846,0.0004906881120204831
15.359846,-4.078041944290253e-05
15.379846,-0.00028879906745865445
15.399846,-0.0002976568763152999
15.419846,-0.00038623496489023407
15.439845,3.951515290046828e-06
15.459845,0.000980524941852865
15.479845,0.0011200354313630504
15.499845,0.0011001053614350682
15.519845,0.0010358862472190891
15.539844,0.0008082405595741516
15.559844,0.00020590955725018257
15.579844,6.6088579518105495e-06
15.599844,0.00038572307707877515
15.619843,-4.463403122706184e-06
15.639843,-3.8123076799159115e-05
15.659843,0.0006310843824014928
15.679843,6.861351990539784e-05
15.699843,0.00014124755251929003
15.719842,0.00017889324015155273
15.739842,0.0004158396270933178
15.759842,0.000608496969757686
15.779842,0.0006417137529944868
15.799842,0.000962809324117844
15.819841,9.208671340465863e-05
15.839841,-0.00027949836815811666
15.859841,-0.0002546965033356592
15.879841,-0.0005563048949558463
15.899841,-0.0005983794870275618
15.91984,-0.0002724121210659103
15.93984,0.0005292195805564307
15.95984,0.0009012475525800586
15.97984,0.0011182638695938414
15.99984,0.0011359794873092523
16.01984,0.0009101053614377639
16.039839,0.000799382750716446
16.059839,0.0008038116551452989
16.079839,0.0009836251749738914
16.099839,0.00025064149197730196
16.119838,0.00012884662016715714
16.139838,0.00010005874136768939
16.159838,-0.00035390396259686884
16.179838,-0.0003118293705251532
16.199837,-0.00019269184138472206
16.219837,5.5326806635799895e-05
16.239837,0.0003919235432386761
16.259837,0.000817098368423907
16.279837,0.0011032055945656347
16.299837,0.0007550937064189089
16.319836,0.0008020400933654896
16.339836,0.000658100699395181
16.359836,4.837296116880522e-06
16.379836,-0.000351689510418218
16.399836,-0.0005266312353602851
16.419836,-0.0008384261071486542
16.439835,-0.0010953025640078012
16.459835,-0.0009225752912586951
16.479835,-4.565221431246738e-05
16.499835,1.1480652819255514e-05
16.519834,0.0007400354313869921
16.539834,0.0012777044290325393
16.559834,0.0014327160840423843
16.579834,0.001029685781016787
16.599834,0.0009898256411571128
16.619833,7.304242438460124e-05
16.639833,-0.00012182937048491811
16.659833,-0.00011297156162721262
16.679833,2.8753380096074258e-05
16.699833,-0.0005735776222278947
16.719832,-0.00027684102549476277
16.739832,-0.0002768410254947628
16.759832,-0.0004300811187311587
16.779832,-0.0005695916082424043
16.799832,-0.000536374825027864
16.819831,-0.00037471981337606504
16.839831,0.00043355524488876
16.859831,0.0009672382285652471
16.879831,0.0008232988346277987
16.899831,0.0010381006994279504
16.91983,0.0008897324010627094
16.939831,0.0009123198136688856
16.95983,0.0009866787880229747
16.97983,0.00034609603741027177
16.99983,0.0001229025642078981
17.01983,-0.00017945174816215643
17.039829,-0.00046499953373631595
17.059829,-0.001237820046591589
17.079829,-0.0018411999999904808
17.099829,-0.00207185268064383
17.119828,-0.0021051627039322942
17.139828,-0.0012116895104300343
17.159828,-0.0005526918414208156
17.179828,-0.0002472139859298041
17.199828,0.0007797090910272666
17.219827,0.0008257463870861321
17.239827,0.000941503962846133
17.259827,0.0005128326341679267
17.279827,0.0006550004663335157
17.299827,-0.00010012773878401686
17.319826,0.00010581631716001934
17.339826,0.0005681473194987785
17.359826,0.00014413799547557637
17.379826,0.00021639906772115977
17.399826,0.00054134079264863
17.419825,0.00018180699311466008
17.439825,-4.8612587306707026e-05
17.459825,0.0003279608392625596
17.479825,0.0007259794872965747
17.499825,0.0002139748252887278
17.519824,2.7517948835671777e-05
17.539824,0.00010327552459861135
17.559824,-0.0009657221444089748
17.579824,-0.0004286592073393378
17.599824,-0.0006333212120146295
17.619823,-0.0006391487178332524
17.639823,-0.0006429016315915311
17.659823,-0.0005198480185464933
17.679823,-0.0007373305360549802
17.699823,-0.0015410601398197473
17.719822,-0.0018401277388954865
17.739822,-0.0019298946386599406
17.759822,-0.001862179020924485
17.779822,-0.0010585659672828639
17.799822,-0.0011603142190127302
17.819822,-0.00035460326326578324
17.839821,-0.00016837948700654818
17.859821,-0.000685628904264989
17.879821,-0.00047348438215681166
17.899821,-0.0007812932399740005
17.919821,-0.000504486713177861
17.93982,-9.038414908251754e-05
17.95982,0.0007356065269008984
17.97982,0.0007333920746936272
17.99982,0.0009393361306472036
18.019819,0.0011497090910344027
18.039819,0.0013042778556247355
18.059819,0.0011266787880081844
18.079819,0.0012307580420843683
18.099818,0.0010381006994279502
18.119818,0.001385769697092093
18.139818,0.0014809911423121615
18.159818,0.0013680540793766824
18.179818,0.0008033687646987564
18.199818,0.0005487067600410504
18.219817,0.0004446275059648667
18.239817,0.0008100121213476007
18.259817,0.0008241846155351935
18.279817,0.0004277976691314105
18.299817,0.0008020400933527697
18.319816,0.0005518069931106661
18.339816,-0.00011917202786767501
18.359816,-0.0008078666665566568
18.379816,-0.0011112466199306825
18.399816,-0.001388053146726822
18.419815,-0.001190966899630951
18.439815,-0.0011524820511319657
18.459815,-0.0009556055942167346
18.479815,-0.000883997202628544
18.499815,-0.0004825752912305984
18.519814,-0.0006882629369474923
18.539814,-0.0008232046619269485
18.559814,-0.0010466079253698532
18.579814,-0.0009552093240127979
18.599813,-0.0013866778555272556
18.619813,-0.0008074237762834273
18.639813,-0.0011135776224216922
18.659813,-0.0012170741259033466
18.679813,-0.0014367944056057854
18.699813,-0.001136677855468903
18.719812,-0.0004313398600895436
18.739812,-0.000613531002262195
18.759812,-0.00037705081576637305
18.779812,5.859020989414413e-05
18.799812,3.667878796278183e-05
18.819811,0.0007644410257325584
18.839811,0.00013590955720908196
18.859811,0.000406305827598959
18.879811,0.0006279375292291942
18.899811,0.0003538349651286008
18.91981,-5.955244658481713e-06
18.93981,-0.0010932279719596473
18.95981,-0.0016900811188482116
18.97981,-0.001367004195778715
18.99981,-0.0019031114219337448
19.019809,-0.0020658386946614577
19.039809,-0.0015096615384654392
19.059809,0.0001405482517904845
19.079809,0.0004178209790744377
19.099809,0.00026679533809407385
19.119808,0.00021318228449977825
19.139808,-5.348438217203159e-05
19.159808,-0.0005172606059793938
19.179808,-0.0005812233099761806
19.199808,-0.0011290088577864071
19.219808,-0.0013227151515007882
19.239807,-0.001351503030314036
19.259807,-0.0004934610722558481
19.279807,-0.0008761883450026444
19.299807,-0.0004300578088303395
19.319806,-0.00034378741254031096
19.339806,-0.0006695916083572246
19.359806,-0.0005955822843582634
19.379806,-0.00041175944052092913
19.399806,-0.0005614097901480243
19.419805,3.0431701701787368e-05
19.439805,0.0002716904429476693
19.459805,0.0009705482518049023
19.479805,0.0005254433566561788
19.499804,0.0008549305361610878
19.519804,0.0001604317016380435
19.539804,-0.000745302564113943
19.559804,-0.00029889230767852386
19.579804,-0.0006222023309646315
19.599804,-0.0009681230768573764
19.619803,-0.00015334452205353346
19.639803,-0.0006766778553948401
19.659803,-0.000720034498767631
19.679803,-0.000557470396207446
19.699803,-0.0002248596735837
19.719802,-0.0008143701631311851
19.739802,-0.0006709202796650511
19.759802,5.6585547848962784e-05
19.779802,-0.0006439738927358164
19.799802,-0.0006945566433005698
19.819801,-0.0006190321677680216
19.839801,-0.0014664680652246667
19.859801,-0.0009958153845709293
19.879801,-0.00041341445215109193
19.899801,0.00011469743598320513
19.919801,0.0005158862471682494
19.9398,0.000551434032713737
19.9598,0.0005681240094055662
19.9798,-0.00022858927734204813
19.999799,-0.00020399720273362116
20.019799,-0.0008471440558832828
20.039799,-0.0014489156176767841
20.059799,-0.0007939972027434104
20.079799,-0.0004436475524027326
20.099798,-4.938181811268614e-05
20.119798,0.0006829025641858381
20.139798,0.0007173780886517016
20.159798,0.0006037184149896059
20.179798,0.0007436951049547446
20.199797,0.0008915972028634423
20.219797,-3.322797200545465e-05
20.239797,-2.679440556534109e-05
20.259797,0.00011751794875260624
20.279797,-0.00031966153845202846
20.299797,-0.0006155822843718991
20.319796,-0.0006396848484872814
20.339796,-0.0010731580419700694
20.359796,-0.0010005240093243768
20.379796,-0.0005294051281966056
20.399796,-0.00019665454542487252
20.419795,-8.5582284349487e-05
20.439795,0.00020684195810337854
20.459795,0.0001624363636959454
20.479795,-5.935850811400814e-05
20.499794,-0.00061798321678426
20.519794,-0.0009952559440770323
20.539794,-0.001350617249450102
20.559794,-0.000875885314688189
20.579794,-0.0010299645687780572
20.599794,-0.0006936009323796023
20.619793,-0.000257703496448482
20.639793,-8.286247014339411e-06
20.659793,-0.00012157296031395647
20.679793,-0.00018427692303556992
20.699793,-0.00028311142188660015
20.719792,0.00010010536137073102
20.739792,-0.0001152792540329602
20.759792,0.0003267720280523696
20.779792,-4.900885773006711e-05
20.799792,-0.00040565221438089156
20.819791,-0.00031194592064670893
20.839791,-0.000567423776134106
20.859791,-0.0009799179486643396
20.879791,-0.0011398480186194022
20.899791,-0.0013878666666664245
20.919791,-0.0009290321678164012
20.93979,-0.001254556643368081
20.95979,-0.0008404540792287467
20.97979,-0.0012107104894911159
20.999789,-0.0011580065267702251
21.019789,-0.0007899645686933973
21.039789,-0.0006925286712517472
21.059789,-0.0009848363635862369
21.079789,-0.0006708270395810567
21.099788,-0.00036966153844133245
21.119788,-0.0002124354312109661
21.139788,-0.0007173305361277358
21.159788,-0.0006283095571036091
21.179788,-0.001487517016342906
21.199788,-0.001252785081577142
21.219787,-0.0014077967366012969
21.239787,-0.0014746731934753299
21.259787,-0.001286444755223914
21.279787,-0.0006154657342211926
21.299787,2.0082051357067188e-05
21.319786,-6.672447544759798e-05
21.339786,0.00021229650358973326
21.359786,0.00023842703971683712
21.379786,-0.00020446340319758458
21.399786,-0.000501642890395809
21.419785,-0.0008515263402995536
21.439785,-0.0008001510489294201
21.459785,-0.0011921090908942806
21.479785,-0.0017435076923094986
21.499785,-0.0012585426573037508
21.519784,-0.001220896969672018
21.539784,-0.00039047738920621844
21.559784,-0.0005255589742902012
21.579784,-0.00018674778548482377
21.599783,-0.0001052559439750656
21.619783,0.00016977902106617507
21.639783,0.0004111543124468629
21.659783,0.00012327552455023642
21.679783,-0.0004502675990076553
21.699783,0.0001153034965766055
21.719782,-0.0005840205127589011
21.739782,-0.0011509202796663586
21.759782,-0.002267004195770103
21.779782,-0.002293577622332619
21.799782,-0.0014184261071391701
21.819781,-0.0007430181817494666
21.839781,0.0004505715618780154
21.859781,0.0012411310024316696
21.879781,0.0013447673660459407
21.899781,0.0015750703963240214
21.91978,0.0007105482517808073
21.93978,-0.0001933911421818989
21.95978,-0.0005587757575582727
21.97978,-0.00022616503490961615
21.999779,4.137995414575343e-06
22.019779,0.00022071142201043642
22.039779,0.0002760727273909707
22.059779,0.00032966247099487574
22.079779,8.607272739472624e-05
22.099778,-0.00023900885773108155
22.119778,-0.0009719925407536412
22.139778,-0.001107074125837094
22.159778,-0.0012775869463693887
22.179778,-0.0013550927738655663
22.199778,-0.0011735076922698847
22.219777,-0.0009604773892082016
22.239777,-0.0010180531467869967
22.259777,-0.0007434610721769283
22.279777,-0.0008705706293132506
22.299777,-0.0006181230768776564
22.319777,-0.0007133445221263451
22.339776,-0.0009126452214432673
22.359776,-0.0015105473193691244
22.379776,-0.0014706871794903694
22.399776,-0.000708915617677882
22.419775,-0.0004303375290468127
22.439775,-1.4020512704446936e-05
22.459775,-0.00031297156166499034
22.479775,-0.0003816195803092924
22.499775,-0.0003391020977973944
22.519774,-0.0003966778553984501
22.539774,-0.0008665846153298805
22.559774,-0.0008200811188245419
22.579774,-0.00041660792532113226
22.599773,-6.672447541102738e-05
22.619773,-4.71981339913931e-06
22.639773,0.00012814731945160168
22.659773,0.00011884662013198367
22.679773,0.000652529603841331
22.699773,0.00045721491848763876
22.719772,0.0006653734266516665
22.739772,0.0007344643357398608
22.759772,0.0004975179487768952
22.779772,0.0005573081585921124
22.799772,-4.768018642383083e-05
22.819771,-0.0007474470862217801
22.839771,-0.0007961650349380998
22.859771,-0.00014954498828426296
22.879771,-0.00021863589735284704
22.89977,-0.00038914871786818153
22.91977,1.6538927865289888e-05
22.93977,2.539673672458532e-05
22.95977,-0.00038693426564607005
22.97977,-0.0002314797201817326
22.999769,-0.0003218293705666864
23.019769,-0.0007846498834165106
23.039769,-0.0005981930069533842
23.059769,-0.0008665846153441904
23.079769,-0.0013382629370220396
23.099768,-0.0013356055943533856
23.119768,-0.001185022843752253
23.139768,-0.0013887524475144587
23.159768,-0.0014286125874022233
23.179768,-0.0007864214451777694
23.199768,-0.0004236941724504392
23.219768,-0.0008762815850659687
23.239767,-0.00019982470858279167
23.259767,-0.0002991020978602239
23.279767,-0.00016078041953955836
23.299767,-1.2062470812829689e-05
23.319766,-8.059393935412596e-05
23.339766,-0.00035043076922148565
23.359766,-0.00045441678321049485
23.379766,-0.0008540438228371806
23.399765,-0.0009549529137586252
23.419765,-0.0007146265734263598
23.439765,-0.0003267011654701719
23.459765,-0.0007102442890254592
23.479765,-0.0006486825174754836
23.499765,-0.0001747897435522029
23.519764,-5.078041952365663e-05
23.539764,0.0003407347320079114
23.559764,0.0007233920746944944
23.579764,0.0006653734266781669
23.599763,0.001383741725044861
23.619763,0.0009700820513785695
23.639763,0.00016667878797164916
23.659763,-0.0006123655011049365
23.679763,-0.0012098247085821309
23.699763,-0.0018272139859899573
23.719762,-0.0024720624708650446
23.739762,-0.0021111067598968535
23.759762,-0.001621269930041151
23.779762,-0.001413111421908394
23.799762,-0.0006176801864804046
23.819761,-0.0010543701631670842
23.839761,-0.0007886358974083609
23.859761,-0.0005384027971784476
23.879761,-0.001105745454518667
23.899761,-0.0014773305361185432
23.91976,-0.0021992419580665864
23.93976,-0.0019109202797377273
23.95976,-0.001629684848500545
23.97976,-0.001049055477849387
23.999759,-0.0003802909090534067
24.019759,0.0001489631702424582
24.039759,0.00013567645696438028
24.059759,0.00020653892783503372
24.079759,3.3368764695036035e-05
24.099758,-4.147972016163787e-05
24.11976,-0.0009631347318583053
24.139758,-0.0010716428903808318
24.159758,-0.0009011300698469471
24.179758,-0.0008103375290557315
24.199757,-0.0008395682983049217
24.219757,-0.00043560559432436754
24.239757,-0.00023082703954077
24.259757,6.716829847071545e-05
24.279757,0.00020061818194036662
24.299757,-0.0002640671327642511
24.319756,-0.001367190675940874
24.339756,-0.0017769808857485312
24.359756,-0.00182826293702566
24.379756,-0.0019240671328460879
24.399755,-0.0010519459206949015
24.419755,-0.0009944867132095716
24.439755,-0.00024588531456420644
24.459755,-0.00010821631688132338
24.479755,-0.00043802983671810896
24.499754,-0.0008690554777526339
24.519754,-0.000995162703899226
24.539754,-0.0011117128204873976
24.559754,-0.00042630489509220106
24.579754,-0.00042828624707014044
24.599753,-0.00021106013983649688
24.619753,-0.0011909902097893546
24.639753,-0.001100570629343127
24.659753,-0.0014616428904296941
24.679753,-0.001204673193457402
24.699753,-0.0014018993006471993
24.719752,-0.0013982862470294875
24.739752,-0.001496328205082558
24.759752,-0.0012780298367936704
24.779752,-0.00176343776220356
24.799752,-0.0015729948717485831
24.819751,-0.0013094750582390018
24.839751,-0.001247470396234534
24.859751,-0.000999894638651544
24.879751,-0.00035548904422087876
24.89975,-0.0006947431234712087
24.91975,-0.0011300578088130997
24.93975,-0.0011050927738761147
24.95975,-0.0010905006993028614
24.97975,-0.00047768018645438434
24.999749,0.0001727627040179446
25.019749,0.0004502685315227495
25.039749,0.00011124755249221103
25.059749,-3.0710489470477586e-05
25.079749,-0.00031043076920375396
25.099749,-0.0006127617715436674
25.119748,-0.0008225519813262667
25.139748,-0.00019982470859074183
25.159748,-0.0004688223775601082
25.179748,-0.0005361883449022753
25.199748,-0.0007992652679870447
25.219747,-0.0014936708624202644
25.239747,-0.001488193006958889
25.259747,-0.0014315729603795024
25.279747,-0.00149078041959542
25.299747,-0.0014970741259050365
25.319746,-0.0010642069930135289
25.339746,-0.0005406638694629618
25.359746,-0.0003811999999554324
25.379746,-0.0005782862470354029
25.399746,-0.0005455356642588557
25.419745,-0.0005508969696166951
25.439745,-0.0003043701630694078
25.459745,-0.0004176568763695548
25.479745,-0.0011738107225647298
25.499745,-0.0016440904428877893
25.519744,-0.001645139393939392
25.539744,-0.0012939738927637229
25.559744,-0.0006451393938925449
25.579744,-0.0006481930069220181
25.599744,0.0002541379954575576
25.619743,0.0011101752915341652
25.639743,0.001021737063099268
25.659743,0.0007975878789420062
25.679743,0.0008984037297418257
25.699743,0.0007595925408994948
25.719742,0.0006247440560310634
25.739742,0.00033357855486079165
25.759742,0.0007418303031232715
25.779742,0.0003561659674521277
25.799742,0.000587541258843753
25.819741,0.0005722498835639542
25.839741,1.970909099935868e-05
25.859741,-0.0005749296036670942
25.879741,-0.0004194284381620843
25.89974,-0.0007964680652355947
25.91974,-0.0011427384615380581
25.93974,-0.0010552093239956464
25.95974,-0.0004874703962469066
25.97974,-0.0009219459207491052
25.99974,-0.0007071440559277534
26.019739,-0.0002620391607986402
26.039739,-0.0003727617715093578
26.059739,-0.0007957221444920874
26.079739,-0.0005853491840794477
26.099739,-0.0006628550115830452
26.119738,-0.0010282396270028798
26.139738,-0.000760290909027345
26.159738,-0.0009396615384258254
26.179738,-0.0010481696969605425
26.199738,-0.0005676335663937175
26.219737,-1.6234964963129104e-05
26.239737,-0.00015574545447437469
26.259737,-0.0005082862470494232
26.279737,-0.00026026759900399073
26.299736,-0.0005082862470494232
26.319736,-0.000734160372947942
26.339736,-0.000403764102519807
26.359736,-0.0004741836829460383
26.379735,-0.00023502284376997147
26.399735,-0.00043875244749136605
26.419735,-0.0006823421910846254
26.439735,-0.000531759440489323
26.459735,-0.0009082163169550537
26.479735,-0.0010056522143823932
26.499735,-0.0015016895104668978
26.519734,-0.0013156755244391836
26.539734,-0.0009657920745370291
26.559734,-0.0008510834498381709
26.579734,-0.0006252093239905329
26.599733,-0.0015442069930339168
26.619733,-0.0015419925408202853
26.639733,-0.0006628550116381662
26.659733,-0.00045868251745061884
26.679733,-0.0003196149183965159
26.699733,-0.0001375869463627721
26.719732,5.5513286771988624e-05
26.739732,-0.00038516270389382114
26.759732,-0.0008568410255790902
26.779732,-0.0015189622377415964
26.799731,-0.002615558974363371
26.819731,-0.0021372372960181277
26.839731,-0.001120360839119412
26.859731,-0.0010118526806292157
26.879731,-0.0005716195803876879
26.89973,-0.000270011188769091
26.91973,7.544335670633097e-05
26.93973,-0.0003497314684555794
26.95973,-0.0009188456875941584
26.97973,-0.001232855011612589
26.99973,-0.0015030181817800245
27.019729,-0.0010583561770990439
27.039729,-0.0007682629370078661
27.059729,-0.0006823421910671352
27.079729,-0.00039003449874748595
27.099729,0.00010866013995108171
27.119728,0.0005945109558218238
27.139728,-0.00023192261062933488
27.159728,-0.00034485967357700427
27.179728,-0.001274929603649854
27.199727,-0.0018732745920206633
27.219727,-0.001972924941665874
27.239727,-0.00170896223768749
27.259727,-0.0008143235430004112
27.279727,-0.000712458741150049
27.299726,8.031515165857726e-05
27.319726,4.0012121332750077e-05
27.339726,-0.00022882237752367893
27.359726,0.00025437109568688933
27.379726,-0.000521130069830078
27.399725,-0.0006207804195145097
27.419725,-0.0004945566432877022
27.439725,-0.00034175944049095856
27.459725,-0.00011809976683045158
27.479725,-0.0007447897435695564
27.499724,-0.0006229948717631215
27.519724,-0.0009928083916192288
27.539724,-0.0010924587412649697
27.559724,-0.0005632046619823551
27.579724,-9.196923071076778e-05
27.599724,-2.9964568712659973e-05
27.619723,0.00036863682992383483
27.639723,0.0005413641026671109
27.659723,0.000762809324138897
27.679723,0.0004705016318075875
27.699723,0.0005856531469847885
27.719722,0.00018705174835889388
27.739722,-0.00014688764559652896
27.759722,-4.719813450550117e-06
27.779722,-0.0003900344987745163
27.799721,-0.0010587990675863968
27.819721,-0.0017674237762510616
27.839721,-0.0017541370629766935
27.859721,-0.00124658461538915
27.879721,-0.0012337407925533744
27.89972,-0.0007022722610486482
27.91972,-7.956829830457407e-05
27.93972,0.0003389631702514228
27.95972,0.0005533221446193422
27.97972,0.00017199347328722658
27.999719,-0.00041040745915752103
28.019719,-0.000675698834477122
28.039719,-0.0009502909090909004
28.059719,-0.000906001864777463
28.079719,-0.001010081118869017
28.099718,-0.0013373771561697655
28.119718,-0.0009339039626552257
28.139718,-0.0009804074591414837
28.159718,-0.0013763515150812342
28.179718,-0.0019056055943622587
28.199718,-0.0020096848484490427
28.219717,-0.001848029836799364
28.239717,-0.0018639738927365558
28.259717,-0.0011526918414350375
28.279717,-0.0011371906759581683
28.299716,-0.0012992885780681702
28.319716,-0.0003913631701014229
28.339716,-0.0007904074591457695
28.359716,-0.0005955356642598201
28.379716,-0.0008284960372213945
28.399715,-0.0009418759906023561
28.419715,-0.0010592419579910682
28.439715,-0.0005432745919897118
28.459715,-0.0004746265733676702
28.479715,-0.0006190088577527207
28.499714,-0.0005658620046154983
28.519714,-0.00024698088572061274
28.539714,-0.0001336009323290511
28.559714,0.00030087459217314767
28.579714,-0.00035061724933541387
28.599714,-0.0008001510488933797
28.619713,-0.00098350769224237
28.639713,-0.00043432354301799284
28.659713,-0.00012607179477705207
28.679713,-0.00022572214443286316
28.699712,-0.0006088223775585684
28.719712,-6.36242423408819e-05
28.739712,0.00043684195814544497
28.759712,0.00013080466209481508
28.779712,-0.0006114797202420624
28.799711,-0.00047418368294709827
28.819711,-0.0007133445221221052
28.839711,0.00017066480190784889
28.859711,0.0004589864802181573
28.879711,1.5653146868323514e-05
28.899711,-0.00030544242424072367
28.91971,-3.306480184799639e-05
28.93971,0.00020609603733761056
28.95971,-0.00019029090903702206
28.97971,-0.0007788923076485607
28.99971,-0.0009649062936667349
29.019709,-0.0010667710955308773
29.039709,-0.0007213165500559853
29.059709,-0.0011203608391035116
29.079709,-0.0016899179486955234
29.099709,-0.002194813053621303
29.119708,-0.0016305706293703091
29.139708,-0.0010260251747903084
29.159708,-0.0007053724940928232
29.179708,-0.00034220233090676044
29.199708,-0.00031164289036829406
29.219707,0.0003593361306455576
29.239707,0.00033054825185563
29.259707,3.602610730856905e-05
29.279706,-0.0008431114218921006
29.299706,-0.001301503030305652
29.319706,-0.0010955589743642657
29.339706,-0.00110618834497157
29.359706,-0.0007075869463244749
29.379705,-0.00028684102553576635
29.399705,-7.159627027953237e-05
29.419705,0.0004647440560873388
29.439705,0.000274301165637662
29.459705,-2.4206992905489495e-05
29.479705,-0.0008696848484371265
29.499704,-0.001192994871782595
29.519704,-0.0017466079254225746
29.539704,-0.0019078200466569816
29.559704,-0.00236178275063691
29.579704,-0.0022621324009651986
29.599703,-0.0016770741258772376
29.619703,-0.0014605006992739564
29.639703,-0.0017040904428407154
29.659703,-0.0012120391607872818
29.679703,-0.0014516428904035308
29.699703,-0.0010911300698967224
29.719702,-0.0007855356642846847
29.739702,-0.0005950927738652184
29.759702,-0.0009232745920590519
29.779702,-0.0003231580419232738
29.799701,0.0004674013986780811
29.819701,0.00076148065280563
29.839701,0.0007260494173726884
29.859701,0.001066632167964235
29.879701,0.0004705016318187177
29.8997,0.000616655477958137
29.9197,0.00019413799542831003
29.9397,-0.000645139393897845
29.9597,-0.0014578433566487636
29.9797,-0.0014379132867250216
29.999699,-0.0014622722610823863
30.019699,-0.0014866312354461114
30.039699,-0.001176165034977759
30.059699,-0.0009414331002066945
30.079699,-0.0011761650349438383
30.099698,-0.0006686125873759054
30.119698,-0.0006637407924973301
30.139698,-0.0005198013985630622
30.159698,-0.0007146731934511317
30.179698,-0.0009361184148821071
30.199697,-0.0011239039626875105
30.219697,-0.0016885892773967068
30.239697,-0.001943251282070313
30.259697,-0.002331223310031663
30.279697,-0.002860920279748099
30.299696,-0.0021323655011724132
30.319696,-0.0010322256409995003
30.339696,0.000123275524520026
30.359696,0.0005838815851371385
30.379696,0.00017420792545209723
30.399695,2.3182284421382506e-05
30.419695,-0.00030499953374171036
30.439695,-0.0008431114218793805
30.459695,-0.0008453258740606812
30.479695,-0.0012328550115972186
30.499694,-0.001494160372911189
30.519694,-0.0004644400931851781
30.539694,0.00042355524482072624
30.559694,0.0006826461539035747
30.579694,6.880000001932584e-05
30.599693,0.00044791421914576067
30.619693,0.0007278209790671662
30.639693,0.0006618303030591876
30.659693,0.00012327552450624562
30.679693,-0.00039269184145695037
30.699692,-0.0013294051282019648
30.719692,-0.0009192885780682613
30.739692,-0.0009281463869143065
30.759692,-0.0008617128204629655
30.779691,-0.0011389622377300278
30.799691,-0.00022439347312821676
30.819691,1.91962704645126e-05
30.839691,-0.000563647552399747
30.859691,-0.0007253025640573759
30.879691,-0.0010038806526359745
30.89969,-0.0010238107225655469
30.91969,-0.0011278899766221202
30.93969,-0.0015907104894756542
30.95969,-0.0016505006992532409
30.97969,-0.0013515496503107177
30.999689,-0.00020357762229972966
31.019689,-0.00031208578081377635
31.039689,-0.00062476643349735
31.059689,0.0003655365968420293
31.079689,-0.00012872913743192563
31.099689,-1.3577622258434852e-05
31.119688,-0.0002704540791175819
31.139688,-0.000800151048849389
31.159688,-0.00094851934722735
31.179688,-0.0005282163169233444
31.199687,-5.60559430176413e-06
31.219687,5.152727283896889e-05
31.239687,0.00021318228448599785
31.259687,0.0007070051283324907
31.279687,0.0003278909092012862
31.299686,4.8869930153354874e-05
31.319686,-6.185268057591316e-05
31.339686,-0.0004073072260603453
31.359686,-0.0004290088577644266
31.379686,-0.00016283170155757104
31.399685,3.691188820854378e-05
31.419685,0.0002029958043141059
31.439685,-7.377156078923312e-06
31.459685,-0.00035061724933541387
31.479685,-0.00029259860133763673
31.499685,-0.0003563748251579544
31.519684,-0.000828053146869724
31.539684,-0.0010207104895335623
31.559684,-0.0009343468531494688
31.579684,-0.0009037874125368015
31.599683,-0.0003001277388461751
31.619683,8.961585092148413e-05
31.639683,0.0008425296038661958
31.659683,0.00083367179499206
31.679682,0.0020808512821927066
31.699682,0.002131340792670285
31.719682,0.0011963990676748697
31.739682,0.000591853613105469
31.759682,0.0001423198135814237
31.779682,-0.0006544400931740026
31.799681,-0.0006008503496114379
31.819681,-0.0005291020978503497
31.839681,-0.0004825986013450112
31.859681,-7.026759901728667e-05
31.879681,0.00045677202804215663
31.89968,-9.728391603800523e-05
31.91968,-0.00081963822841351
31.93968,-0.00027931188806432875
31.95968,0.0001591496504228302
31.97968,0.0001370051282679666
31.999679,0.00019236643359867999
32.019679,0.0002260261072549925
32.039679,-0.00018851934731551386
32.059679,6.3524475534755586e-06
32.079679,-0.0008444400932746582
32.099679,-0.0013338340326785182
32.119678,-0.0016372139860387637
32.139678,-0.0008639272727317175
32.159678,-0.000979078787876058
32.179677,-0.0010853724941690531
32.199677,-0.0011828083916107029
32.219677,-0.001311689510498744
32.239677,-0.0016199412587773153
32.259677,-0.0017129482517970027
32.279677,-0.0014915030303358167
32.299676,-0.0011150461538515354
32.319676,-0.0005835776223441593
32.339676,-0.0003001277388875155
32.359676,-0.00030898554772720074
32.379676,-0.00013625827498127467
32.399676,1.4324475617737815e-05
32.419675,9.847365977600948e-05
32.439675,0.00023134079265749112
32.459675,0.0002534853148044048
32.479675,0.000567937529290578
32.499674,0.0005883104896428422
32.519674,0.0004665156178443575
32.539674,-0.0008847431234722232
32.559674,-0.0008936009323490091
32.579674,-0.0010840438228304863
32.599673,-0.0012124820512815252
32.619673,-0.0006012932400685804
32.639673,3.695104944712816e-06
32.659673,0.00019192354316697785
32.679673,0.0004067254079697796
32.699672,0.0004886601398953396
32.719672,0.0001095459207842752
32.739672,-0.00044849603723791647
32.759672,3.695104972803139e-06
32.779672,-0.00045912540788073104
32.799671,-0.00042147972020977744
32.819671,-0.0001579599066842959
32.839671,-0.00018674778548005374
32.859671,-0.00027355431229213905
32.879671,-0.00041085034960300343
32.89967,-0.0004152792540133058
32.91967,0.00024728484859468276
32.93967,0.0007632522146039897
32.95967,0.0008141846155323507
32.97967,0.0005595226108375443
32.999669,0.0004022965035933976
33.019669,-0.0003351160838956454
33.039669,-0.0007474470862599405
33.059669,-0.0006234377622494145
33.079669,-0.0008803142191175718
33.099668,-0.0010548130536030265
33.119668,-0.00075143310019773
33.139668,-0.0006717128204767912
33.159668,-0.0008395682983388422
33.179668,-0.001397610256389654
33.199667,-0.002061945920763672
33.219667,-0.0024738340326808947
33.239667,-0.0021150927739035444
33.259667,-0.0014636009323716623
33.279666,-0.0011735076922635246
33.299666,-0.0010694284381793904
33.319666,-0.0011075170162878763
33.339666,-0.0008939972027766093
33.359666,-0.0008778899766729494
33.379666,-0.0010192419580205077
33.399665,-0.0006488456876101514
33.419665,-0.000619708158456086
33.439665,-0.00012576876445888655
33.459665,7.120093252761865e-05
33.479665,-1.2855011535528322e-05
33.499664,-0.0003146032633095327
33.519664,-0.0009983095570800047
33.539664,-0.0009407337995356602
33.559664,-0.0005046032634043586
33.579664,-0.00026264522145564163
33.599663,0.00036439440562110054
33.619663,5.2273193488664956e-05
33.639663,0.0002403850816344249
33.659663,0.0002068186480880772
33.679662,0.0002261659674713507
33.699662,-6.159627029523988e-05
33.719662,-8.374079244215352e-05
33.739662,0.00047861351990800534
33.759662,0.0002599655012502101
33.779662,2.3368764641312355e-05
33.799661,-0.00023117668991868797
33.819661,-0.000663111421887569
33.839661,-0.0005788689976278126
33.859661,-0.0007078899766463503
33.879661,-0.0006068410255716187
33.89966,-0.0005193118880196668
33.91966,0.00011928951060873673
33.93966,0.00011043170172188069
33.95966,-0.0003107571094900497
33.97966,-5.609510480213324e-05
33.999659,-4.679440552597593e-05
34.019659,-0.00045066386941193537
34.039659,-0.0004194517481985857
34.059659,-0.0009149062936657706
34.079659,-0.0007888456875715108
34.099658,-0.0007868876455972123
34.119658,-0.0007095216782389518
34.139658,-0.0009600111887410581
34.159658,-0.0007768177155304458
34.179657,-0.00014423030289766454
34.199657,-5.145641014016962e-05
34.219657,-0.00017231888102821775
34.239657,-0.00013467319338482473
34.259657,-0.00027418368288547007
34.279657,0.00026299580432109315
34.299656,-5.737715608200762e-05
34.319656,-0.0005103841490890278
34.339656,-0.0005419692306738661
34.359656,-0.00043602517472115826
34.379656,-0.0004671440558197729
34.399655,-0.0006756289043156771
34.419655,-0.0004511766898619801
34.439655,-8.835617701991489e-05
34.459655,0.0001749305362603349
34.479655,-8.635897298445874e-06
34.499654,-0.0006814797201580812
34.519654,-0.0011557221443988588
34.539654,-0.0008055123541971583
34.559655,-0.0006038806525657191
34.579654,-0.0004595916082720831
34.599653,-0.0006472372959051189
34.619653,-0.00034481305345259063
34.639653,0.0001965622379137431
34.659653,-0.0004646265732991062
34.679652,-0.0010620857807460901
34.699652,-0.0014651160838003072
34.719652,-0.0013738806525678494
34.739652,-0.001022715151422391
34.759652,-0.0010591953379376759
34.779652,-0.0007022023309508042
34.799651,-0.0013305240092825101
34.819651,-0.0010584727272121195
34.839651,-0.0011523888111486728
34.859651,-0.0014968876456612564
34.87965,-0.001190454079219597
34.89965,-0.0009950694638401418
34.91965,-0.00034050069924122556
34.93965,0.0003142079254961379
34.95965,0.00033206340336059586
34.97965,0.0006731123544240563
34.999649,3.8287179566582626e-05
35.019649,-7.823962696017707e-05
35.039649,-0.000257610256331097
35.059649,-0.0003798480185973243
35.079648,-0.0005082862470494232
35.099648,-0.00027975477853525135
35.119648,-0.00105786666665741
35.139648,-0.0012325986013727263
35.159648,-0.0012355589743341052
35.179647,-0.0007282163169764926
35.199647,-0.0007981696969509509
35.219647,-0.00016273846150749699
35.239647,0.0007729258742124151
35.259647,0.0010708279721181753
35.279647,0.0011434153847035855
35.299646,0.001600268531557119
35.319646,0.00041530349656967097
35.339646,0.00040483729609332457
35.359646,0.0005536951049547902
35.379646,0.0008493128205983661
35.399645,0.0006343944056729486
35.419645,0.0007739048952022144
35.439645,0.0012678442891861635
35.459645,0.0011095692309052543
35.479645,0.0007445342658469077
35.499644,0.0007669351982368638
35.519644,0.0002293128205864085
35.539644,0.0002670983683618883
35.559644,0.0001839981352674096
35.579643,0.0001402918415787121
35.599643,0.00017840372970938888
35.619643,0.00041917296052741714
35.639643,0.0007145342659041
35.659643,0.0007592662006407595
35.679642,0.0002588000001279321
35.699642,1.5210256517182589e-05
35.719642,-0.0001477268064282712
35.739642,-1.6025174718888144e-05
35.759642,9.149650451737682e-06
35.779642,-2.791328662256611e-05
35.799641,7.651561779072503e-05
35.819641,-0.00031089696964810694
35.839641,-0.0006679832167534239
35.859641,-0.00094292494171385
35.879641,-0.0011760251748271218
35.89964,-0.0012078433566354615
35.91964,-0.0013053958041838272
35.93964,-0.000809241957995257
35.95964,-0.0005781230768689346
35.97964,-0.0007555356643015965
35.999639,-0.0004618293706170875
36.019639,-0.00023059393937980947
36.039639,-6.182937058976242e-05
36.059639,-0.00038956829835560364
36.079638,-0.000292598601365727
36.099638,-0.00021425361299169692
36.119638,-0.0003463048950381873
36.139638,-0.00025924195795973883
36.159638,-0.0008455123542594108
36.179637,-0.0008898013985664883
36.199637,-0.0005515496503387491
36.219637,5.1364102601479536e-05
36.239637,-0.00024502284380726496
36.259637,-0.0007240671328658747
36.279636,-0.0001473771561611248
36.299636,0.0005174247086821564
36.319636,0.000867308158590141
36.339636,0.0010174247087267802
36.359636,0.0009234853147982463
36.379636,0.0016842079255644312
36.399635,0.0012874713288304309
36.419635,0.0007399188812691462
36.439635,-0.00011788997657720054
36.459635,-0.0006083328670130529
36.479635,-0.0006008503495669173
36.499634,-0.001051223309951325
36.519634,-0.0006006405593799171
36.539634,-5.7283916019743605e-05
36.559634,0.000897727739025671
36.579633,0.0013874713288005592
36.599633,0.0010129025642271832
36.619633,0.00034402144529268675
36.639633,-3.2785081529761693e-05
36.659633,-0.00027695757569794037
36.679632,-0.0008083095570646803
36.699632,-0.0008946731934026627
36.719632,-0.0002884727271962089
36.739632,0.00017493053621528415
36.759632,0.00018192354320653576
36.779632,-0.00010805314676467611
36.799631,-0.0005966312353754155
36.819631,-0.0008705240092948389
36.839631,-0.0011315962703943177
36.859631,-0.0009768177156000242
36.879631,-0.0009243701631497368
36.89963,-0.0005287990675560346
36.91963,-0.0004079599067002478
36.93963,9.099114225673255e-05
36.95963,0.00027502377631180726
36.97963,0.0006623198136407436
36.999629,0.0003990331003302835
37.019629,0.000662786014095167
37.039629,0.00027595617722065384
37.059629,0.00033597948725513243
37.079628,-0.00023779673657078153
37.099629,-0.00036471981348770396
37.119628,-0.0005629715617334131
37.139628,-0.00038311142187262857
37.159628,-0.00047798321674445937
37.179627,-0.00047332121208362493
37.199627,-0.0008145799533775462
37.219627,-0.00037868251746232617
37.239627,-0.0009792885780906186
37.259627,-0.000754463403250063
37.279626,-0.0006718293706137175
37.299626,0.00010567645695267142
37.319626,0.0001386601399617304
37.339626,-1.0407459103165461e-05
37.359626,-0.0003415263402420167
37.379626,-0.0004092419579674019
37.399625,-0.0009457221445066406
37.419625,-0.0010129715617691224
37.439625,-0.00157649137531205
37.459625,-0.000875885314683949
37.479625,-0.0006278666666332165
37.499624,-0.0002248363635646888
37.519624,-0.0007474470861804391
37.539624,-0.0006411533798911541
37.559624,-0.0003532745919971776
37.579623,-0.0007811067598494721
37.599623,-0.00047772680650512683
37.619623,0.00022868344992470638
37.639623,0.001154767366021606
37.659623,0.001097191608458711
37.679622,0.0004992895105593547
37.699622,0.00016977902106299477
37.719622,-0.0005056289043542691
37.739622,-0.000999451748191752
37.759622,-0.0009086592073756258
37.779622,-0.001557493706243094
37.799621,-0.0006601976689578524
37.819621,0.0001325762238338137
37.839621,0.0010715039627739091
37.859621,0.00022956923082521105
37.879621,5.905641032842679e-05
37.89962,0.0006990331003323594
37.91962,0.0012349305362526883
37.93962,0.0007455365968398179
37.95962,0.0009824829838123235
37.97962,0.0003469351982250535
37.999619,0.0003225762238539083
38.019619,0.00039122424252312075
38.039619,0.00035357855489138806
38.059619,-0.0008869575756853248
38.079618,-0.0009179599067069041
38.099618,-5.432354305995462e-05
38.119618,0.00030884662010490773
38.139618,4.709836834174502e-05
38.159618,0.0004080540793332569
38.179617,-2.3764102509298208e-05
38.199617,0.0003664223777011932
38.219617,0.0006055832168899804
38.239617,0.000215839627117021
38.259617,3.425454551656947e-05
38.279616,-0.0001734610722215859
38.299616,-0.00033068717944294236
38.319616,-0.0005056289043828895
38.339616,-0.0005388456875836494
38.359616,-0.0007049296036669514
38.379616,-0.0010038806526327946
38.399615,-0.00035504615376002644
38.419615,-0.00041350769223349657
38.439615,-0.00039800652675397747
38.459615,0.00031283263411530863
38.479614,-0.00012341445213860875
38.499614,-0.00020712074584079807
38.519614,-0.000424137062863061
38.539614,-0.0005747198134498832
38.559614,-0.0010618993006750925
38.579613,-0.0009644634032270826
38.599613,-0.000800593939343632
38.619613,-0.000929032167804741
38.639613,-0.001065885314677543
38.659613,-0.0006606405594202948
38.679613,-0.0007071440559176834
38.699612,0.0003960960373343847
38.719612,0.0005108046620295329
38.739612,0.001053345454614076
38.759612,0.001102506293776408
38.779612,0.0011689398602367593
38.799611,0.0007907114219970493
38.819611,7.544335670368082e-05
38.839611,-0.0009365613053456099
38.859611,-0.0014551860140124403
38.879611,-0.001658915617737545
38.89961,-0.0010964447552589403
38.91961,-0.001446771095592797
38.93961,-0.0012585426573429714
38.95961,-0.0015442069930243767
38.979609,-0.0011482629370634257
38.999609,-0.0009843934732059456
39.019609,-0.0005906638694538561
39.039609,-0.000477726806527387
39.059609,-0.0003187291375304617
39.079608,9.360186485821392e-05
39.099608,0.0002641146853936887
39.119608,-0.0001101277388594708
39.139608,7.238228512281174e-06
39.159608,-0.0003492885780482578
39.179608,0.00014453426579611508
39.199607,-0.0001101277388997514
39.219607,-3.262191138555376e-05
39.239607,-0.00018541911419289758
39.259607,-6.628158502596627e-05
39.279606,0.00025747132876657473
39.299606,0.0006095692308982611
39.319606,0.00024418461551923735
39.339606,0.0002109678322967469
39.359606,-0.00032714405584145323
39.379606,-0.00017434685304311962
39.399605,-0.0002961417248654547
39.419605,-1.490629361290208e-05
39.439605,0.00032656223785741917
39.459605,0.0003619934732908911
39.479604,-5.8309557031134746e-05
39.499604,-4.719813420869622e-06
39.519604,-0.0006619692306851906
39.539604,-0.0013639505827041912
39.559604,-0.0019862116550027832
39.579603,-0.0018821324009393196
39.599603,-0.0014104540792317902
39.619603,-0.0007704773892214974
39.639603,-0.000320943589688442
39.659603,-0.0003457454544981793
39.679602,-0.0008373538461469412
39.699602,-0.0005158153845860519
39.719602,-0.0007133445221327052
39.739602,-0.0005251160838993098
39.759602,-0.0010477268065352003
39.779602,-0.0009325752913473992
39.799601,-0.0008572839160314628
39.819601,-0.0008218526805873908
39.839601,-0.0007270741257931947
39.859601,-0.0005654191141313253
39.8796,-0.0002620391607355693
39.8996,0.00019900979033603557
39.9196,4.7984149278820526e-05
39.9396,0.00029821724951350386
39.959599,-0.0002314797201955129
39.979599,0.00022469743601023702
39.999599,7.681118955113388e-06
40.019599,0.000357564568847198
40.039599,0.00023798414927294487
40.059599,0.00031194685323017413
40.079598,-0.00031695757568228134
40.099598,-0.0006872139859653206
40.119598,-0.0009157454545091728
40.139598,-0.0014693585081353724
40.159598,-0.0010840438228182964
40.179598,-3.391142125763356e-06
40.199597,0.0004926461539126305
40.219597,0.0009665389278094109
40.239597,0.0008558163170812031
40.259597,0.0006343710956290272
40.279596,0.0003327627040305703
40.299597,0.000361550582815198
40.319596,0.00047050163179804727
40.339596,-0.00015397389270516582
40.359596,0.0002313407926103204
40.379595,0.0004306414919351929
40.399595,0.0006786601399694952
40.419595,0.0002295692308633717
40.439595,-0.00016238881109512836
40.459594,-0.0007315030302299974
40.479594,-0.0005122722609840327
40.499594,-0.0011035310022833057
40.519594,-0.0009064447552017451
40.539594,-0.0008865146852965534
40.559594,-0.000366118414872174
40.579593,0.0001525062937755762
40.599593,0.0003421100233956309
40.619593,0.00020059487188054455
40.639593,0.0006121333334267394
40.659593,0.0002893827506467189
40.679592,0.0005225995338672366
40.699592,0.0007335319347854336
40.719592,0.0008722265734839481
40.739592,0.00042896317021287784
40.759592,0.0004871216783809026
40.779592,7.824055949700123e-05
40.799591,-0.0002019226106764574
40.819591,0.0002166321679096808
40.839591,0.0006840214453209746
40.859591,0.00028113100240149415
40.879591,0.0005464223776914147
40.89959,0.0008260261073084351
40.91959,0.0005387533800571496
40.93959,2.7797669087655213e-05
40.95959,-7.404382276542611e-05
40.979589,-0.0004028317015621998
40.999589,-0.0006526219113832014
41.019589,-0.0004722023309659787
41.039589,-0.0004859552447313406
41.059589,-0.0003647431235257954
41.079588,2.439440561772315e-05
41.099588,-3.6941724518788766e-06
41.119588,-0.00012082703957521897
41.139588,-0.0003437874125313008
41.159588,-0.0006631580419001508
41.179587,-0.0004853025640352571
41.199587,-0.0006184027971519004
41.219587,-0.0006302442890080162
41.239587,0.00014528018653167256
41.259587,0.00041311235436180085
41.279586,0.0006811776224339809
41.299586,0.00045472074596849307
41.319586,-0.0004256988344924406
41.339586,-0.001090640559428058
41.359586,-0.0012964913752621294
41.379586,-8.262191135312747e-05
41.399585,-0.0003677034964341733
41.419585,-0.000626910955642818
41.439585,-5.6048484759870973e-05
41.459584,-3.390396259228697e-05
41.479584,-4.2295570964298547e-05
41.499584,0.00017262284393514832
41.519584,-0.0001627850814925186
41.539584,-0.00011977808848015576
41.559584,0.0003719701632752528
41.579583,0.001179918881240002
41.599583,0.0009080307693604596
41.619583,0.0009217836831194613
41.639583,0.0004514806528001812
41.659583,0.0005805016318303793
41.679582,-3.430023302200761e-05
41.699582,0.00018772773898335696
41.719582,0.00028863682986823104
41.739582,-0.0002405006993007778
41.759582,-0.00037793659672676874
41.779581,-0.0008698946386765975
41.799581,-0.0008181696969333162
41.819581,-0.0007651627039212907
41.839581,-0.00046318135194286516
41.859581,0.0004465156177819606
41.87958,0.0010399888112832046
41.89958,0.0015199421912502
41.91958,0.0018477743590931458
41.93958,0.001142086713382509
41.95958,0.0007749538462569971
41.979579,0.000127657808964387
41.999579,-0.00030252867124475573
42.019579,-0.00045553566426242
42.039579,-0.00011145641016782729
42.059579,0.00018572307701926702
42.079578,-8.886899757649133e-05
42.099578,-0.00015707412579333123
42.119578,-0.0006056755243973998
42.139578,-0.0011365379952891154
42.159578,-0.0010626452213751394
42.179577,-0.0010943468530719932
42.199577,-0.0011770974358479153
42.219577,-0.0009945799533174165
42.239577,-0.0003474937062012066
42.259577,0.0008111076924154954
42.279576,0.0008372149185225282
42.299576,0.0009359328672350423
42.319576,0.0007042312355274407
42.339576,2.5093706374619237e-05
42.359576,3.3135664437083804e-05
42.379575,-0.00024427692300492654
42.399575,-0.0007563048950513948
42.419575,-0.0014405706293438543
42.439575,-0.001099102097867703
42.459575,-0.0009352326339980327
42.479574,-0.0011482629370141353
42.499574,-0.0012926452214039555
42.519574,-0.0012483561771207286
42.539574,-0.001634113752887527
42.559574,-0.0007992652679960548
42.579573,-0.00035858927731434475
42.599573,-0.0005959785547270327
42.619573,-0.0006229948717647115
42.639573,-4.502284375888693e-05
42.659573,-0.0004019925407442379
42.679572,-2.730722602227574e-05
42.699572,-0.00022882237755441945
42.719572,-0.0006074937062438519
42.739572,-0.0002863981351348049
42.759572,0.00018793752925038852
42.779571,0.000520105361422292
42.799571,0.00034737808865304554
42.819571,0.00041558321685451527
42.839571,0.000776538927838077
42.859571,0.0003092895105556901
42.87957,0.0006126694639525062
42.89957,0.0003221333333935858
42.91957,-0.00012341445217782954
42.93957,0.00027740139864579626
42.95957,0.00026455757581585074
42.979569,-0.000324929603700433
42.999569,-0.0008364680652485566
43.019569,-0.0009671207458930864
43.039569,-0.0016287990675724797
43.059569,-0.0017767244754970082
43.079569,-0.0011119459206976488
43.099568,-0.001359964568735131
43.119568,-0.0013998247086096458
43.139568,-0.0008324820512434555
43.159568,-0.0006752559440051393
43.179567,-0.0007222023309363499
43.199567,0.00011486060618783414
43.219567,6.171375304160148e-05
43.239567,-0.0003634610721372692
43.259567,-4.015104880611067e-05
43.279566,9.404475538637741e-05
43.299566,7.32289045504702e-05
43.319566,0.0002592428905606942
43.339566,0.0009705249418563821
43.359565,0.0010746041959240858
43.379565,0.001867820979149574
43.399565,0.001858963170282328
43.419565,0.0012477743590778637
43.439565,0.0007118769231697251
43.459565,-0.00019870582744447522
43.479564,-0.0004666545453961596
43.499564,-0.0007253025640732763
43.519564,-0.0011013165500914047
43.539564,-0.0007253025640605562
43.559564,-0.00021642144516677622
43.579563,0.0009311076923807093
43.599563,0.000651643822915916
43.619563,0.000520991142261846
43.639563,0.00036376503503783965
43.659563,-6.362424237215254e-05
43.679563,-0.00014245874121590705
43.699562,-0.0011721790209874984
43.719562,-0.0017722955711100264
43.739562,-0.001715162703957633
43.759562,-0.0011832512820100748
43.779561,-0.0005282163169535551
43.799561,-9.462657332324066e-05
43.819561,0.00024418461549644704
43.839561,0.0005564223777408984
43.859561,0.0005232055945136378
43.87956,0.0009373081586121615
43.89956,0.0003898955711559333
43.91956,0.00021273939398592452
43.93956,0.0002304550117214758
43.959559,-0.00019427692301615256
43.979559,0.0003704083916946338
43.999559,0.0005413641026543906
44.019559,0.0002667720280517422
44.039559,0.0003553501166261464
44.059559,0.0004040680653520063
44.079558,0.0005413641026331903
44.099558,0.00024905641029393066
44.119558,0.00036420792546848165
44.139558,0.00036863682991906477
44.159558,-0.00041527925403079613
44.179557,-0.00014511608386813055
44.199557,-0.0003045566433259086
44.219557,-0.000215978554727654
44.239557,0.0005236484849522301
44.259557,0.000634371095684148
44.279556,0.00010024522152613825
44.299556,0.0004124829837769497
44.319556,0.0006095692308754708
44.339556,0.00017332214458392267
44.359555,-0.0003780764568599158
44.379555,-0.0002828550116504477
44.399555,0.0001002452214752574
44.419555,5.3741725000129456e-05
44.439555,-0.00013448671321418559
44.459555,-0.00012961491832925038
44.479554,-0.0009046731934060355
44.499554,-0.00047639813510560883
44.519554,-0.0007465613052751642
44.539554,-0.0014551860139286987
44.559554,-0.0019715962703665277
44.579553,-0.0020003841491612255
44.599553,-0.0012470275057720913
44.619553,-0.0014463282050656934
44.639553,-0.0016527151514848925
44.659553,-0.0010525986013454043
44.679552,-0.0010508270395799052
44.699552,-0.0008338107225661225
44.719552,-0.0008369109556707185
44.739552,-0.0004515962703488724
44.759552,-6.04848482197767e-06
44.779551,3.824055945594938e-05
44.799551,0.0005435785548240314
44.819551,5.329883453821698e-05
44.839551,8.252960377097684e-05
44.85955,-0.00011411375284549117
44.87955,-0.0006632979020370078
44.89955,-0.001565022843803573
44.91955,-0.0016186125873963479
44.93955,-0.0012062815850506028
44.95955,-0.0005043002330528026
44.979549,-0.0002518526806066079
44.999549,0.00016977902104020463
45.019549,-0.00015175944050372433
45.039549,-0.00026203916079016
45.059549,-0.0005127151514570755
45.079548,-0.0012390554778249608
45.099548,-0.0018546731934688785
45.119548,-0.0018010834498533132
45.139548,-0.0019268643356261583
45.159548,-0.0007842069929238575
45.179548,-0.000359032167756117
45.199547,0.00043595617724441016
45.219547,0.0005267487180356258
45.239547,2.185361310242577e-05
45.259547,0.00011043170169909046
45.279546,-0.0005317594405115833
45.299546,-0.0008240671328222226
45.319546,-0.0012005240092932534
45.339546,-0.001501689510466898
45.359546,-0.0013404773892595212
45.379545,-0.001183251282035515
45.399545,-0.0005078433566283212
45.419545,-0.00011632820509834316
45.439545,-0.0008032512820313661
45.459545,-0.0004910135197657145
45.479544,-0.00047994125867794745
45.499544,2.2739394029430964e-05
45.519544,5.1527272799218324e-05
45.539544,0.00035224988354328086
45.559544,0.0007331356644378644
45.579543,0.0009948839162036772
45.599543,0.00045234312364139434
45.619543,8.695850825018039e-05
45.639543,-0.0011819226106911179
45.659543,-0.0013524354312117524
45.679542,-0.0017798247086217448
45.699542,-0.001004323543105837
45.719542,-0.0015535076923143141
45.739542,-0.0015003608391479413
45.759542,-0.000804579953308982
45.779541,-0.0006827850814882369
45.799541,-0.0010038806525935742
45.819541,-0.0007315030302114469
45.839541,-0.0012651860139266246
45.859541,-0.0007625053612261363
45.87954,-0.000707144055904963
45.89954,-1.8449417193720677e-05
45.91954,-0.0004639972027529458
45.93954,-0.0005685193472878621
45.95954,-0.00021199254073262321
45.979539,-0.0001964913752387939
45.999539,-0.00036257529134859604
46.019539,-0.00030721398598820214
46.039539,-0.001270500699317463
46.059539,-0.0009077734265896028
46.079538,-0.0008103375291649133
46.099538,-0.00018143310020687713
46.119538,-0.0002770974358655378
46.139538,0.0001502918415418045
46.159538,0.0006977044289895525
46.179538,0.0007951403264285521
46.199537,0.00045854358980076547
46.219537,0.00022204009328593232
46.239537,-0.0006880997668976261
46.259537,-0.0002297081585005051
46.279536,-0.0003200578088398781
46.299536,-0.0004042069929689993
46.319536,-0.0008090088577839456
46.339536,-0.00040509277386049393
46.359536,-0.0009857221445127122
46.379535,-0.001362179020987453
46.399535,-0.0012842303030378432
46.419535,-0.0016407571095475013
46.439535,-0.0016699878787728411
46.459535,-0.0006424820512069307
46.479534,-0.0004166079253047018
46.499534,-0.00031474312345168966
46.519534,-0.00015353100224855295
46.539534,0.00019369510498229783
46.559534,-0.0001079132866426594
46.579533,-0.00022040745916445667
46.599533,3.2040093298698314e-05
46.619533,-0.0006991720279461724
46.639533,-0.0005198013985747225
46.659533,-0.0002828550116011568
46.679533,-0.00023192261066060554
46.699532,-0.0004112932400278154
46.719532,0.00019945268074971729
46.739532,0.0009306648020184382
46.759531,0.0006538582752074586
46.779531,0.0004656298369798933
46.799531,4.709836843926662e-05
46.819531,-6.761025629669208e-05
46.839531,-1.4463403168479843e-05
46.859531,-0.000545931934675856
46.87953,-0.0006965146852616184
46.89953,-0.000824952913705767
46.91953,-0.0004839272726888782
46.93953,-0.0005100578088207523
46.95953,-0.0011987524475616748
46.979529,-0.0009352326340245331
46.999529,-0.0013023888111934365
47.019529,-0.0013023888111934365
47.039529,-0.0010946731934823111
47.059529,-0.0009994517482394523
47.079528,-0.0005144867132310547
47.099528,-0.0004768410255913718
47.119528,-0.00020889230762484722
47.139528,-0.00011367086240530891
47.159528,-0.00019117668993275677
47.179528,-0.0002137641025331028
47.199527,-0.0006920857808783464
47.219527,-0.0007385892773858049
47.239527,-0.0007873072261021247
47.259526,-0.0006854424242056517
47.279526,-0.0006765846153315161
47.299526,-0.0006455822843157668
47.319526,0.00010113100246003358
47.339526,-0.00024653799519933913
47.359525,0.00012593286728143117
47.379525,-0.00031695757564200074
47.399525,-0.00017036083903695866
47.419525,1.1667132989364674e-05
47.439525,-0.0009277034964322535
47.459525,-0.0010982163169682584
47.479524,-0.0005601044288491387
47.499524,-7.513939388049143e-05
47.519524,0.0004009678322315103
47.539524,-9.329790207424516e-05
47.559524,0.0003363058275265881
47.579523,-2.553566431931785e-05
47.599523,-3.8822377575665654e-05
47.619523,2.0524941781348906e-05
47.639523,3.5583216861496535e-05
47.659523,0.00042089790220401315
47.679522,0.0009302219115528156
47.699522,0.0005271916084943582
47.719522,0.0005829958042806241
47.739522,8.03151515430352e-05
47.759522,0.00015604941727159348
47.779521,-0.00010259860137796291
47.799521,-0.0010565846153743554
47.819521,-0.0008307104894726565
47.839521,-0.0008081230768723106
47.85952,-0.0008811999999459954
47.87952,-0.0007594051281300204
47.89952,-0.0008617128204592554
47.91952,-0.0004896848484186671
47.93952,-0.00024210909082772737
47.959519,0.0002517137530214156
47.979519,0.0001897090910063475
47.999519,-0.0007120158507384873
48.019519,-0.0009848363635835869
48.039519,-0.0016053258741124397
48.059519,-0.001382109090901125
48.079518,-0.0010255822843580765
48.099518,-0.00046089696967909047
48.119518,0.0003832522145166294
48.139518,0.0009368652681799295
48.159518,0.0007659095572212325
48.179517,0.0011180074593232384
48.199517,0.0007194060607074138
48.219517,0.0001042312354914883
48.239517,-0.0007899645687437482
48.259516,-0.0007695916083967839
48.279516,-0.0007673771561826226
48.299516,-0.0002049062936950078
48.319516,0.00035933613059255655
48.339516,0.0003305482518307195
48.359515,0.00046120093251924
48.379515,0.0008757463870849762
48.399515,0.0008288000001410456
48.419515,0.0007818536132034749
48.439515,0.00030308904441433916
48.459514,0.00023444102574247678
48.479514,-7.336783209379216e-05
48.499514,-0.0005357454545219843
48.519514,-0.000960920279718345
48.539514,-0.0009498480186480684
48.559514,-0.00040332121210294534
48.579513,0.0004102685314922973
48.599513,0.0004700587413234147
48.619513,0.0005878675991708595
48.639513,0.00019369510498547785
48.659513,-0.00017833286705299035
48.679512,-0.00041306480178059416
48.699512,-0.0008975869463291993
48.719512,-0.001280687179436354
48.739512,-0.0012341836829426757
48.759511,-0.0011075170163032464
48.779511,-0.00017434685311944062
48.799511,-0.00023900885777878233
48.819511,-0.0008346965034931277
48.839511,-0.0006570974359062571
48.85951,-0.0009981230769273858
48.87951,-0.0006526685314413639
48.89951,-0.0002673538460898372
48.91951,-0.00012607179478659196
48.93951,-0.00016106013977829157
48.95951,-0.0002806405593795752
48.979509,-0.0001566312353690492
48.999509,-0.0006221090908901773
49.019509,-0.0013909668997784405
49.039509,-0.000812551981344624
49.059509,-0.0016744167832250143
49.079508,-0.0014795449883332347
49.099508,-0.0009215030302257117
49.119508,-0.0009215030302140515
49.139508,-0.0004431813518847085
49.159508,2.5839627145157144e-05
49.179507,0.00024949930082527444
49.199507,0.00016756456885784368
49.219507,0.00038236643365799523
49.239507,0.0008939048952257292
49.259506,0.0003376344989261058
49.279506,0.00020476736605787437
49.299506,0.00014453426584063576
49.319506,-3.483636353028414e-05
49.339506,2.9382750672974977e-05
49.359506,0.00022204009334847336
49.379505,0.00018439440569713024
49.399505,-9.949836822301623e-05
49.419505,9.980233109496619e-05
49.439505,0.00023975571105752408
49.459505,8.518694645394089e-05
49.479504,-0.00065001118877006
49.499504,-0.0004259086246608905
49.519504,-0.0005339738927135544
49.539504,-0.0011008736596538724
49.559504,-0.0010300111887704987
49.579504,-0.001561479720271515
49.599503,-0.0010964447552117697
49.619503,-0.0004998713286149396
49.639503,-0.0002341370628837769
49.659503,-0.0002832979020763195
49.679502,-0.0005206871794667472
49.699502,1.0781352015718865e-05
49.719502,-0.0005034144522042388
49.739502,-0.0006562116550052222
49.759501,-0.0009418759906643673
49.779501,-0.0011611067599023815
49.799501,-0.0004369808857444176
49.819501,0.0002650004662523226
49.839501,0.0009355365968249321
49.8595,0.0010639748252531805
49.8795,0.0013961426574489347
49.8995,0.001688450349777064
49.9195,0.0011791263404457518
49.9395,0.0006742312355544225
49.959499,-0.0006632979020311778
49.979499,-0.000991036829798079
49.999499,-0.0008271673659220486
50.019499,-0.0006455822843523374
50.039499,-6.716736591375066e-05
50.059499,-0.00042369417246633945
50.079498,-0.0003506172493751645
50.099498,-7.377156098003644e-06
50.119498,-0.0002159785546762431
50.139498,-0.000307213985900751
50.159497,-0.0003138573425326347
50.179497,0.00012681864815596554
50.199497,0.0005568652682059911
50.219497,0.0002069818182889962
50.239497,9.891655020188157e-05
50.259497,-0.0010995449883243157
50.279496,-0.0013387058275173428
50.299496,-0.001037540326344758
50.319496,-0.0010729715617623296
50.339496,-0.0009573771561528966
50.359496,-0.0006579832167362706
50.379495,-0.0007447897435616061
50.399495,-0.0006318526806377873
50.419495,-0.000847097435879711
50.439495,-0.0008807571095360237
50.459495,-0.0007815496503097947
50.479494,-0.00013492960366178792
50.499495,0.0004098256411263164
50.519494,9.094452222984073e-05
50.539494,-0.0002305939393183285
50.559494,-0.0001885193472635731
50.579494,-9.506946382331399e-05
50.599493,-0.00012119999996896817
50.619493,-0.00019427692303682287
50.639493,0.0003792662005486293
50.659492,0.0005590797203830517
50.679492,0.0008115272728308363
50.699492,0.0008646741259722988
50.719492,0.0006742312355136118
50.739492,0.0007583804196925539
50.759491,0.0012017137530333777
50.779491,0.000960338461667
50.799491,0.00021362517492193997
50.819491,-0.0007430181817552967
50.839491,-0.0004259086246508204
50.859491,-0.0012474703962647446
50.87949,-0.0011212466200400573
50.89949,-0.001258985547790044
50.91949,-0.0008869575757330252
50.93949,-0.0005636475524045169
50.95949,-0.0002890554778045187
50.979489,-0.0001916195803368984
50.999489,-0.0003156289043574947
51.019489,-0.000621223309963702
51.039489,0.00033099114228362194
51.059489,7.987226114843373e-05
51.079488,0.00032789090917955576
51.099488,0.00028094452222502493
51.119488,0.0008682172495282074
51.139488,0.00039875338003483916
51.159487,0.00021273939402408518
51.179487,0.0003101752914959455
51.199487,-0.00023015104886118598
51.219487,-0.00048702750573570344
51.239487,-0.000392248950940447
51.259487,-0.00029702750573786906
51.279486,0.00023266946398068785
51.299486,0.0004514573427663298
51.319486,0.0010298722612017367
51.339486,0.0003921100234018952
51.359486,0.0008305715618683839
51.379485,0.0005869818182655845
51.399485,4.842703967713189e-05
51.419485,-5.565221439004153e-05
51.439485,-0.0004591254078711908
51.459485,5.50703963386964e-05
51.479484,-0.00015973146845880504
51.499484,-0.0005410601397994009
51.519484,-0.0004945566432781622
51.539484,-0.00046355431226665294
51.559484,-8.532587403701331e-05
51.579483,-0.0002292652679792315
51.599483,-0.0005928783215959364
51.619483,3.646899775087112e-05
51.639483,0.00019812400938835987
51.659482,0.0008093128205891144
51.679482,0.0011791263404038808
51.699482,0.0013983571096270553
51.719482,0.0017508979021915038
51.739482,0.0017070517483458087
51.759482,0.0015498256411170326
51.779481,0.0008013407926271438
51.799481,4.001212128239913e-05
51.819481,-0.00048215571091118903
51.839481,-0.001325862004615846
51.85948,-0.0010756289043530724
51.87948,-0.0005680764567808988
51.89948,-0.0007319459206855497
51.91948,-0.00047064055937475965
51.93948,-0.0005060717948188316
51.959479,0.00019812400939578007
51.97948,0.00043285594414405406
51.999479,0.0009160494173572725
52.019479,0.00047493053622425004
52.039479,-6.096689969077861e-05
52.059479,0.0006325995338873785
52.079479,0.0001432055944586081
52.099478,-0.00040819300697728035
52.119478,-0.0003280298368018489
52.139478,-0.0008639272726977971
52.159477,-0.0007664913752423673
52.179477,-0.00023502284371485052
52.199477,-0.00023059393926744742
52.219477,-0.0007089156175925506
52.239477,-0.0014423421910643027
52.259476,-0.0010548130535341252
52.279476,-0.0014693585081104617
52.299476,-0.0015535076922936438
52.319476,-0.0012390554778482813
52.339476,-0.0017071906759908923
52.359475,-0.0009409902097723427
52.379475,0.00038059487185380567
52.399475,0.001100291841573907
52.419475,0.0015675412588621238
52.439475,0.001403228904543261
52.459474,0.0019794293707751064
52.479474,0.0018797790211113451
52.499474,0.001104277855551977
52.519474,0.0003070750583235083
52.539474,-0.0002093351980957703
52.559474,5.0198601428850566e-05
52.579473,0.00020078135202362317
52.599473,0.0006175412588056409
52.619473,0.0010050703963766288
52.639473,0.0011357230770624996
52.659472,0.0017876578090250234
52.679472,0.0011432522145943583
52.699472,0.0003394060607122751
52.719472,-0.00022483636354348876
52.739472,-0.0005171440558551879
52.759472,-0.00032182937052534596
52.779471,-0.0002930414917322382
52.799471,0.00020786759916618052
52.819471,0.0001370051283008272
52.839471,-1.8006526730218053e-05
52.859471,-0.00011367086243021938
52.87947,-0.0007850927738651729
52.89947,-0.0012749296037198154
52.91947,-0.0014631580419473807
52.93947,-0.0013900811188456055
52.959469,-0.000493227971931115
52.979469,-0.00037143310012998027
52.999469,1.1667132971344339e-05
53.019469,0.0004430424243636469
53.039469,0.0005112475525349061
53.059469,0.001029872261169406
53.079468,0.0008664456877346178
53.099468,0.0006870750583504478
53.119468,0.0003885668998178964
53.139468,0.00016269277394163808
53.159467,2.5396736663634077e-05
53.179467,-0.0002669109556321647
53.199467,7.681118976313823e-06
53.219467,-0.00021819300689729452
53.239467,-0.00022262191133091736
53.259466,0.00012593286722472027
53.279466,-0.0005122722610221934
53.299466,-0.0005454890442256036
53.319466,-0.0010703142190968558
53.339466,-0.0010220391608276084
53.359465,-0.0011859086246787285
53.379465,-0.0006810135197465885
53.399465,-0.00015397389267283513
53.419465,-7.602517471845522e-05
53.439465,0.0003070750584045999
53.459465,0.0002428559441674202
53.479464,-0.0005685193472565916
53.499464,-0.0005680764568153494
53.519464,-0.0009445333333102308
53.539464,-0.0010951160839118932
53.559464,-0.0016571440559699261
53.579463,-0.0013581930070205128
53.599463,-0.0008599412587361572
53.619463,-0.0005654191141906863
53.639463,-0.0002846265733677159
53.659462,8.917296045851157e-05
53.679462,0.0005475645688826629
53.699462,0.0009311076924469603
53.719462,0.0011476811190422912
53.739462,0.0007025762239094681
53.759461,0.000297331468623599
53.779461,0.0004058396271148553
53.799461,0.0006250703963576398
53.819461,0.0005962825175719522
53.839461,0.0006073547786194386
53.85946,0.0003677510490174999
53.87946,0.0008066554779474912
53.89946,0.0006671449884208754
53.91946,0.00035224988351148024
53.93946,-8.621165496931868e-05
53.95946,-0.00044495291373235874
53.979459,-7.735384613599363e-05
53.999459,0.0002548139860571103
54.019459,0.0006427860140502605
54.039459,0.0002729724942402639
54.059458,-0.00016770349643349604
54.079458,0.00032656223786483945
54.099458,-0.00025362424233924636
54.119458,-0.0006522256409439408
54.139458,-0.0008129948717095451
54.159457,-0.0013577501164965893
54.179457,-0.0012647431235081725
54.199457,-0.0013426918414837527
54.219457,-0.0008178666666416509
54.239457,-0.0012705006992952028
54.259457,-0.0008829715617745653
54.279456,-0.00043343776224151
54.299456,-0.00048437016317941136
54.319456,5.948718252763883e-07
54.339456,0.0004589864802600279
54.359455,0.0002880307693145814
54.379455,0.00041646899775608004
54.399455,0.0003810377623231383
54.419455,0.0005648372961515312
54.439455,0.0005648372961674316
54.459455,0.0008000121213383977
54.479454,0.0008598023311159841
54.499454,0.0003854666667631213
54.519454,5.9499300790869474e-05
54.539454,-0.00010658461528713223
54.559453,-0.00039667785538466995
54.579453,-7.292494163770968e-05
54.599453,-0.0004980997668308905
54.619453,-0.0006823421910703152
54.639453,-0.0006929715616855696
54.659452,-0.0006663981351225235
54.679452,0.00020609603740651152
54.699452,2.1853613138996236e-05
54.719452,0.0006312708625678919
54.739452,0.0006113407926298396
54.759451,0.0007840680653662255
54.779451,0.0008815039628052253
54.799451,4.134079260771585e-05
54.819451,-0.0001774470861742161
54.839451,-0.000520244288970384
54.859451,-0.0008701277388714786
54.87945,-0.0005645333332748115
54.89945,-0.00042546573422176843
54.91945,0.0004160261072814472
54.93945,0.0008859328671927372
54.95945,0.0009483804196426875
54.979449,0.0009036484849399486
54.999449,0.0007752102565010998
55.019449,0.0013558396271718682
55.039449,0.0010697324010481607
55.059449,0.0005028326341210928
55.079448,0.00040096783225430054
55.099448,0.0004895459208398348
55.119448,0.0011879841493023973
55.139448,0.0008784037297276597
55.159447,0.00020255291386067325
55.179447,-0.0002979132865959732
55.199447,0.0003385202798568211
55.219447,0.000294231235568294
55.239447,2.849696980374071e-05
55.259446,0.00015870676000914827
55.279446,0.0006764456877463235
55.299446,0.0011734153847243042
55.319446,0.001663858275177117
55.339446,0.0009392662005795697
55.359445,0.0018488233101505783
55.379445,0.0016781939395163381
55.399445,0.002009895571230108
55.419445,0.0007584969697918493
55.439445,0.0003383104895850194
55.459445,0.00041511701637571145
55.479444,0.0008277976690665138
55.499444,0.0006711310023899355
55.519444,0.0005686834499344437
55.539444,0.0002791496504209045
55.559443,0.0013078442891493042
55.579443,0.0007100587413513636
55.599443,0.0010194993008077946
55.619443,0.00033579300706382275
55.639442,0.0008578209790861036
55.659442,0.0008170517482957831
55.679442,0.000699219580469608
55.699442,0.00042101445226726806
55.719442,8.07738932335285e-06
55.739442,-0.00013656130528831014
55.759441,-0.0003277967365163364
55.779441,-0.0003543701630915727
55.799441,-5.6001864738279106e-05
55.819441,-5.419114163985662e-06
55.839441,0.0005381939394482407
55.859441,9.241305364113359e-05
55.87944,-0.00022623496502760033
55.89944,-0.0001355589743330303
55.91944,-0.0006159785547793593
55.93944,-0.0004898713286518475
55.95944,-0.0006000344988267973
55.979439,-0.0006511999999993304
55.999439,-0.0009322023310114212
56.019439,-0.0005732512820078499
56.039439,-0.0005473771561115984
56.059438,-0.000320011188747795
56.079438,-0.0012990554778128677
56.099438,-0.0013130414917943113
56.119438,-0.0012246965034391686
56.139438,-0.0008153724940970646
56.159437,-0.000817237295995319
56.179437,-0.0009632745920407429
56.199437,-0.0008947431235153469
56.219437,-0.000503134731886004
56.239437,0.00010304242431415894
56.259436,0.0001620167832933247
56.279436,-0.001080850349591545
56.299436,-0.00046290163163629046
56.319436,-0.0005329482516783126
56.339436,-0.000511992540718799
56.359435,-0.0008548829836429522
56.379436,-0.0006001044288414299
56.399435,-0.0008686125873813526
56.419435,-0.000687377156139739
56.439435,0.00010304242432210905
56.459434,-0.0004486825173968951
56.479434,-0.0007732745919957378
56.499434,-0.00022980139851771844
56.519434,-0.0004392186479388993
56.539433,-0.0001371207458166577
56.559433,5.777435909678336e-05
56.579433,0.00019728484861279884
56.599433,0.0006162358975507462
56.619433,1.4347785660599407e-05
56.639433,0.0002022265735590074
56.659432,-0.00043038414907264465
56.679432,-0.0008680298367597927
56.699432,-0.0008951860139274387
56.719432,-0.0012280764568418589
56.739432,-0.0009259785547540677
56.759431,-0.00039404382280551844
56.779431,0.00012413799538773932
56.799431,0.0006285668998257054
56.819431,5.635244762493093e-05
56.839431,0.0006848139861284747
56.859431,0.0006786368299536641
56.87943,0.0005169818182727146
56.89943,-7.47431234740914e-05
56.91943,-0.0006935076922611573
56.93943,-0.0009341603729470292
56.95943,-0.0010740205128118123
56.979429,-0.0009528083915797669
56.999429,-0.0011338340326004599
57.019429,-0.0005780065267399588
57.039429,3.222657354035841e-05
57.059428,0.0009355832169307955
57.079428,0.0012888466201836997
57.099428,0.001088030769351211
57.119428,0.0013694993008468753
57.139428,0.0010525995339203892
57.159427,0.0006998023311033581
57.179427,3.6515617774053144e-05
57.199427,-0.000534230302993698
57.219427,-0.0007675636363341815
57.239427,-0.0005040438227896197
57.259427,-0.00043723729597845023
57.279426,0.0001219934732465114
57.299426,0.0005372615385075936
57.319426,0.0010362125874788844
57.339426,0.001375256876544334
57.359426,0.001151364102630115
57.379425,0.0007232755245162273
57.399425,0.0007845575758211094
57.419425,0.0002470284383198397
57.439425,-1.2482051190010205e-05
57.459424,-0.000981246619968986
57.479424,-0.0007863748250899263
57.499424,-0.0006918759905975347
57.519424,-0.001134789743511887
57.539424,-0.0007318993005977068
57.559423,-0.0011811067598338663
57.579423,-0.000642085780814841
57.599423,0.0006138349651304349
57.619423,0.0007651403264141934
57.639423,0.0010997557110168695
57.659422,0.0009201286713721665
57.679422,0.0009194293706815215
57.699422,0.0010511310023935544
57.719422,0.00035511701638674456
57.739422,0.0005554899767960112
57.759421,-0.00020826293697321545
57.779421,7.238228528181365e-06
57.799421,0.00037649230779552006
57.819421,0.00030656223785438335
57.839421,0.0004712475525574549
57.859421,0.00032777435906807
57.87942,0.0005650470863438316
57.89942,0.0006667720280732371
57.91942,0.0006224596737805392
57.93942,0.0003599888113336909
57.959419,3.583962717026037e-05
57.979419,-0.0003716195802831292
57.999419,-0.0007790787877343986
58.019419,-0.00046861258727134655
58.039419,-0.0004132512819067125
58.059418,0.00018194685330027795
58.079418,0.0005502219115661571
58.099418,0.000169685781002321
58.119418,-0.0004982629369618481
58.139418,-0.0009354424241505824
58.159417,-0.001260990209704843
58.179417,-0.0013672839159973083
58.199417,-0.001916001864700481
58.219417,-0.0011798713285618035
58.239417,-0.0008418759905453065
58.259417,-0.0003395449881866958
58.279416,-0.0004372139858507874
58.299416,-0.00021483636349082483
58.319416,-0.00025735384600590296
58.339416,-8.68410254974586e-05
58.359415,0.000547774359123724
58.379415,0.000670734732062507
58.399415,0.000324464335780714
58.419415,0.0005896158509184073
58.439415,-4.8496037192040874e-05
58.459414,-0.00023462657332170092
58.479414,-0.00037180606049616897
58.499414,-0.00017215571084001912
58.519414,-0.0003363748250293066
58.539414,-0.0008344167830715412
58.559413,-0.00046658461523948434
58.579413,-0.0011017827504557266
58.599413,-0.0010866312353106646
58.619413,-0.0010003841490666778
58.639413,-0.00140551235418806
58.659412,-0.0006190321677107809
58.679412,-0.00028406713273919663
58.699412,0.000551597202930026
58.719412,0.0010819002332456932
58.739412,0.0005425062938429889
58.759411,0.0009455365968685857
58.779411,0.0004716438229813454
58.799411,0.00040078135211970195
58.819411,0.000864044755394868
58.839411,0.00048537342670649576
58.85941,0.0007887533800662113
58.87941,0.0007378209791224801
58.89941,0.0007798955711894257
58.91941,0.0005562358975299785
58.939409,0.00015891655023271925
58.959409,-0.0003381696968593975
58.979409,-0.00102369417237668
58.999409,-0.0012833678320434577
59.019409,-0.0008696149182820414
59.039409,-0.0011026918413768326
59.059409,-0.0008501277388143819
59.079408,-0.000530896969581329
59.099408,-0.0007234144520839297
59.119408,0.00023975571110310495
59.139408,0.0002459561773048767
59.159407,0.00020085128218400828
59.179407,-0.00011124661993789644
59.199407,-0.0004884261071397838
59.219407,-0.0005205706292969604
59.239407,-0.0007023888111203833
59.259406,-0.0007154424241707198
59.279406,-0.00021693426565286153
59.299406,0.0002142778555931131
59.319406,0.0009294060607194143
59.339406,0.0007938582751587478
59.359405,0.001273671794973516
59.379405,0.0006146974359880782
59.399405,0.0003671216784130385
59.419405,-1.5978554677155947e-05
59.439405,3.982564113296031e-05
59.459404,0.00023912634044511257
59.479404,0.0008183804197265718
59.499404,0.0007712708626182929
59.519404,9.2389743713284e-05
59.539403,-6.984801853304447e-05
59.559403,-0.00040900885769619975
59.579403,-0.0009250927737761817
59.599403,-0.0010999179485972229
59.619403,-0.0007740438227206258
59.639403,-0.0005967477854142899
59.659403,-6.889230755271591e-05
59.679402,-8.496037138268516e-06
59.699402,-0.00029101351967122566
59.719402,-0.00010942843809091452
59.739402,-0.000317586946248582
59.759402,-0.0005284027970605931
59.779401,-0.0005306172492768744
59.799401,-0.0007985659672227286
59.819401,-0.0004110368296967913
59.839401,-0.0007365613052145506
59.8594,-0.00018029090895096793
59.8794,8.101445235399204e-05
59.8994,0.0009574480187912749
59.9194,0.0013062825176041962
59.9394,0.0005082638695820766
59.959399,0.0005209678322778152
59.979399,8.437109567990039e-05
59.999399,-0.0001841370628276921
60.019399,0.00010164382294770873
60.039399,0.00022378834509390117
60.059398,0.0007447673660751792
60.079398,0.0009869585082770784
60.099398,0.001787424708752761
60.119398,0.0013764689977878455
60.139398,0.0010044410257663376
60.159397,0.0008981473194770526
60.179397,0.0002648139861553548
60.199397,0.00026968578102756974
60.219397,-0.0001351160837714762
60.239397,-0.00026355431220820486
60.259396,-0.0006178666665164218
60.279397,-0.0007950228436705304
60.299396,-0.00023255198120623573
60.319396,-0.0003857920744426316
60.339396,3.716829851041744e-05
60.359395,-8.462657328488721e-05
60.379395,-0.00023299487165277815
60.399395,0.00011024522158251208
60.419395,-0.0001355589742190785
60.439395,0.00011024522158251208
60.459394,-7.355431221408046e-05
60.479394,-0.00012448671314456157
60.499394,-0.00015770349635910186
60.519394,-0.0006913864800334687
60.539394,-0.000923461072107259
60.559393,-0.0009659785546223369
60.579393,-0.000636025174675195
60.599393,2.6096037436430585e-05
60.619393,9.917296051117531e-05
60.639393,0.0006638582751891012
60.659392,0.00048005874139144856
60.679392,0.0005841379954697522
60.699392,0.000704161305509628
60.719392,0.00022583962717339474
60.739392,-0.0002081930068690114
60.759391,0.0001478909092031147
60.779391,0.0006244410257362183
60.799391,0.00061115431244542
60.819391,0.000785653146945185
60.839391,0.0007807813520793301
60.85939,0.0006080540793614945
60.87939,0.0006142545455775766
60.89939,0.0007360494173887816
60.91939,0.00029050163182743627
60.93939,6.728484863096197e-05
60.95939,-0.0002316662003354114
60.979389,-0.0007719925406702826
60.999389,-0.0012348130534962562
61.019389,-0.0010820158507048128
61.039389,-0.0014850461537304098
61.059388,-0.0013229482516352482
61.079388,-0.001090873659554038
61.099388,-0.0005213165499970069
61.119388,-0.0005434610721264303
61.139388,-0.00010499953364881152
61.159387,-9.65846152498387e-05
61.179387,0.00016693519826981276
61.199387,0.00039103776236944194
61.219387,0.0005239048952376734
61.239387,0.0003538349651906116
61.259386,-4.6537995199191995e-05
61.279386,7.304242436552102e-05
61.299386,0.0001222032635119529
61.319386,-0.00035390396259686884
61.339386,-1.5092773792021368e-05
61.359385,-7.311142180569868e-05
61.379385,0.0002457696970764666
61.399385,0.00013947599079407167
61.419385,-4.906293569248497e-06
61.439384,-0.0001355589742021182
61.459384,-0.0004012932399354009
61.479384,-0.0003547897434549727
61.499384,-0.0008796149182907144
61.519384,-0.0015727384614170293
61.539383,-0.0012383561770436843
61.559383,-0.001360151048836339
61.579383,-0.0008171673658571945
61.599383,-0.0007418759905576882
61.619383,-0.00044071048938139335
61.639382,0.00012663216796942624
61.659382,0.00023071142206893035
61.679382,-3.768018633671641e-05
61.699382,-0.0005558620045124839
61.719382,-0.0006222955709452745
61.739382,-0.00032821631686754646
61.759381,-2.4836363493520674e-05
61.779381,0.0005061892775259727
61.799381,0.0005947673660993166
61.819381,0.0010775179488416123
61.839381,0.0018260027973161306
61.85938,0.0015159794872959109
61.87938,0.0016470750584076535
61.89938,0.0011311076924264373
61.91938,0.0004556997670123533
61.93938,-0.000334859673546071
61.959379,-0.0007529482516369751
61.979379,-0.001324276922958975
61.999379,-0.0017888689975451475
62.019379,-0.0019106638693314423
62.039379,-0.0012263981350617726
62.059378,-0.0012596149182614725
62.079378,-0.0009296615382904804
62.099378,-0.001158193006836453
62.119378,-0.0009013165499629954
62.139378,-0.00042299487164690255
62.159377,0.0005070750584121672
62.179377,0.0010828326341630198
62.199377,0.001128893240224996
62.219377,0.0010398722612045795
62.239377,0.0010265855479137812
62.259376,0.0011638815852050351
62.279376,0.0008051403264658454
62.299376,0.00035339207472180877
62.319376,9.651561784835151e-05
62.339375,-0.0002117361303968291
62.359375,-0.00023166620032693142
62.379375,-0.0002631114217685527
62.399375,-0.00039863589728900763
62.419375,-0.0002276801863398511
62.439375,0.00019793752926754166
62.459374,0.0012214573427907207
62.479374,0.0008937184150338899
62.499374,0.00020458088589094542
62.519374,-0.00027595524465096895
62.539373,-0.0009912233099151873
62.559373,-0.0014978899765783755
62.579373,-0.0018787757574538785
62.599373,-0.0016905473192183633
62.619373,-0.000977050815722294
62.639373,-1.3764102431193775e-05
62.659372,0.0003383337996840622
62.679372,-0.0003640904427480903
62.699372,-0.0006741137527656602
62.719372,-0.0003680764567335808
62.739372,-0.000419008857664592
62.759371,-0.000810966899616732
62.779371,-0.001344649883291629
62.799371,-0.0004052792539124112
62.819371,0.00021343869479211171
62.839371,0.00013371841503460226
62.85937,-0.0006041370628389721
62.87937,-0.000911945920665701
62.89937,-0.0013083328670594142
62.91937,-0.0012069109556381039
62.939369,-0.0008437407924658214
62.959369,-0.00038756363627703166
62.979369,0.0001616205129282651
62.999369,0.0009163058276448361
63.019369,0.0009508512821947632
63.039369,0.0006620867134161819
63.059368,0.0005712941726223163
63.079368,0.0005030890444134265
63.099368,-0.00011252867119763056
63.119368,-0.0006129948716563971
63.139368,-0.000470827039491338
63.159367,0.00017800745933796945
63.179367,0.00034409137542392126
63.199367,0.000186865268205215
63.219367,0.0001496624710051844
63.239367,-5.362424227867808e-05
63.259366,0.00014390489524624482
63.279366,-3.94517480910852e-05
63.299366,-0.00048012773878339547
63.319366,-0.0011378200464847187
63.339366,-0.0013818526805245202
63.359365,-0.0008725286712159983
63.379365,-0.000770663869356626
63.399365,-0.0007573771560690078
63.419365,-0.0006732279719144463
63.439365,-0.0011958386945074059
63.459364,-0.0013198480184983218
63.479364,-0.0009301044287370227
63.499364,-0.0008729715616206701
63.519364,-0.0005784494171001096
63.539364,-0.000624952913600678
63.559363,0.00010847365981542329
63.579363,0.00013061818195968678
63.599363,3.9515152964073e-06
63.619363,-0.00021970815836303985
63.639363,-0.0009677501163809458
63.659362,-0.0016896615383067285
63.679362,-0.001355722144386816
63.699362,-0.001397796736475492
63.719362,-0.0005009435896415629
63.739362,1.0594871888010331e-05
63.759361,0.0006992895105775224
63.779361,0.00048448764578691073
63.799361,0.00040255291386771087
63.819361,0.00013061818195173644
63.839361,9.075804211485232e-05
63.85936,-0.00018870582736107115
63.87936,0.00026525687659871707
63.89936,0.0002812009325406788
63.91936,0.0009322498835820277
63.939359,0.0007949538462875935
63.959359,0.0005309911423298798
63.979359,-1.154965020696262e-05
63.999359,0.00016339207473086456
64.019359,-2.4836363496700707e-05
64.039358,0.0002138815852195735
64.059358,0.0005726228439539932
64.079358,0.0007958396271684882
64.099358,0.0005606648019954019
64.119358,0.00028164382297397097
64.139358,-0.00040040745907093684
64.159357,-0.0004491254077877867
64.179357,-0.00038667785534313647
64.199357,0.0002975878789159327
64.219357,0.0003396624709929485
64.239357,0.000620897902229601
64.259356,0.0003888233101589908
64.279356,-5.349184004660635e-06
64.299356,-0.00039022097887148435
64.319356,-0.000662155710804949
64.339355,-0.0010324121210551276
64.359355,-0.00046772680637879177
64.379355,-0.00024406713272358472
64.399355,-0.00011341445207375467
64.419355,-0.000884486713135899
64.439355,-0.0009066312352828126
64.459355,-0.0015886825173277205
64.479354,-0.0016506871793321885
64.499354,-0.0015709668996123096
64.519354,-0.0008313398599923167
64.539354,-0.00023786666652340308
64.559355,0.0007519934733259732
64.579353,0.0013321799535046183
64.599353,0.001509336130658727
64.619353,0.0008804317017627019
64.639353,0.0005354200467523725
64.659352,-0.0006891720278256675
64.679352,-0.0011785659672136272
64.699352,-0.0013357920744371035
64.719352,-0.0011006172492465272
64.739352,-0.000998752447402525
64.759351,-0.0007861650348319048
64.779351,-0.0003623188809873613
64.799351,-3.015104885202837e-05
64.819351,-0.0008140671327780389
64.83935,-0.0013349062936187503
64.85935,-0.0017888689975785383
64.87935,-0.0011116895103973653
64.89935,-0.00033220233090391774
64.91935,0.00024975571107520745
64.939349,0.0005854666667749287
64.959349,0.0013715972029082104
64.979349,0.0017458396271650798
64.999349,0.00166789090919957
65.019349,0.0006270983684207724
65.039349,0.00029050163183167626
65.059348,2.0781352115553067e-05
65.079348,-3.01510488117479e-05
65.099348,-0.0004553258739784283
65.119348,-0.0006922722609201934
65.139348,-0.0008844867131337791
65.159347,3.716829850723734e-05
65.179347,3.495384629201588e-05
65.199347,0.0003206181819527509
65.219347,0.0006062825176140159
65.239347,0.000907890909236853
65.259346,0.0008990331003590071
65.279346,0.0007794526807651437
65.299346,-1.3321212009032187e-05
65.319346,-0.00015903216772734954
65.339346,6.285594417295866e-05
65.359345,0.0001425762238732273
65.379345,-0.000672342191045212
65.399345,-0.0005554191141215924
65.419345,0.00014213333342986498
65.439345,0.00021521025652315997
65.459344,0.0001257463870461309
65.479344,0.0003201752914786481
65.499344,0.00023159720290901386
65.519344,0.000740921212240856
65.539343,0.0011705249418597096
65.559343,0.000817541258865149
65.579343,0.0005783804197065725
65.599343,0.0004809445222734029
65.619343,0.0006780307693581436
65.639343,0.0005673081586368259
65.659342,0.00044329883463107005
65.679342,0.000231154312488442
65.699342,-0.00019579207445486743
65.719342,-0.0004863282049846373
65.739341,-0.0007480764567281896
65.759341,-0.0002918993005574203
65.779341,0.00013637575772604632
65.799341,-0.00010101351968028148
65.819341,9.266200582303875e-06
65.83934,0.0005349771562862199
65.85934,0.00041096783224760334
65.87934,0.00037110769236884864
65.89934,1.2366433624358842e-05
65.91934,-0.00043761025634092863
65.939339,-0.0006431114218310024
65.95934,-9.348438219294343e-05
65.979339,-0.00028078041945230135
65.999339,-0.0003377501164281562
66.019339,-0.00021469650336297807
66.039338,-5.4230302881618536e-05
66.059338,-0.0004674937061542301
66.079338,-0.00042775011641134163
66.099338,-0.0006615729602358598
66.119338,-0.000575325873995053
66.139338,0.00015970909104286933
66.159337,8.381165512717248e-05
66.179337,0.0003366088579062344
66.199337,0.0007307580420519347
66.219337,0.00030604941732695725
66.239336,0.0005293594406169664
66.259336,-0.0001422023309362939
66.279336,-0.00028742377616050645
66.299336,-0.0007987524474776389
66.319336,-6.597855469985035e-05
66.339336,-3.4743123437279443e-05
66.359335,-0.000266188344882758
66.379335,-0.0006230648017358835
66.399335,-0.0005357687644127333
66.419335,-0.00036336783202995434
66.439334,0.00034898648031143746
66.459334,9.141072274150498e-05
66.479334,0.0003385902099313449
66.499334,-0.00037108344975312225
66.519334,-9.168951037981283e-05
66.539334,-0.0006524354311108004
66.559333,-0.0010236475523423677
66.579333,-0.0017274937061928417
66.599333,-0.0014376102563194047
66.619333,-0.0012267944055079237
66.639333,-0.0007287757574841699
66.659332,-1.872913743192412e-05
66.679332,0.0003334853148032977
66.699332,0.000416958508259725
66.719332,0.0007592662005729185
66.739332,0.0004906181819496695
66.759331,0.0003028792541902385
66.779331,2.9219580536717202e-05
66.799331,-0.0004511999998788713
66.819331,-0.0005031813518556551
66.83933,-8.031421898925057e-05
66.85933,-0.0004546965033638967
66.87933,-0.0005731347317951326
66.89933,-0.00010122330989696209
66.91933,-4.119999987414378e-05
66.939329,-0.0003762815849476736
66.959329,-0.00014283170150259435
66.979329,-0.00031660792527203277
66.999329,-0.00043537249403779505
67.019329,-0.00031008111874474464
67.039329,-0.00048726060591521415
67.059329,-0.0010536009322429133
67.079328,0.00024173706309535455
67.099328,0.0005288000001299596
67.119328,0.0010888233101226706
67.139328,0.0010901053613877046
67.159327,0.0014379142191844644
67.179327,0.001422296503561659
67.199327,0.0004847673660457844
67.219327,-5.043076913619849e-05
67.239327,-0.0010211999998744944
67.259326,-0.000923064801706159
67.279326,-0.00046068717932990774
67.299326,-0.0008613631700357567
67.319326,-0.0003309435896377542
67.339325,-0.00028574545445144155
67.359325,0.00044712167839921124
67.379325,0.0009403384616061932
67.399325,0.000854207925482702
67.419325,0.0014164223777219742
67.439324,0.0009763291376347937
67.459324,0.0009448839161984727
67.479324,8.325221455642414e-05
67.499324,-0.00043283170152726787
67.519324,-0.0009935776222598455
67.539324,-0.000699987878675162
67.559324,-0.0006597547784355187
67.579323,-0.00035695757563641205
67.599323,-0.00020870582737046684
67.619323,0.0004011776225213323
67.639323,0.00040327552461128744
67.659322,-0.0002053724940534995
67.679322,-0.0008121324008227514
67.699322,-0.0008472372959418368
67.719322,-0.001188286246994167
67.739322,-0.0003497081584307382
67.759321,-0.0004045333332521151
67.779321,-0.00044033752905018545
67.799321,-0.0001128550115544175
67.819321,7.441771573098009e-05
67.83932,0.00042756456889465866
67.85932,0.00038863682995443096
67.87932,0.00037092121224114
67.89932,0.0004820867134026402
67.91932,0.0002672848486019586
67.93932,0.000823112354421119
67.959319,0.0005507347320442921
67.979319,-0.00024735384603115064
67.999319,0.00031467412598978146
68.019319,0.0001702918416068511
68.039318,0.0009298489511495262
68.059318,0.0014723897436800084
68.079318,0.0015543244756113985
68.099318,0.001693834965119464
68.119318,0.0015560960373848477
68.139318,0.0015516671329559948
68.159317,0.0011769818182790833
68.179317,0.0011171916084914268
68.199317,0.0016158862471799243
68.219317,0.0016092428905374401
68.239316,0.0018594759907647035
68.259316,0.0018081006993882099
68.279317,0.0018014573427409556
68.299316,0.0011056764569687776
68.319316,0.0005343477856457178
68.339315,0.0006056531469475434
68.359315,0.0009090331003258091
68.379315,0.0010268419581329735
68.399315,0.0009515505828461873
68.419315,0.00103392820522677
68.439315,0.0007442778555853146
68.459314,0.0006738582751702137
68.479314,0.0006277976691114175
68.499314,-0.00046614172481202246
68.519314,-0.0006649995336691524
68.539314,-0.000813367832035983
68.559313,-0.0008510135196820262
68.579313,-0.0010215263401941806
68.599313,-0.000806724475396679
68.619313,-3.0384149052739714e-05
68.639313,-6.730722599230659e-05
68.659312,-1.7190675890986723e-05
68.679312,-0.00021485967356813695
68.699312,-0.0004300111887234163
68.719312,-2.931188803088669e-05
68.739311,-0.00041229557100800544
68.759311,-0.00015551235421960272
68.779311,0.0005492662005587979
68.799311,0.0007848139861166231
68.819311,0.0008390097903292987
68.839311,0.00040989557120613986
68.85931,-0.00028101351969753326
68.87931,-0.0008479132865922705
68.89931,-0.0003695916082767076
68.91931,-0.0003013864800699378
68.93931,-0.00043203916072188773
68.959309,0.00027880000010976766
68.979309,0.0008350703963712303
68.999309,0.0004072382285464962
69.019309,0.00025886993017913544
69.039308,0.0003496624709714111
69.059308,-0.00031644475513047495
69.079308,-0.0008257687644480068
69.099308,-0.0011933678320411919
69.119308,-0.0010835776222345508
69.139308,-0.0009367477854113072
69.159307,-0.0012065613052538256
69.179307,-0.0012721790208940257
69.199307,-0.001552575291299466
69.219307,-0.0011938573425983679
69.239306,-0.0005149529136886579
69.259306,-0.0012135310022684668
69.279306,-0.0005433678320991469
69.299306,-0.0004860251747634633
69.319306,3.46275058965386e-05
69.339305,-0.000228053146790311
69.359305,-0.0003584494172055785
69.379305,-8.775757533354659e-06
69.399305,0.0002532289044776206
69.419305,0.0004275645688273477
69.439304,0.001041667132966829
69.459304,1.2646153941003446e-05
69.479304,0.0006284969697909323
69.499304,0.0001062358975122893
69.519304,0.00010588624716087176
69.539303,8.849696977203717e-05
69.559303,1.1550582830178145e-05
69.579303,0.0002665622378472517
69.599303,0.0006661892774760575
69.619303,0.0008906648019625456
69.639302,0.0011153734266873758
69.659302,0.00021723822854866182
69.679302,0.0004288932402183855
69.699302,-0.0001700578087442337
69.719302,-9.218647923185989e-06
69.739301,-0.0005523421910513778
69.759301,-0.0011377501164563056
69.779301,-0.00079241212112523
69.799301,-0.0005526918414096853
69.819301,-0.00042611841483252045
69.839301,-0.0003967477854517734
69.8593,-0.0003494284381172736
69.8793,5.86368299660867e-05
69.8993,-0.000128659207342032
69.9193,0.00016364848496171707
69.939299,0.00019686526817625736
69.959299,0.0004648139861215815
69.979299,0.0008483571096567282
69.999299,0.000717261538564066
70.019299,0.0007726228439228697
70.039298,0.0009298489511468762
70.059299,0.0010135552448554254
70.079298,0.0009161193474211957
70.099298,0.0013311076924006138
70.119298,0.0014090564103502235
70.139297,0.0012389864802846116
70.159297,0.000694231235539968
70.179297,0.0003532055945225492
70.199297,-0.00014283170150471448
70.219297,-0.00030625827492996243
70.239296,-0.0008222256408905085
70.259296,-0.0011123188809800961
70.279296,-0.0011362349649009888
70.299296,-0.0007022023308776631
70.319296,-0.00023761025629149066
70.339296,0.00030005874137313673
70.359295,0.000543648484960036
70.379295,0.001056468997789624
70.399295,0.0005881706294778947
70.419295,-5.705081575066125e-05
70.439295,-0.0004053025640088037
70.459294,-0.00034143310014636205
70.479294,-0.0005430648017778013
70.499294,-0.00044772680643882703
70.519294,0.00016509370639586975
70.539294,-7.010442880788761e-05
70.559293,0.00012919627049048438
70.579293,0.00011637575767848993
70.599293,-0.0007134610721699899
70.619292,-0.0008663748250840493
70.639292,-0.000633740792450641
70.659292,-0.0008083328670344004
70.679292,-0.0007125286712208627
70.699292,-0.000231176689859857
70.719292,0.00023269277402301934
70.739291,-0.00032884568752394844
70.759291,0.0004993594406715087
70.779291,0.0005232755245892214
70.799291,0.0004723431236550303
70.819291,0.0008244410257469657
70.83929,0.0004829724942830046
70.85929,1.793752925028974e-05
70.87929,0.0003102452215524488
70.89929,0.00016409137539924925
70.91929,0.0003013874126936834
70.939289,-0.0001990787877656131
70.959289,0.00014637575768701853
70.979289,-0.00027702750570621275
70.999289,-0.00012113006981547323
71.019289,0.00012817062949976334
71.039288,-0.0007391720278467722
71.059288,-0.0005867477854427177
71.079288,-0.0007467710954759449
71.099288,-0.0006851160838287245
71.119288,-0.0002866312353508864
71.139287,4.565314693197298e-05
71.159287,0.0008068419581340306
71.179287,-9.047738918188219e-05
71.199287,0.0001841146854059259
71.219287,0.0002217836830842302
71.239287,5.5350116646861024e-05
71.259286,-6.318135190547009e-05
71.279286,-0.0005422023309365883
71.299286,-0.00034136317010416894
71.319286,7.297249422739645e-05
71.339286,0.00030176037302330136
71.359285,0.00018555990684484853
71.379285,-0.0004907804194950423
71.399285,0.00010947599076964262
71.419285,0.0005469818182823033
71.439284,0.0010484969698112228
71.459284,0.000940921212224043
71.479284,0.0008372848485880416
71.499284,0.0009125762238806577
71.519284,0.0006889165502238608
71.539284,0.0001503617716756889
71.559283,-0.00017339114207445144
71.579283,-4.3181351867983635e-05
71.599283,0.00019376503507166138
71.619283,0.00033814731944611183
71.639282,0.00022299580429382127
71.659282,0.00025134079264038667
71.679282,5.602610732962499e-05
71.699282,0.00016674871805094277
71.719282,0.00014017529148100652
71.739281,1.660885791755293e-05
71.759281,2.812400943384203e-05
71.779281,0.0003385902098968942
71.799281,0.0002748139861205671
71.819281,0.0003031589744692524
71.83928,0.0001875645688788997
71.85928,0.0002982871796002175
71.87928,0.0006512708625751676
71.89928,0.000665000466302968
71.91928,0.0007469351982375382
71.93928,0.0005099888112952431
71.95928,0.0004723431236518501
71.979279,0.0006339981353073592
71.999279,0.0002331822844991037
72.019279,0.00023539673671697518
72.039279,-0.0001118293705059255
72.059278,-0.00025754032621894276
72.079278,-0.00023761025629149066
72.099278,-0.0003040438227242813
72.119278,-0.0002974004660786172
72.139278,-0.0004679132865875915
72.159277,-0.0004125519812256076
72.179277,-0.00013131654999266537
72.199277,0.0002916438229630337
72.219277,9.455757587882298e-05
72.239277,-0.00031954498821970057
72.259276,-0.0007070741257456381
72.279276,-0.0008403841490540517
72.299276,-0.0005082163168948683
72.319276,-0.000728332867006887
72.339275,-0.0007194750581528917
72.359275,-0.0005378899765725805
72.379275,-0.00029872913741612396
72.399275,-0.00011714405583369283
72.419275,-0.00023672447541218597
72.439274,-0.0005423188810014332
72.459275,-0.0006751860138643646
72.479274,-0.0007947664334396778
72.499274,-0.0006171673658427369
72.519274,-0.0004218526805298554
72.539274,-0.00022033752901467189
72.559273,-0.00013175944043814771
72.579273,9.411468543281068e-05
72.599273,5.425454557260624e-05
72.619273,-2.3694172373823433e-05
72.639272,8.747132878555655e-05
72.659272,-0.00023849603717609506
72.679272,-0.0005064447551240694
72.699272,-0.0005972372959174049
72.719271,-0.00078546573414497
72.739272,-0.0012708736595431994
72.759271,-0.0009249762236514456
72.779271,-0.00039395058262930234
72.799271,-1.3064801749029169e-05
72.819271,0.0002925296038418081
72.83927,0.001081317482616713
72.85927,0.0009369351982396127
72.87927,0.0010481006994016429
72.89927,0.0005099888112963032
72.91927,1.616596748002077e-05
72.93927,-0.0005928083914859022
72.959269,-0.0006703142189889696
72.979269,-0.0008939738926436466
72.999269,-0.00022698088566033598
73.019269,-1.1067597888477355e-06
73.039268,7.152727284624494e-05
73.059268,0.00020217995349501475
73.079268,-0.00021192261060456883
73.099268,-0.0002938573425396691
73.119267,7.152727283988463e-05
73.139268,-0.0003399179486027054
73.159267,1.882331013701433e-05
73.179267,0.00044222657353607594
73.199267,0.000648170629482762
73.219267,0.0003182172495377399
73.239266,-0.0002730414917101222
73.259266,-0.0003235310022004211
73.279266,-0.0008062815849458966
73.299266,-0.0005644634031340365
73.319266,-0.0009608503495166195
73.339266,-0.0014086125872735755
73.359265,-0.0008155822842512044
73.379265,-0.000769078787751696
73.399265,-0.0010667011653678424
73.419265,-0.0005684494171253571
73.439265,-0.00041122330990400085
73.459264,-3.2551981239479014e-05
73.479264,-0.00011005780874625647
73.499264,0.0002092662005707911
73.519264,-0.0004909435896244098
73.539263,-0.0009537641024344832
73.559263,-0.0009112466199167551
73.579263,-0.0014958620045226632
73.599263,-0.0014276568763137735
73.619263,-0.0006587990674695005
73.639262,-0.00010341445209211225
73.659262,0.00042141072272189887
73.679262,0.0008310843823862697
73.699262,0.0014843477856380698
73.719262,0.0015348372961283688
73.739261,0.0011495226108187127
73.759261,0.0009147906760911091
73.779261,0.0002522265735393012
73.799261,-2.4579953262668234e-05
73.819261,0.0003279608392720996
73.839261,0.0004962592075695628
73.85926,0.0010148839161855125
73.87926,0.0007956531469570381
73.89926,0.0006605715618772954
73.91926,0.0007690797203849819
73.93926,0.0005347906760980908
73.959259,-0.00020926526794492518
73.979259,-0.0006167244753951346
73.999259,-0.0011814097900725304
74.019258,-0.0009537641024291831
74.039258,-0.0011021324007997237
74.059258,-0.0007456055942805257
74.079258,-0.0004156522143339138
74.099258,2.879254190282657e-06
74.119258,0.0005941379954402647
74.139257,0.0011145342658291334
74.159257,0.0008930890443886177
74.179257,0.0008510144523200821
74.199257,0.00017560652692613854
74.219257,0.00014726153858328326
74.239256,-0.0008603142189799139
74.259256,-0.0009444634031302353
74.279256,-0.0010817594404267895
74.299256,-0.0012722023308695761
74.319256,-0.0007389622376359217
74.339255,7.308158621255486e-06
74.359255,0.00036383496513992355
74.379255,0.001083089044386982
74.399255,0.0014108279721226128
74.419255,0.0015746974359917532
74.439255,0.001187611188910768
74.459254,0.0009316205129224453
74.479254,-9.367086235139257e-05
74.499254,-0.00018889230756669067
74.519255,-0.0008244400931025498
74.539253,-0.0009945100231713421
74.559253,-0.0011539505826100396
74.579253,-0.00036560559427531675
74.599253,4.628251760586521e-05
74.619252,0.0003403617716804135
74.639252,0.0009271916084967727
74.659252,0.0011636951049951755
74.679252,0.0014954200467168267
74.699252,0.0014400587413553728
74.719252,0.00046348531479308464
74.739251,4.938275069562111e-05
74.759251,-0.00041963822832099407
74.779251,-0.0012256988343684778
74.799251,-0.0015224354310978995
74.819251,-0.0015534377620961583
74.83925,-0.0012784027970655179
74.85925,-0.0007491487178173538
74.87925,5.0268531590295885e-05
74.89925,0.0004732289045449349
74.91925,0.0003000587413773768
74.93925,0.0006588000001102063
74.959249,0.0011769818182817335
74.979249,0.001282832634131896
74.999249,0.0012558163171170079
75.019249,0.0011008046621045129
75.039248,0.0009209911422934107
75.059248,0.0006087533800563795
75.079248,0.0006419701632714499
75.099248,0.0006016671329710632
75.119248,0.00031201678332165773
75.139247,0.0005272615385630516
75.159247,0.0011650237763199624
75.179247,0.0011650237763231423
75.199247,0.00015257622389356045
75.219247,-0.00016541911410188043
75.239246,-0.0005945799532561711
75.259246,-0.0010458853145547255
75.279246,-0.0010835310021970585
75.299246,-0.0013249062935671463
75.319246,-0.0011672372959029577
75.339245,-0.001105675524339202
75.359245,-0.0005702209788887361
75.379245,-0.0006658853145526968
75.399245,-7.019766887704203e-05
75.419245,0.0006543710956739336
75.439245,0.0008975179488153505
75.459244,0.0006867020980028094
75.479244,0.00041653892784279385
75.499244,0.0001862358975435128
75.519243,-4.206992895033803e-06
75.539243,-0.00042938181806171413
75.559243,-0.0006862582749309313
75.579246,-0.0005591487178242895
75.599243,-0.0003859785546556714
75.619242,0.00017250629382260265
75.639242,-8.437016304714459e-05
75.659242,-0.00019509277376581244
75.679242,-0.00014371748239143888
75.699242,-9.72139858855703e-05
75.719242,-0.0005494051280681995
75.739241,-0.0007708503495134849
75.759241,-0.0011207337993965594
75.779241,-0.0008372839159547558
75.799241,-0.0009263048949757025
75.819241,8.747132878714653e-05
75.83924,0.0003129025642142124
75.85924,0.0007819235432287077
75.87924,0.001486119347411519
75.89924,0.0013793827506772816
75.91924,0.0012310144523115106
75.939239,0.0013798256411185236
75.959239,0.001470175291469557
75.979239,0.001569825641117948
75.999239,0.0011884969697964324
76.019238,0.0016181006993951457
76.039238,0.0015946275059176152
76.059238,0.0012181706294683147
76.079238,0.0010325995338988031
76.099238,-6.621165489579167e-05
76.119238,-0.00036737715605777613
76.139237,-0.0007039738926495221
76.159237,-0.0006286825173569062
76.179237,-0.0007035310022061599
76.199237,-0.0006614564101312641
76.219237,-0.00031777342645579167
76.239236,-8.304149172818785e-05
76.259236,-6.576876445242927e-05
76.279236,-0.00038952167819779956
76.299236,-0.0005002442889191173
76.319236,-0.00039793659661638265
76.339236,-0.0008120391607154364
76.359235,-0.0008053958040729523
76.379235,-0.0005374470861276282
76.399235,-9.234219102766564e-05
76.419235,-0.0004072372959163905
76.439234,-0.00010607179475546598
76.459234,-0.00030980139848269087
76.479234,-0.0006596848483609951
76.499234,-7.905547774110749e-05
76.519233,-0.00010341445210006249
76.539233,-3.919533788143318e-05
76.559233,-4.583869452391714e-05
76.579233,0.00027968578099808224
76.599233,0.00041919627050879764
76.619233,-3.0337529017367582e-05
76.639232,0.00034257622388821464
76.659232,-0.00016453333321303574
76.679232,-0.0005299179485915297
76.699232,-0.0006251393938105377
76.719232,-0.0011278200464845257
76.739231,-0.0010015962702619582
76.759231,-0.0006937874124569599
76.779231,7.019860151933797e-05
76.799231,0.0005285902099042688
76.819231,0.0005502918416057
76.839231,0.0008177976691055417
76.85923,0.0003208745921878434
76.87923,0.00043381165511802237
76.89923,0.00015080466210845103
76.91923,-0.00035231888100730905
76.939229,-0.00017737715606895197
76.959229,1.99347329984801e-06
76.979229,0.00023008205138761768
76.999229,0.0002473547786654963
77.019228,-0.00018224895093056685
77.039228,-2.236550104903689e-05
77.059228,-0.00012157296025671558
77.079228,0.0003306181819259133
77.099228,0.0005365622378667694
77.119228,0.00021236643368121696
77.139229,0.000423182284491108
77.159227,-3.5652214336654955e-05
77.179227,-0.0003346032632860681
77.199227,4.207925520899336e-06
77.219227,9.987226118062003e-05
77.239226,0.00014416130546861705
77.259226,0.00010873007003832526
77.279226,0.0007863524476543803
77.299226,0.0010804317017347584
77.319226,0.0010427860140908355
77.339226,0.001351037762337076
77.359225,0.0012075412588414003
77.379225,0.00050157389288196
77.399225,9.58862472025496e-05
77.419225,-0.00018534918403039275
77.439225,-0.0006260251747015026
77.459224,-0.00042008111875958636
77.479224,-0.0002167944054725438
77.499224,-0.0003230881117660689
77.519224,-0.00022078041946439438
77.539223,0.0005564923077968718
77.559223,0.000540991142294032
77.579223,0.00032574638705528834
77.599223,0.0004364689977792561
77.619223,0.0009657230770279502
77.639222,0.0008328559441613088
77.659222,0.0012093128206137893
77.679222,0.0008107114220181051
77.699222,0.0010724596737605974
77.719222,0.0014794759907738049
77.739221,0.002274907226191724
77.759221,0.0019272382285281109
77.779221,0.002119895571185059
77.799221,0.0018165156178110331
77.819221,0.0013802685315719562
77.83922,0.0003775645688783241
77.85922,-0.0007119459206189132
77.87922,-0.0016287291373908949
77.89922,-0.0011326918413588607
77.919219,-0.0007783794870501138
77.939219,-0.00016231888100099443
77.959219,2.1037762355415838e-05
77.979219,0.0004019235432367492
77.999219,0.0002867720280865786
78.019218,0.0003532055945193693
78.039218,-0.0002048363635160725
78.059218,-0.001028612587282677
78.079218,-0.0011127617714308787
78.099218,-0.0007318759905495453
78.119218,-0.0004882862469626461
78.139217,-6.311142179278562e-05
78.159217,-0.000133973892654429
78.179217,-0.00018269184137180888
78.199217,-0.00025355431223345233
78.219217,0.00017162051293640807
78.239217,1.2179953497710387e-05
78.259216,-5.425361293508028e-05
78.279216,-2.768018636196398e-05
78.299216,-0.00018269184137180888
78.319216,4.318228449967941e-05
78.339215,-0.00028721398589082485
78.359215,-0.0006198247084981406
78.379215,-0.00042495291363286135
78.399215,-0.00026108344976849096
78.419214,-0.00024336783205520016
78.439214,-0.0005320857807687287
78.459214,7.129417260154296e-05
78.479214,0.00039984895115149465
78.499214,0.00025427785558275446
78.519213,-0.0002529249416099107
78.539213,-0.0008263515150282261
78.559213,-0.0009478200464964243
78.579213,-0.0007882862469668421
78.599213,-0.00078665454533449
78.619213,-0.0004770041956878788
78.639212,-0.000269894638575454
78.659212,-0.000109614918297064
78.679212,4.539673671543091e-05
78.699212,-0.0004665846152553847
78.719212,-0.0011357920744528565
78.739211,-0.0015285892772478689
78.759211,-0.0008056289043049341
78.779211,-0.00015819300688394718
78.799211,0.0002826228439229598
78.819211,0.0009716671329527591
78.83921,0.0011817137529974812
78.85921,0.0006767020979930763
78.87921,0.0005612009324973182
78.89921,0.00043217995348461037
78.919209,-0.00018823962692307802
78.939209,-0.0006808969695688519
78.959209,-2.1922610607264415e-05
78.979209,0.0002464689977983822
78.999209,-0.0004687990674817363
79.019208,-0.0007185892772884274
79.039208,-0.0011880531467590052
79.059208,-0.0018169575756629805
79.079208,-0.0023625519812504967
79.099208,-0.002060337529038499
79.119208,-0.0019620857807809383
79.139207,-0.0013901743588633489
79.159207,-0.0007542769229575217
79.179207,-0.00021467319333919678
79.199207,-2.196923065694693e-05
79.219207,0.0004984503497535829
79.239206,0.0004156764569777304
79.259206,0.0008436484849398513
79.279206,0.0006553034965955003
79.299206,0.0013364456877261923
79.319206,0.0013298023310842383
79.339205,0.0008399421912339052
79.359205,-0.00013313473182480716
79.379205,-0.0007873538460314952
79.399205,-0.0010891020977705189
79.419204,-0.0008226918413634821
79.439204,-0.0006032512819268073
79.459204,0.0003176111889385098
79.479204,-0.0003317128203981527
79.499204,5.698181827232311e-05
79.519203,-0.0004210834497991374
79.539203,-0.0006777268064496231
79.559203,-0.0007815962703234367
79.579203,-0.0009439505826706505
79.599203,-0.0008968410255485916
79.619203,-2.3857342565732114e-05
79.639202,0.0005274013987020288
79.659202,0.000506655477981986
79.679202,-0.0004891254077996881
79.699202,-0.0007389622376316815
79.719202,-0.0012062116548759076
79.739201,-0.0012283561770228214
79.759201,-0.0009807804194530817
79.779201,-0.0008793585080344216
79.799201,-0.0003943934730774347
79.819201,0.0004825296038316924
79.8392,0.000989639160930293
79.8592,0.0008186834499779561
79.8792,0.0005396624709618253
79.8992,-2.280839149875914e-05
79.9192,-0.0007451160837949013
79.939199,-0.0007551393938162252
79.959199,-0.0009367477854192576
79.979199,-0.0008438806525602777
79.999199,-0.000554836363522293
80.019198,-5.3670862363341075e-05
80.039198,0.00012066480197101546
80.059198,0.000604231235527102
80.079198,0.001082669463957861
80.099198,0.0008332289045232574
80.119197,0.0008950004662952137
80.139197,0.0012679841492737297
80.159197,0.0007536484849481858
80.179197,0.0006353501166479769
80.199197,0.0005157463870462328
80.219197,-0.00029031421899436085
80.239196,-0.0005630414917157153
80.259197,-0.0007763282050050706
80.279196,-0.001055582284255833
80.299196,-0.0015682163168824516
80.319196,-0.0015719226105878677
80.339195,-0.0016543235429932917
80.359195,-0.0014229715616477078
80.379195,-0.0010373072259898144
80.399195,-0.000497330536019611
80.419195,-0.00015513939380889307
80.439194,-8.346107215624896e-05
80.459194,-0.0007632979019960057
80.479194,-0.0009275170162271638
80.499194,-0.001340454079166309
80.519193,-0.0013467244754388945
80.539193,-0.001424813053527481
80.559193,-0.0014756289043342862
80.579193,-0.001147563636260949
80.599193,-0.0010274004660736158
80.619193,-0.0007767011653558889
80.639192,-0.001009661538329654
80.659192,-0.0010411300697955863
80.679192,-0.0007604773891529335
80.699192,-0.001060151048823663
80.719192,-0.0003226452213295968
80.739191,-0.00031576876445354096
80.759191,-0.0004697547784408644
80.779191,-3.900885770337386e-05
80.799191,-0.0005636941723789382
80.819191,-0.00029914871784789544
80.83919,-0.00019346107216738093
80.85919,-7.064055935220476e-05
80.87919,-0.00017451002322177808
80.89919,-0.0008241836828860075
80.919189,-0.0001753491840588202
80.939189,-0.0003901510488573817
80.959189,-0.0002727850814914599
80.979189,-2.6980885688279352e-05
80.999189,0.0006218536131410283
81.019188,0.0007928093240928347
81.039188,0.0006776578089426643
81.059188,0.0011461892774646447
81.079188,0.0005450237763111848
81.099188,-0.00016220233090275915
81.119188,-7.022097891778355e-05
81.139187,-0.0005666079252996449
81.159187,-0.0007261650348561883
81.179187,-0.0004878200465198829
81.199187,-0.0003959552446516933
81.219187,-0.0008745100232024182
81.239186,-0.0006085426572408636
81.259186,-0.00045106013976215447
81.279186,-0.0004768177155167098
81.299186,-0.0003359086246141039
81.319185,-0.000664789743484802
81.339185,-0.0007664447551418039
81.359185,-0.0012954657341585163
81.379185,-0.00046085034954036666
81.399185,-0.0012826452213375117
81.419184,-0.0012186825173916055
81.439184,-0.0011746265733461902
81.459184,-0.0009750927738206064
81.479184,-0.0009146032633364752
81.499184,-0.0003598247085678573
81.519184,-0.0006468643355914013
81.539183,0.00016907972034796952
81.559183,0.0003200354313158204
81.579183,0.001198007459292451
81.599183,0.001152436363704439
81.619183,0.0007560494173213261
81.639182,0.00043495384623029934
81.659182,0.0006231822844589247
81.679182,-0.00011865920736992951
81.699182,2.1294172582558097e-05
81.719182,-0.0005633212120222896
81.739181,-0.0006913165500161861
81.759181,-0.0009326918413862739
81.779181,-0.0007528783215767616
81.799181,-0.001331293239983018
81.81918,-0.0014043701630614728
81.83918,-0.000913204661901654
81.85918,9.565314693664749e-05
81.87918,3.811655098599114e-06
81.89918,-0.0005599179486201985
81.91918,-0.0001326685313778038
81.939179,-0.000334533333237515
81.959179,-4.6965034018587015e-06
81.979179,0.00039357855487307897
81.999179,0.00022120093249765078
82.019179,0.0011452102564939257
82.039178,0.0014073314686073768
82.059178,0.0016851869464524689
82.079178,0.0013295925408627872
82.099179,0.0011192195804904284
82.119177,0.0018393594406167914
82.139177,0.0012808745921411673
82.159177,0.0011387067599792884
82.179177,0.0014930191142890955
82.199177,0.0009487067599819841
82.219177,0.0005788932401751677
82.239176,-7.83561770674229e-05
82.259176,-0.0008312699299702641
82.279176,-0.0003835076922148978
82.299176,-0.00018199254070130422
82.319176,-0.0002816428903491652
82.339175,-0.0003635776222810854
82.359175,-0.00042779673649706454
82.379175,-0.00020635151505442914
82.399175,-0.00034586200456567456
82.419174,-0.0005119459206495064
82.439174,-0.0003458620045688547
82.459174,-9.119999991061861e-05
82.479174,0.0005558629371425897
82.499174,0.0005983804196603177
82.519174,-0.0003339039626081431
82.539173,-0.0004574703961705368
82.559173,-0.0010881463868347109
82.579173,-0.00196551235418084
82.599173,-0.0018162582749315249
82.619172,-0.0027418993005601513
82.639172,-0.0025558853145488678
82.659172,-0.0021794284380990373
82.679172,-0.0016966778553588614
82.699172,-0.001466817715503473
82.719172,-0.001248029836718891
82.739171,-0.0008494284381258569
82.759171,-0.00017224895095422426
82.779171,0.000394650815939453
82.799171,0.001393811655086717
82.81917,0.000755606526892804
82.83917,0.00021483729613312093
82.85917,0.000569149650439748
82.87917,-6.418368288778e-05
82.89917,-0.0007639505826480987
82.919169,-0.0006089389276398437
82.939169,-0.0010385426572401468
82.959169,-0.0007001743588754818
82.979169,-0.0004942303029378055
82.999169,9.215664344367167e-05
83.019169,7.709836838419438e-05
83.039168,-7.304149175184554e-05
83.059168,-1.7361304452497743e-06
83.079168,-0.00029891561761591373
83.099168,-0.00010404382274586445
83.119168,0.00022369510498976633
83.139167,0.0006001519814427769
83.159167,0.00026355524485050083
83.179167,-0.00011511608381879128
83.199167,0.0002861426574280565
83.219167,0.00011120093248545934
83.239166,-0.0003210601397691875
83.259166,-0.0011585659672609424
83.279166,-0.001200640559332128
83.299166,-0.0006222256409253417
83.319165,-0.0006948596735599041
83.339165,-0.0006040671327655085
83.359165,-0.0012467011653877439
83.379165,-0.0013751393938250026
83.399165,-0.001324206992896642
83.419164,-0.0011342069929003973
83.439164,-0.0011966545453482274
83.459164,-0.0012763748250723464
83.479164,-0.000377307226018956
83.499164,0.00057933613061058
83.519164,0.00010987226115060232
83.539163,0.00024672540800644416
83.559163,0.0004349538462366596
83.579163,0.0005394759907583256
83.599163,0.0005084736597600666
83.619162,0.00023875338004288355
83.639162,0.00019667878797116763
83.659162,3.5466666759020855e-05
83.679162,0.00019047832176886584
83.699162,0.0004340680653557649
83.719162,-3.9824708531475234e-05
83.739161,0.0007866088578905329
83.759161,0.000903974825257515
83.779161,0.0003809212122137727
83.799161,0.00034991888121074354
83.81916,-0.00015054731925067278
83.83916,-0.00047385734255798084
83.85916,-0.0009388923075885759
83.87916,-0.0007528783215778219
83.89916,-0.00023469650340311455
83.919159,5.318228447125149e-05
83.93916,0.0012906181818935474
83.959159,0.0015864689977441947
83.979159,0.0017968419581128434
83.999159,0.002105093706355904
84.019158,0.002231760373017064
84.039158,0.0012197557110255439
84.059158,0.0006612708625509799
84.079158,0.0003335319348158793
84.099158,-3.064801775866724e-06
84.119157,-0.00032017435887769286
84.139157,-0.00011865920736409938
84.159157,-0.0002913864800898852
84.179157,-0.00023558228429301916
84.199157,0.00014796083924000772
84.219157,0.00030518694646401403
84.239156,-7.493706207899523e-06
84.259156,-0.00022008111878858954
84.279156,-6.46265733353823e-05
84.299156,-0.0001270741257773825
84.319155,-0.0003396615383612526
84.339155,-0.0001842069929112256
84.359155,-0.0002749995337029712
84.379155,-0.0003724354311403812
84.399155,0.0002409678322506846
84.419154,0.0009690797203543886
84.439154,0.001301247552517812
84.459154,0.001564324475594101
84.479154,0.0020847207459834998
84.499154,0.0017255365968062478
84.519153,0.0015001053613728217
84.539153,0.0011409212121934497
84.559153,0.0007157463870214692
84.579153,0.0003437184149978413
84.599153,0.0005124596737344269
84.619153,0.0005811076923824389
84.639152,-0.0001518759905903
84.659152,0.00013201678330122606
84.679152,-0.00013327459198392435
84.699152,-0.0009309202796128249
84.719151,-0.0013910834497717348
84.739151,-0.0014065846152713942
84.759151,-0.0008060251747219344
84.779151,0.00011518694647836978
84.799151,0.0006112242425088137
84.81915,0.0008415272728080947
84.83915,0.00047127086255685583
84.85915,0.0006568419581242475
84.87915,0.0005031589744444893
84.89915,0.00046329883458163477
84.919149,0.00036187692315502455
84.939149,0.00043495384622870947
84.959149,0.00046817062944430984
84.979149,0.0005058163170903528
84.999149,0.00044779766907667535
85.019149,0.00010234312362775378
85.039148,-0.0005708503495541485
85.059148,-0.000725419114120101
85.079148,-0.0006031813518840841
85.099148,-0.0006736009323050153
85.119148,-0.0006536708623749131
85.139147,-0.0007710368297387149
85.159147,-0.0011851393938351186
85.179147,-0.0009747664334627597
85.199147,-0.000976980885674801
85.219146,-0.0006332979019977387
85.239146,-0.00012397389267967664
85.259146,4.46433575705202e-06
85.279146,0.00011075804204951694
85.299146,0.00015061818190919155
85.319145,0.0004668419581311832
85.339146,0.0005328326341206115
85.359145,0.0004593128205993244
85.379145,0.00045709836837933297
85.399145,0.00044159720287437334
85.419144,0.0009309911422602131
85.439144,0.0014070983683610848
85.459144,0.0012675878788530191
85.479144,0.000756049417322916
85.499144,0.0007936951049721391
85.519143,0.0002998722611606267
85.539143,7.665547794878194e-05
85.559143,0.00022768111897313655
85.579143,0.00033840372969445447
85.599143,0.0009872382285189918
85.619143,0.0011134620047394393
85.639143,0.0014389864802587884
85.659142,0.0010425995338756756
85.679142,0.0006019235432045657
85.699142,0.0003605482518323579
85.719141,-0.0005185892772941106
85.739141,-0.0007555356642364057
85.759141,8.450349742542289e-06
85.779141,0.00060856689985447
85.799141,0.0015793827506551685
85.81914,0.0013778675991447551
85.83914,0.0013845109557898893
85.85914,0.0008774013986875785
85.87914,0.0008769585082473963
85.89914,0.0004694993007908268
85.919139,-2.6537995242797226e-05
85.93914,0.00032600279728985066
85.959139,0.0008419701632514569
85.979139,0.001247214918491215
85.999139,0.0013424363637107534
86.019138,0.0006843011655867383
86.039138,0.0002015505828433825
86.059138,0.00023698181827579439
86.079138,0.00011297249426950838
86.099138,0.00044824055952851773
86.119138,0.0005368186481061019
86.139138,0.0008822731935560836
86.159137,0.0005673780886678887
86.179137,0.00020642237771718787
86.199137,-0.00021653799523798132
86.219136,-0.0007015030301976183
86.239136,-0.0006700578087554671
86.259136,-0.0006479132866101435
86.279136,-0.001068659207351151
86.299136,-0.0009827384614305604
86.319135,-0.0008968177155104998
86.339135,-0.0008675869462835699
86.359135,-0.001122248950941806
86.379135,-0.0011023188810117038
86.399135,-0.0009672372959319609
86.419134,-0.0007170041957025778
86.439134,-0.00019217902088485627
86.459134,-0.0003542769229778975
86.479134,-0.0004738573425558608
86.499134,-0.0007263048949994054
86.519133,-0.000668286246985198
86.539133,-0.001029241957939079
86.559133,-0.0011559086246023585
86.579133,-0.0009964680651636608
86.599133,-0.0012444867131794128
86.619133,-0.0011390321677239898
86.639132,-0.0008819459206412721
86.659132,-8.287832158769017e-05
86.679132,0.0004499888112697056
86.699132,0.0007166554779309153
86.719131,0.0007171216783959386
86.739131,0.0004513874126647759
86.759131,0.00016304242432432613
86.779131,-0.00046763356633984813
86.799131,-0.0009648596735571619
86.81913,-0.0006787524474551845
86.83913,-0.0003387524474597573
86.85913,0.00036593286721874887
86.87913,0.0007094060606870807
86.89913,0.0008189398602135786
86.919129,0.0011287300699922766
86.939129,0.0011893361305931943
86.959129,0.0011159095571665017
86.979129,0.0005727860140558003
86.999129,0.0011003151515743678
87.019129,0.0009406414919010383
87.039128,0.0007921566434200717
87.059128,0.0005694293707044516
87.079128,0.0003835319348120738
87.099128,-0.0005712699299769096
87.119128,-0.00044117668988775764
87.139127,-0.0004782629369741825
87.159127,-0.0005457221444252547
87.179127,-0.0009101743588689316
87.199127,-0.0009237174824139026
87.219126,-0.0012006405593358383
87.239126,-0.0003689156176268038
87.259126,8.903310031794468e-05
87.279126,-0.00013287832159024446
87.299126,-0.0005164680651756037
87.319125,-0.00019022097893228794
87.339125,-0.00047180606051187775
87.359125,-0.0005636242423219049
87.379125,-0.0007765846152788538
87.399125,-0.0011784494171360618
87.419124,-0.001104533333223215
87.439124,-0.0008321557108495682
87.459124,-0.0004446265733262809
87.479124,-0.0004291254078271514
87.499124,-0.00038262191132658297
87.519123,-0.000796234964928882
87.539123,-0.0012056988343908824
87.559123,-0.0006302909089962174
87.579123,-0.00039637482508770477
87.599123,-0.0005039505826653443
87.619123,-0.0007545566432678065
87.639122,-0.0004447664334795683
87.659122,0.0002732755245510092
87.679122,0.0010719934732552935
87.699122,0.0015772382284938002
87.719121,0.0013859794872409328
87.739121,0.00118726153852278
87.759121,0.0012165389277988621
87.779121,0.0006109445222149593
87.799121,-0.0004860251747321931
87.81912,-0.0012748363635271692
87.83912,-0.0014976568763490439
87.85912,-0.0014326452213441149
87.87912,-0.0004067477854678665
87.89912,0.0003120167832840273
87.919119,0.0004808979021617097
87.939119,0.0007332289044911184
87.959119,0.0008652801865450287
87.979119,0.0009922032634736113
87.999119,0.0005347440560335676
88.019119,0.0003516438229329202
88.039118,0.00022891655020120866
88.059118,0.00028824055952437187
88.079118,0.00041658554786809586
88.099118,0.00014674871803094678
88.119117,0.00011665547793418337
88.139117,0.00015068811196463475
88.159117,0.00030043170170116466
88.179117,0.0006847906760522226
88.199117,0.00020693519820327305
88.219116,0.0005597090909626025
88.239116,0.0005514340326861763
88.259116,0.0008129491841961569
88.279116,0.0007181706294173309
88.299116,0.0002990331002875443
88.319115,-0.00034220233093326105
88.339115,-0.0005753025640274525
88.359115,-0.0010778899766094958
88.379115,-0.0009965146852313636
88.399115,-0.000910034498752215
88.419114,-9.653799526905722e-05
88.439114,-0.00016238881112056868
88.459114,7.360186486153832e-05
88.479114,-0.00011800652674857703
88.499114,-0.0008079832167110733
88.519114,-0.0007743235430505207
88.539113,-0.0006077967365238567
88.559113,-0.0008221557108785259
88.579113,-0.0006631580418747104
88.599113,6.269277396196972e-05
88.619112,-0.00023066386938649193
88.639112,-0.0002890554777743082
88.659112,-0.0005757454544575647
88.679112,-0.0008555589742684755
88.699112,-0.0007582396269563316
88.719111,-8.0500699231971e-05
88.739111,4.075804202484661e-05
88.759111,0.0004860027972595462
88.779111,0.0006037417249932467
88.799111,0.001322716083950161
88.81911,0.0011642079254478702
88.83911,0.001462716083956571
88.85911,0.001531364102605643
88.87911,0.0018041846154226522
88.89911,0.0014166554778988348
88.91911,0.0016415972028339164
88.939109,0.0011209911422389671
88.959109,0.0006098023310639917
88.979109,0.0001955832168481521
88.999109,3.998135268178235e-06
89.019109,-0.0005821090908273948
89.039108,-0.0005057687644837059
89.059108,-0.0009297780884835875
89.079108,-0.001174510023207144
89.099108,-0.0013079365966281035
89.119107,-0.0010467710954663602
89.139107,-0.0007258853145808844
89.159107,-0.0009254191141096481
89.179107,-0.0006135310022314546
89.199107,-0.0005675170162181008
89.219106,-0.00013453333324425776
89.239106,0.0007984503497243884
89.259106,0.00046385827513754306
89.279106,0.0005123431236224112
89.299106,0.0006693128205901246
89.319105,6.02610731647061e-06
89.339105,-6.656130526946948e-05
89.359105,-0.0009746265733232527
89.379105,-0.0016884960371791502
89.399105,-0.0022439972026669646
89.419104,-0.0017150694637490865
89.439104,-0.0008683328670244274
89.459104,-0.0003052792539799136
89.479104,0.00013353193482315247
89.499104,0.0004481006993847708
89.519103,0.00019509370638160812
89.539103,-0.0002317128204168944
89.559103,-0.0005944167831225635
89.579103,-0.0010368177155142602
89.599102,-0.0010938107225117763
89.619102,-0.0007383328670436507
89.639102,0.00018905641032881414
89.659102,0.000681713752977238
89.679102,0.0005793594406258809
89.699102,0.0007448606061289634
89.719101,0.0011181473194076244
89.739101,0.00036488391615813567
89.759101,0.00041022191149455567
89.779101,0.0001030191143030977
89.799101,0.0001167720280520293
89.819101,-0.00016154965026391648
89.8391,0.00023651561779805097
89.8591,-7.93351980482122e-05
89.8791,-0.0003115030302102369
89.8991,-0.00023022097892722954
89.919099,-3.451002322543798e-05
89.939099,-0.0002940438227574789
89.959099,-5.9311888029345197e-05
89.979099,-0.000342761771474859
89.999099,7.576969705198749e-05
90.019099,0.00021483729611934064
90.039098,0.000604137995416607
90.059098,0.0008924596737295656
90.079098,0.0009717370630071421
90.099098,0.0009097324010026741
90.119097,0.0007064456877161616
90.139097,0.0005939515152208647
90.159097,0.00011740139867981084
90.179097,0.00019756456884146195
90.199097,-0.00020989463860662756
90.219096,-0.0002183095570177905
90.239096,-0.0002422256409312632
90.259096,0.00024096783225704477
90.279096,0.000708217249503921
90.299096,0.0006975878788732967
90.319095,0.0005602918415793924
90.339095,0.00047171375300286824
90.359095,0.0003326461539355151
90.379095,0.00017586293715222097
90.399095,-0.0008122256409210561
90.419095,-0.0010801743588653202
90.439094,-0.0014207571094452067
90.459094,-0.00127903216771927
90.479094,-0.0014074703961544084
90.499094,-0.0015474237761037163
90.519094,-0.00083835617704922
90.539093,-0.0006124820511787917
90.559093,-0.0003113165500189273
90.579093,0.00013998881128280717
90.599092,0.00037427785557022866
90.619092,0.0002679841492740533
90.639092,0.00013954592083361472
90.659092,6.381165510134634e-05
90.679092,-0.0007895916082901082
90.699092,-7.327459198382729e-05
90.719091,0.0002490797203606426
90.739091,0.00040423123551158453
90.759091,0.0006193827506610337
90.779091,0.0009388233100975176
90.799091,0.00011409137538238466
90.81909,-0.00017264522135267417
90.83909,-0.0005377967364991863
90.85909,-0.0005623888110895929
90.87909,-0.0013279132866009982
90.89909,-0.0006008503495478369
90.919089,-0.0001739272726373187
90.939089,0.00038959254087009857
90.959089,0.0003953034965809457
90.979089,0.0004159328672027529
90.999089,-0.00023884568756567346
91.019088,0.00044521025647618494
91.039088,0.00044544335670869666
91.059088,0.00030838041965419445
91.079088,-7.087365959425676e-05
91.099088,0.00017180699308796686
91.119087,0.0004530424243113689
91.139087,0.0005925529138194343
91.159087,0.00018730815858656623
91.179087,7.926620054178314e-05
91.199087,6.65622378327943e-05
91.219086,0.0005287067599664637
91.239086,0.0007012009324597377
91.259086,0.0004847906760594954
91.279086,5.702843830186489e-05
91.299086,0.00024700512827909813
91.319085,0.0005094759907439668
91.339085,0.00031600279727746786
91.359085,-0.0005920624707673052
91.379085,-0.0007469575756582442
91.399085,-0.0003360251747425501
91.419084,-0.0005284727271865277
91.439084,-0.0006346498833595569
91.459084,-0.0004878200465326033
91.479084,-0.00021665454537490744
91.499084,0.0005319468532110969
91.519083,0.0009108279720806391
91.539083,0.0002637184149825184
91.559083,-0.000605419114139517
91.579083,-0.0003536708623961575
91.599082,-0.0005506638693857735
91.619082,-0.0014475170162181125
91.639082,-0.0018930881117793885
91.659082,-0.0015759785546754423
91.679082,-0.001540081118780657
91.699081,-0.0015657221444258466
91.719081,-0.001493461072172313
91.739081,-0.0017687524474592465
91.759081,-0.0018188689975791165
91.779081,-0.001576444755162726
91.799081,-0.0016463748250879625
91.81908,-0.0011813398600584277
91.83908,-0.0009200344987561177
91.85908,-0.0003442769230052651
91.87908,-0.0002601277388570636
91.89908,-0.00046828624701314116
91.919079,-0.00025126992999935827
91.939079,-5.639813512983889e-05
91.959079,0.00021553659680362557
91.979079,5.388158514811649e-05
91.999079,0.00033954592080726146
92.019078,0.0005543477856052931
92.039078,0.0003554899767471033
92.059078,-6.525594399178449e-05
92.079078,-0.00014940512813786596
92.099077,-0.0008624587411810328
92.119077,-0.0005214331001572538
92.139077,-0.00020698088570659113
92.159077,0.00024033846160965283
92.179077,0.0004418536131216562
92.199077,0.0008998023310632247
92.219076,0.0010791729604256645
92.239076,0.001214254545500107
92.259076,0.0010211543124019169
92.279076,0.0008395692308178957
92.299076,2.022191148014381e-05
92.319075,-0.0004873305360634089
92.339075,-0.0007464214451515577
92.359075,-0.0009966545453804108
92.379075,-0.0013531813519001392
92.399075,-0.0013726685313874092
92.419075,-0.001385512354233255
92.439074,-0.00039122330995555607
92.459074,0.0005764923077495566
92.479074,0.000871014452269587
92.499074,0.0008510843823416048
92.519073,0.0007160027972639821
92.539073,0.001024254545510223
92.559073,0.0006433687646288896
92.579073,0.00010747132873771128
92.599073,-6.52559439875444e-05
92.619072,-0.0005524354311613427
92.639072,1.4464335731804393e-05
92.659072,0.0004165622378209945
92.679072,4.127086253902256e-05
92.699072,-0.0005065146852362235
92.719071,-0.0008237641024791465
92.739071,-0.0012010135197205768
92.759071,-0.0016023888110911005
92.779071,-0.0015141370628432727
92.799071,-0.0012595682982828116
92.81907,-0.0003931347318685122
92.83907,0.00010770442895856307
92.85907,0.0006977976690353866
92.87907,0.0006477976690381321
92.89907,0.0003709911422356326
92.919069,3.395151520529417e-05
92.939069,-0.00019635151509133676
92.959069,-0.0001604773892155628
92.979069,-0.0005032745920069605
92.999068,-0.0009324354311617815
93.019068,-0.0003185892773231134
93.039068,-0.0008987757575001688
93.059068,-0.0011490088577295519
93.079068,-0.0013881696968886586
93.099067,-0.001366025174744395
93.119067,-0.001242015850735459
93.139067,-0.0008916895104159126
93.159067,-7.63282050663012e-05
93.179067,0.0001185435898058682
93.199067,0.0002514107226740996
93.219066,0.0005658629371252922
93.239066,-1.8752447480615766e-05
93.259066,-0.00046607179479208976
93.279066,-0.0006959319346517187
93.299066,-0.00024196923069511058
93.319065,-0.0002530414917685674
93.339065,8.706759972864974e-06
93.359065,0.00010171375297877202
93.379065,-0.00010511608384297869
93.399065,-0.0002335543122807674
93.419065,-0.00022469650342412197
93.439064,-0.0008004540791760346
93.459064,-0.000361992540720676
93.479064,-0.0003487058274351779
93.499063,8.975571102018072e-05
93.519063,7.646899773256248e-05
93.539063,-6.968484842063711e-05
93.559063,-0.0007760951048207896
93.579063,-0.001280990209705229
93.599062,-0.001116677855394846
93.619062,-0.0011959552446718926
93.639062,-0.001669848018555953
93.659062,-0.0010143701630836314
93.679062,-0.0010719459206576566
93.699062,-0.0013243934731022612
93.719061,-0.0012136708623820035
93.739061,-0.0008443002330158994
93.759061,-0.00010954498827289155
93.779061,0.0003550470863101008
93.799061,0.001597354778598252
93.81906,0.0017147207459583436
93.83906,0.0017032055944441744
93.85906,0.00197336876460419
93.87906,0.001588054079295064
93.89906,0.0005313174825748347
93.919059,0.00017921958048183918
93.939059,-0.00014187599060759733
93.959059,-0.0004625286712573818
93.979059,-0.0004151393938732687
93.999059,-0.0005612932400232881
94.019058,-0.0011193351980566101
94.039058,-0.0007180764568023423
94.059058,-0.00015516270389256536
94.079058,-0.00047847272719245325
94.099057,-0.0005670508157642074
94.119057,-0.0005559785546907505
94.139057,-0.0006046965034107805
94.159057,-0.0006383561770718631
94.179057,-0.00038989463862228917
94.199057,-0.0004390554777830314
94.219056,0.00011500046626161995
94.239057,0.0007704783217307614
94.259056,0.0010091962704486257
94.279056,0.0010331123543695184
94.299056,0.0008621566434208919
94.319055,0.00025761118888329153
94.339055,-0.00021805314677898782
94.359055,-0.0007318060605274925
94.379055,-0.0013425519812726948
94.399055,-0.0014957920745112107
94.419054,-0.001123764102489703
94.439054,-0.0009293351980603656
94.459054,-0.0006773305360554132
94.479054,0.0007044876457461029
94.499053,0.001045513286768292
94.519053,0.0014224130536604246
94.539053,0.001579639160883901
94.559053,0.0018236717949115125
94.579053,0.001181480652730519
94.599053,0.000324044755309192
94.619052,-5.019766892859723e-05
94.639052,-0.0006751160838370119
94.659052,-0.0006618293705515138
94.679052,3.3951515216424375e-05
94.699052,-0.00019413706287187536
94.719052,-9.005780879569182e-05
94.739051,0.0003621333333869373
94.759051,0.0005764923077469066
94.779051,0.0003771916084506545
94.799051,-0.00016092027964938497
94.81905,-0.0002114097901370339
94.83905,-0.00034427692299943515
94.85905,-0.00023133986006342592
94.87905,-0.00037483636356281194
94.89905,-0.0005763515150758754
94.919049,-0.00029334452207107405
94.939049,-0.00015161958035149735
94.959049,-0.00024772680645458007
94.979049,0.0002398955711546305
94.999049,0.0004178909091436611
95.019048,0.0003437650350226137
95.039048,-0.0002465379952677103
95.059048,-0.0006395216782434318
95.079048,-0.0009428083915318732
95.099047,-0.0008857920745142858
95.119047,-0.0007594517481744027
95.139047,-0.0007219459206758167
95.159047,-0.0009947897435118368
95.179047,-0.0008326918414166757
95.199047,-0.0005310601397886079
95.219046,-0.0009224354311504585
95.239046,-0.0010753491840576278
95.259046,-0.0006075403262543134
95.279046,-0.000435792074513557
95.299046,9.089790216584812e-05
95.319045,-6.213240085969703e-05
95.339045,-0.00028998787871230503
95.359045,-0.0011975636362698636
95.379045,-0.001290920279623478
95.399045,-0.0014398480185472769
95.419044,-0.0016084727271718465
95.439044,-0.001266258274970738
95.459044,-0.0004553958041250329
95.479044,6.257622383511378e-05
95.499043,0.00040702843828317503
95.519043,2.5117016385150246e-05
95.539043,-7.959906685113012e-06
95.559043,-0.000447447086156103
95.579043,-0.00031735384606218107
95.599042,-0.000581083449785793
95.619042,-0.0009553491840468333
95.639042,-0.00070371748242238
95.659042,-0.00037483636355062176
95.679042,0.00010674871802540515
95.699042,0.0008244643357235762
95.719041,0.0008146741259289339
95.739041,0.000723998135253974
95.759041,0.0005524363636986969
95.779041,0.0001821333334009559
95.799041,-7.998787871355524e-05
95.81904,-0.0005071440558571152
95.83904,-0.0003354424241512008
95.85904,-0.0002028083915170711
95.87904,0.0005610843823694022
95.89904,0.0011357930070675921
95.919039,0.0007058396271201114
95.939039,0.0004838116550961965
95.959039,0.00015082797211845203
95.979039,-0.00029311142181312195
95.999038,-0.00028341445211837427
96.019038,-0.0006155822842823276
96.039038,-0.00039147972018428853
96.059038,-0.0005398480185484692
96.079038,-0.0005730648017630096
96.099038,-0.0010260951047826807
96.119037,-0.0013262116548999523
96.139037,-0.0009976568763526506
96.159037,-0.0011210834497808373
96.179037,-0.0007752792539831483
96.199037,-0.0003632745919851802
96.219036,-0.0003048829835915339
96.239036,0.00021621258749221988
96.259036,0.00015094452222781784
96.279036,0.00018635244763591836
96.299036,0.00010252960381482311
96.319035,0.00030040839168268363
96.339035,0.0005657696970365275
96.359035,0.0008477976690536496
96.379035,0.0007329724942327055
96.399035,0.00037597948724954374
96.419034,-0.0001715962703169717
96.439034,-0.0004056289043496903
96.459034,-0.0001528550115838093
96.479034,-0.0005258153845380141
96.499033,-0.000517423776145862
96.519033,-0.0003269808857057254
96.539033,-0.0004283794871048442
96.559033,-0.0005496848484097542
96.579033,-0.0011004773891902316
96.599032,-0.0012219226106362385
96.619032,-0.0012656289043461364
96.639032,-0.000988006526733026
96.659032,-0.00037311142185494537
96.679032,-0.00032124661998805733
96.699032,0.0002744410256928975
96.719031,0.0006752568765059231
96.739031,0.0007527627040142905
96.759031,0.0006221100233681705
96.779031,0.0003918069930715395
96.799031,0.000505186946447731
96.819031,-5.10834498137317e-05
96.83903,-0.000407167365899108
96.85903,-0.00045588531461913793
96.87903,-0.00022558228432038678
96.899029,0.0003988932401473156
96.919029,0.0010145109557583728
96.939029,0.001780711421951482
96.959029,0.0016008979021446199
96.979029,0.0013878675991200375
96.999028,0.0015078909091376528
97.019028,0.0017571916084306292
97.039028,0.0013756997669442355
97.059028,0.000869545920801053
97.079028,0.0005943710956298456
97.099028,0.0007136018648601013
97.119027,0.0006851403263983401
97.139027,0.00014271608398464382
97.159027,-0.0009885193472334215
97.179027,-0.0011845799532924607
97.199027,-0.0014091953379094459
97.219026,-0.0005732979020252018
97.239026,-0.0006299412586622901
97.259026,-0.0008629016316164447
97.279026,-0.0006104540791755502
97.299026,-7.23421910760406e-05
97.319025,0.0003240447553007119
97.339025,0.00023458088583958313
97.359025,0.0003962358974892622
97.379025,0.0005933221445713528
97.399024,0.00030765780891008786
97.419024,0.00034530349655666095
97.439024,0.00018807738933530465
97.459024,-0.00024816969690218246
97.479024,-0.0006954890442131263
97.499023,-0.0007105473192741936
97.519023,-0.0007282629369896043
97.539023,-0.0008478433565675676
97.559023,-0.0006418993006267116
97.579023,-0.0006729016316313305
97.599023,-0.00034782004655322356
97.619022,-6.215571089513867e-05
97.639022,0.00034308904434355957
97.659022,0.000807681118932382
97.679022,0.0007607347319879212
97.699021,0.0014897324009714597
97.719021,0.002211643822872862
97.739021,0.0022957930070215933
97.759021,0.0018263291375658556
97.779021,0.0017647673660047501
97.799021,0.002035373426609188
97.81902,0.0009728792541300193
97.83902,-0.00022513939386960453
97.85902,-0.0006374703961883187
97.87902,-0.0007743235430409806
97.899019,-0.0009178200465393064
97.91902,-0.0005723655010903849
97.939019,-0.00022513939386801434
97.959019,0.0003661193473798478
97.979019,0.001045956177205294
97.999019,0.001181037762282387
98.019018,0.0002438815851395909
98.039018,-0.0002743002330345864
98.059018,-0.0005798946386227735
98.079018,-0.0009071906759161022
98.099017,-0.001452388811104638
98.119017,-0.001111363170083509
98.139017,-0.00035844941717801793
98.159017,0.0006473547786112
98.179017,0.0005299888112458081
98.199016,0.0011788233100724654
98.219016,0.0007912941725481182
98.239016,0.00048791421917250224
98.259016,0.000498986480245959
98.279016,0.0005968652681235512
98.299016,0.0004994293706935615
98.319015,0.00023236643363178192
98.339015,5.521025648138364e-05
98.359015,-0.0007526219113406092
98.379014,-0.00116229557100551
98.399014,-0.0009740671327768845
98.419014,-0.001627330536031865
98.439014,-0.001797843356543489
98.459014,-0.0010143701630799212
98.479014,-0.00021451002323738964
98.499013,0.0003169585082228158
98.519013,-5.728391601603341e-05
98.539013,-0.00018837948710763555
98.559013,-0.0011494517481692042
98.579013,-0.0006361417248619419
98.599012,-0.0005984960372158987
98.619012,-0.0007495216782376032
98.639012,-0.0011968410255543773
98.659012,-0.000815955244675694
98.679012,-0.0002601277388602437
98.699011,0.00036213333338799733
98.719011,-0.0005577501164806301
98.739011,-5.7283916021863695e-05
98.759011,0.00011987226113171481
98.779011,0.0010543710956201673
98.799011,0.0014662592075050595
98.81901,0.0011562358974880197
98.83901,0.0005676344988923812
98.85901,6.761118887432696e-05
98.87901,-0.0006543002330244251
98.899009,-0.0009550228437441073
98.919009,-0.002007330536033894
98.939009,-0.0012982629369756873
98.959009,-0.0006937174824370271
98.979009,-0.0003327617714857959
98.999008,-0.000505931934652824
99.019008,-0.00036863589736209996
99.039008,-0.0005679365966641823
99.059008,-0.00040229557102689287
99.079008,-0.0001640205127539809
99.099007,3.4837296098908866e-05
99.119007,0.00018984895110345365
99.139007,0.000998566899806871
99.159007,0.0006792428904898235
99.179007,0.00016106107231458604
99.199007,-0.0006405706293051048
99.219006,-0.0008394284381606447
99.239006,-0.0008903608390890059
99.259006,-0.0006339272726514906
99.279006,-0.00010910209783111921
99.299006,-7.765687639055795e-05
99.319005,0.0006805715618215004
99.339005,0.0006384969697471346
99.359005,-0.00020388065261365526
99.379005,-0.000103787412524552
99.399004,-0.0007681230768524589
99.419004,-0.0010400578087848633
99.439004,-0.0013770974358141416
99.459004,-0.0018022722609813521
99.479004,-0.001478519347233332
99.499003,-0.001338565967285084
99.519003,-0.001174696503419124
99.539003,-0.0010715030302217146
99.559003,-0.0005356055943310663
99.579003,9.817062943346376e-05
99.599002,-0.00010334452208118981
99.619002,0.0005454899767444075
99.639002,0.000575606526866542
99.659002,0.0009919235431765769
99.679002,0.0017541379953767756
99.699002,0.0015061193473615538
99.719001,0.0010260261072736019
99.739001,0.0005658629371189321
99.759001,-0.00023532587405739652
99.779001,-0.0012455589742722873
99.799001,-0.0017194517481579374
99.819,-0.0014094284381366575
99.839,-0.0014670041957101526
99.859,-0.0012894051281163918
99.879,-0.0005294051281319447
99.898999,0.00022129417255567512
99.918999,0.0006748139860710408
99.938999,0.0006632988345563417
99.958999,0.0006159095571727588
99.978999,0.0008196391608994535
99.998998,0.0010991030303557667
100.018998,0.0013183337995821209
100.038998,0.0005720634033191138
100.058998,9.14965041304706e-06
100.078998,-7.499953373780451e-05
100.098998,0.00016416130541865197
100.118997,-9.138648011994851e-05
100.138997,-3.602517476061464e-05
100.158997,0.0002739981352569553
100.178997,0.00033644568769895545
100.198996,0.0006619701632183049
100.218996,0.0007483337995811978
100.238996,0.0005113874126394326
100.258996,0.0001105715618317072
100.278996,-0.0004448130535462109
100.298995,-0.0009629948717187984
100.318995,-0.0009098480185683257
100.338995,-0.0004886592073839557
100.358995,0.0001056997669642624
100.378995,-0.000250827039555996
100.398994,-0.00033719067591676886
100.418994,-0.0001976801864065834
100.438994,0.0002828559441247309
100.458994,0.00029835710962598035
100.478994,0.0001234153846860332
100.498994,-0.00031726060598560673
100.518993,0.00030057156183802176
100.538993,0.0005215738928378252
100.558993,0.0007164456877025744
100.578993,-1.4797202143975374e-06
100.598993,-0.00014099020972458288
100.618992,-0.0003115030302362073
100.638992,6.539673665698553e-05
100.658992,0.0003355599068196511
100.678992,0.0001805482518124562
100.698992,-0.00022425361298393975
100.718991,-0.00012460326332971853
100.738991,-0.0006760018647173762
100.758991,-0.0007574937062091141
100.778991,-0.001158752447461262
100.79899,-0.0007756522143689473
100.81899,-0.0002791720279004414
100.83899,0.00032315897442140764
100.85899,7.91263403932662e-05
100.87899,0.00022040839167478067
100.898989,0.0004950004662599389
100.918989,0.0004192662005276703
100.938989,-0.00011441678314934656
100.958989,-0.0002007804195117094
100.978989,-0.0005174470861738833
100.998989,-5.86125873482403e-05
101.018988,-7.189930063638853e-05
101.038988,-0.00030707412580523456
101.058988,-0.0008008969696204571
101.078988,0.00022882331009018374
101.098988,0.0009799655012216958
101.118987,0.0007071449884062766
101.138987,0.0013674946387439231
101.158987,0.0012098256410792046
101.178987,0.001072086713341938
101.198987,0.0010809445221959333
101.218986,0.0006336251748791593
101.238986,0.0004919002331542824
101.258986,0.0004963291375826052
101.278986,0.000874557575809065
101.298985,0.001434813986058138
101.318985,0.001087144988393995
101.338985,0.0017984270396653027
101.358985,0.001589825641071693
101.378985,0.0020840913753318677
101.398984,0.0017390797203225982
101.418984,0.0019184503496919281
101.438984,0.0011987533800046875
101.458984,0.001107960839215062
101.478984,9.152727279574952e-05
101.498983,0.00012075804202426948
101.518983,-0.0006543002330249551
101.538983,-0.0010927617714813736
101.558983,-0.0010661883449082574
101.578983,-0.0007738806526039782
101.598983,-0.000977610256331203
101.618982,-0.00035313473186297063
101.638982,-0.00038413706286493965
101.658982,0.00012518694645312229
101.678982,0.00020933613060132374
101.698982,0.0003864923077554323
101.718981,0.0004972149184767501
101.738981,0.000297914219178378
101.758981,3.2179953447215295e-05
101.778981,0.00010304242430885866
101.79898,-0.0005701510488767536
101.81898,-0.000707447086171188
101.83898,-0.0005125752913016685
101.85898,0.0002890564103206726
101.87898,0.0009516205128751304
101.89898,0.000905117016374562
101.918979,0.0014299421911954633
101.938979,0.0007678209790833078
101.958979,0.0005335319347958863
101.978979,9.684195811556702e-05
101.998978,-0.00045012773884853805
102.018978,-0.0005852093239298708
102.038978,-0.0003792652679900746
102.058978,-0.00042133986006656025
102.078978,-0.0006830881118127627
102.098977,-0.0007189622376874768
102.118977,-0.0005174470861770633
102.138977,-0.0011751393938635461
102.158977,-0.0010090554777828944
102.178977,-0.0006219692306971393
102.198977,1.0035431296591697e-05
102.218976,-6.968484841957714e-05
102.238976,0.0003909212121842849
102.258976,2.3322144592689863e-05
102.278976,9.15272728021097e-05
102.298975,0.0005282172494829591
102.318975,0.0003200587413247617
102.338975,1.177622445246271e-06
102.358975,8.97557110201805e-05
102.378975,0.00031120093246069625
102.398974,0.00030677202802972337
102.418974,-0.00022336783209933527
102.438974,-0.00017022097895416275
102.458974,-0.0001684494171807138
102.478974,0.00026779766905995366
102.498973,0.00046089790215337364
102.518973,0.00034308904434620963
102.538973,0.0005003151515675658
102.558973,0.0005733920746423105
102.578973,0.0005180307692819164
102.598972,0.0011270051282510195
102.618972,0.0009166321678839608
102.638972,0.000848427039679841
102.658972,0.0012736018648528817
102.678972,0.0013714806527299435
102.698972,0.0007155599068206198
102.718971,0.0004542545455183098
102.738971,6.938275064724602e-05
102.758971,-0.0006060251747541177
102.778971,-0.0009094051281313237
102.79897,-0.0002782862470200768
102.81897,-0.00023621165494571117
102.83897,-0.0002366545453858934
102.85897,-1.5104888431049157e-07
102.87897,8.178368304707955e-05
102.898969,-9.138648011994862e-05
102.918969,0.0006088233100752522
102.938969,0.0006066088578579108
102.958969,0.00027665547790705876
102.978969,0.0004958862471355329
102.998968,0.0014405249417610354
103.018968,0.0012578909091376014
103.038968,0.0005528792541431192
103.058968,0.00011162051289603011
103.078968,-0.00034446340318332466
103.098967,-0.00021392727264763037
103.118967,4.129417256704376e-05
103.138967,1.0641491912252246e-05
103.158967,-0.00014644475517330694
103.178967,0.00026847365973423754
103.198967,0.0008563524476000796
103.218966,0.00025052494178366496
103.238966,0.00021952261078275582
103.258966,-0.0003101743589040005
103.278966,0.0001929491842096396
103.298965,0.0008750004662518974
103.318965,0.000699615850871238
103.338965,0.0007992662005190988
103.358965,0.00039579300705278996
103.378965,0.0006176811189329576
103.398964,0.0008103384615861956
103.418964,0.0007461193473675663
103.438964,0.0006686135198639687
103.458964,0.0004183804196367056
103.478964,0.0011163757576235752
103.498963,0.0009525062937586748
103.518963,0.0007354899767486017
103.538963,0.0009795226107783333
103.558963,0.0010703151515721989
103.578963,0.0014512009324535323
103.598962,0.0017634386946852637
103.618962,0.001623928205174548
103.638962,0.0011921100233600835
103.658962,0.0008710144522674669
103.678962,0.0003860494173078298
103.698961,-0.00010334452208013
103.718961,-0.00035357762230951316
103.738961,0.00019782097908397457
103.758961,0.00043033846160059715
103.77896,0.0005477044289675791
103.79896,0.00031562983689378886
103.81896,4.103776230492058e-05
103.83896,0.0005326461539075717
103.85896,0.0003067720280360834
103.87896,0.0004440680653305174
103.898959,0.000266911888176409
103.918959,0.00033777435903805243
103.938959,0.0005255599068233155
103.958959,0.0003639048951678065
103.978959,0.00024653892780135444
103.998958,-0.00040495291368229647
104.018958,-0.00037395058268350763
104.038958,0.00018409137534981427
104.058958,-1.0780419520765148e-05
104.078958,-3.735384609388154e-05
104.098958,0.00021952261078063586
104.118957,0.00019737808863849233
104.138957,0.0002390097902747958
104.158957,0.000711131002387527
104.178957,0.0010034386946918062
104.198956,0.0006136951049538274
104.218956,0.0005034153846726917
104.238956,0.000461340792598326
104.258956,0.00010038508164709492
104.278955,0.000273555244814123
104.298955,0.000136259207523399
104.318955,-0.0005457920745162088
104.338955,-0.00017376410248887077
104.358955,0.00021199347326308752
104.378955,0.00031607272734139114
104.398955,0.00042900979027687036
104.418954,0.000550804662069525
104.438954,0.000390921212188525
104.458954,0.0002447673660321454
104.478954,0.0007496624709171147
104.498953,0.00031341538467379737
104.518953,-0.00014276177149644202
104.538953,3.616596743270578e-05
104.558953,-0.00030973146845957814
104.578953,7.115431241910508e-05
104.598953,5.7867599130956944e-05
104.618952,-6.7944055289146646e-06
104.638952,0.00015928951055120696
104.658952,0.00035238974364409714
104.678952,0.0014419002331397444
104.698951,0.0014419002331386842
104.718951,0.0016673314685721106
104.738951,0.0015915972028451423
104.758951,0.0011314340326862324
104.77895,0.0013156764569240672
104.79895,0.0005096158508734034
104.81895,0.00019693519819990004
104.83895,0.0006894293706818557
104.85895,8.931282057310826e-05
104.87895,-0.00046917202790198586
104.898949,-0.0009501510488740124
104.918949,-0.0006644867132148674
104.938949,-0.0007331347318623495
104.958949,-0.00045411375284621865
104.978949,-2.80839154713417e-06
104.998948,8.576969702620994e-05
105.018948,0.0008076811189276121
105.038948,0.0018001986014292118
105.058948,0.0014033687646080367
105.078948,0.0008807580420076568
105.098948,0.0005844643357189474
105.118947,0.00038782097907809896
105.138947,7.15972028592873e-05
105.158947,-0.0005311766898990337
105.178947,-0.0010444867132031162
105.198946,-0.0008425286712498704
105.218946,-0.0006387990675231756
105.238946,0.0003045575758219222
105.258946,0.0002886135198794305
105.278945,0.000286399067662089
105.298945,0.0003887067599642935
105.318945,0.000384277855535971
105.338945,0.00013803076929419804
105.358945,-0.00038280839153591296
105.378945,-9.005780879145167e-05
105.398944,0.0004303384615984771
105.418944,0.0001579608392243003
105.438944,0.0007359328671903743
105.458944,0.00033777435903593244
105.478944,1.6678787945435792e-05
105.498944,5.6538927803520176e-05
105.518943,-0.0008633445220640472
105.538943,-0.0005223188810429183
105.558943,-0.00026057062930201605
105.578943,0.00015796083922271038
105.598942,0.00021509370635549327
105.618942,0.00039667878793527456
105.638942,0.0006783571096062789
105.658942,0.00031474405600070423
105.678941,-0.00028360093233300416
105.698941,0.00014688857814872347
105.718941,-0.0005311766899022139
105.738941,-3.9125407858850374e-05
105.758941,9.15272727925697e-05
105.778941,-4.798321671549573e-05
105.79894,-0.00021406713279614742
105.81894,-0.00012283170156474966
105.83894,-0.00022912540785827471
105.85894,-0.0006015962703210249
105.87894,-0.00044658461531171004
105.898939,0.0004033221445841185
105.91894,0.0005667487180088365
105.938939,0.0017412941725335799
105.958939,0.0020491030303391084
105.978939,0.002108893240129415
105.998939,0.001517634498878903
106.018938,0.0011965389277889362
106.038938,0.00046798414924505003
106.058938,-0.00044038414910781826
106.078938,-0.0005714797201988906
106.098937,-0.0004076102563345201
106.118937,-7.987132860683957e-05
106.138937,0.0011092895105313688
106.158937,0.0010091962704369653
106.178937,0.0012705016317371553
106.198936,0.001139406060645023
106.218936,0.0011699655012057499
106.238936,0.0009706648019073777
106.258936,0.0006606414918908679
106.278936,0.000249196270451988
106.298935,0.0001278442891026957
106.318935,0.0002168652681231123
106.338935,0.0005649771562300874
106.358935,-5.9498368236025174e-05
106.378935,-4.178275051743409e-05
106.398934,5.565314692156564e-05
106.418934,0.0004325529138174085
106.438934,0.00039977902104199037
106.458934,0.0005990797203403624
106.478934,0.0002403384616032927
106.498934,0.000328916550180347
106.518933,0.0007053734266328275
106.538933,0.0010579142191675956
106.558933,0.0002540680653332131
106.578933,0.00042015198141704486
106.598932,0.0003001286713983694
106.618932,0.0006234386947030274
106.638932,0.0005437184149820884
106.658932,0.0009821799534369172
106.678931,0.0010176111888661487
106.698931,0.0007935086247665195
106.718931,0.0011677510490005986
106.738931,0.0010636717949191149
106.758931,0.0001973780886374323
106.778931,0.00021952261078275582
106.79893,-6.569883443514673e-05
106.81893,-0.0002224820512157908
106.83893,-0.0005369342656616834
106.85893,-0.0004749296036550953
106.878929,0.00023812400939284144
106.898929,0.0004374247086938636
106.918929,0.0007257463870100022
106.938929,0.0003736484849154165
106.958929,0.00047772773899213013
106.978929,0.00036036177162567824
106.998928,-0.00013788997662263702
107.018928,-0.0005834377621633119
107.038928,-0.0006100111887364281
107.058928,0.0004440680653305174
107.078928,0.0011836951049489204
107.098927,0.0013103617716122003
107.118927,0.0010911310023863758
107.138927,0.0005663058275691844
107.158927,-2.0524009252474934e-05
107.178926,-0.0009882396269559979
107.198926,-0.0013004773891898487
107.218926,-0.0009572372959540286
107.238926,-0.0007512932400131726
107.258926,0.00028285594412261086
107.278925,0.0007368186480781589
107.298925,0.000725746387003642
107.318925,0.0010862592075141608
107.338925,0.0009046741259311998
107.358925,0.0008586135198692233
107.378925,0.0003780773893410891
107.398924,0.00019427785554555668
107.418924,-0.0001666778554046144
107.438924,-0.0010794750581884555
107.458924,-0.0013274937062063273
107.478924,-0.0009510368297559669
107.498923,-0.0012743468530643349
107.518923,-0.00027961491834804374
107.538923,-0.00017996456869859268
107.558923,0.0006477976690556222
107.578923,0.0010060960373514496
107.598922,0.001181037762291397
107.618922,0.0009972382284948044
107.638922,0.0006141379954003698
107.658922,-0.00020255198128303847
107.678921,-0.0004549995337287031
107.698921,-0.0008730881118153672
107.718921,-0.0007707804195094526
107.738921,-0.0013956988344125672
107.758921,-0.0010125986013112423
107.778921,-0.0007929249416399357
107.79892,-0.00046961491833262764
107.81892,-0.0004297547784729534
107.83892,-0.00031460326332384287
107.85892,-0.0005874237761413821
107.87892,-0.000319475058201358
107.898919,0.0001300587413210971
107.918919,0.00031784428910265015
107.938919,0.0003864923077490721
107.958919,0.0010136251748748284
107.978919,0.0005570051282665267
107.998918,0.00043299580426024075
108.018918,2.2879254151977657e-05
108.038918,5.609603736757805e-05
108.058918,-0.0003447198134438576
108.078918,0.0001167720280361291
108.098917,5.698181824635251e-05
108.118917,-0.00033940512813676035
108.138917,0.00018364848490751205
108.158917,9.462750589292566e-05
108.178916,-0.0005705939393111059
108.198916,-0.00048821631693582326
108.218916,-0.00044392727264676616
108.238916,-0.00033719067591570884
108.258916,-0.0005785659672910966
108.278916,-0.0001866079253410766
108.298915,-0.0008004540791792146
108.318915,-0.0011884261071458643
108.338915,-0.0008717594404863404
108.358915,-0.0008965613052860077
108.378915,-0.00041823962696885465
108.398914,0.0004281240093821958
108.418914,0.0008289398601931013
108.438914,0.0008001519814058236
108.458914,0.0007005016317574325
108.478914,0.000485699766959401
108.498913,-6.39272726574577e-05
108.518913,0.0001398023310697671
108.538913,-0.0001432046619376843
108.558913,0.0003435319347938119
108.578913,0.0007465622378162286
108.598912,0.0011850237762705271
108.618912,0.00143127086251177
108.638912,0.0010304550117029843
108.658912,0.000784650815904574
108.678912,0.000374977156239143
108.698911,0.000479056410321157
108.718911,0.0007784503497112823
108.738911,0.00034441771568530656
108.758911,0.0004932289044944398
108.77891,6.185361312333762e-05
108.79891,-0.0005139039626275152
108.81891,-0.0009745100232292572
108.83891,-0.0009262349649520596
108.85891,-0.001079032167747213
108.87891,-0.0014957920745006102
108.898909,-0.0008163981351158761
108.918909,-0.00035357762230633287
108.938909,-3.248205121954642e-05
108.958909,0.0007802219114704213
108.978909,0.0006597557110083834
108.998908,0.0005866787879299288
109.018908,0.0005286601399130712
109.038908,0.001458730069970551
109.058908,0.0012505715618150032
109.078907,0.000422366433622196
109.098907,0.0003785202797765011
109.118907,0.0003696624709193257
109.138907,0.0008457696970201973
109.158907,0.0014237417249862712
109.178907,0.0010512708625240513
109.198906,0.0007416904429440136
109.218906,0.0007616205128741158
109.238906,0.0011673081585540563
109.258906,0.0011451636364097925
109.278905,0.00045159720285442594
109.298905,0.00046266946392629275
109.318905,0.0004888000000597568
109.338905,0.0007106881119409848
109.358905,0.0003187300699867247
109.378905,-0.0005116895104223638
109.398905,-0.0008190554777871802
109.418904,-0.0007703375290692702
109.438904,-0.0009988689975945722
109.458904,-0.000730920279648718
109.478904,-0.000768565967292111
109.498904,-0.0005090321677627201
109.518903,-0.000681759440486386
109.538903,-0.0007282629369896043
109.558903,-0.0005333911421222051
109.578902,-0.0005245333332655597
109.598902,-0.000458099766832769
109.618902,-0.0006529715617012284
109.638902,-0.00047581538454499983
109.658902,0.00022882331008382365
109.678902,0.00032847365973380467
109.698901,0.0003572615385226723
109.718901,0.0001114573427232017
109.738901,0.0006274247086869278
109.758901,0.0008648139860715252
109.778901,0.0007718069930656183
109.7989,0.0003200587413226415
109.8189,0.0005459328671941297
109.8389,0.0009312475525043159
109.8589,0.000683228904488564
109.8789,0.0003200587413226415
109.898899,0.0003156298368937887
109.918899,0.0007850937063521762
109.938899,0.0013697090909607344
109.958899,0.0010331123543679283
109.978899,0.000696515617775122
109.998898,0.0008781006993580832
110.018898,0.0009002452215023468
110.038898,0.0007629491842079128
110.058898,0.00016238974365739291
110.078897,0.00043033846160059694
110.098897,0.001008310489564021
110.118897,0.0012470284382797654
110.138897,0.0013418069930559414
110.158897,0.001335163636408157
110.178896,0.0008679142191612808
110.198896,0.0011048606061035758
110.218896,0.0007217603730080812
110.238896,0.0006238815851341994
110.258896,0.0008630424242933058
110.278896,0.0010805016317483312
110.298895,0.0009339048951570694
110.318895,0.0007656065268617263
110.338895,0.0009184037296574099
110.358895,0.001273158974403159
110.378895,0.0011070750583193271
110.398894,0.0016761892774266357
110.418894,0.0012505715618171232
110.438894,0.0008475412587920565
110.458894,0.0006947440559963729
110.478894,0.0003891496504044756
110.498893,0.0003404317016881558
110.518893,0.00015486060611758423
110.538893,0.0006779142191650365
110.558893,0.0005189165501702313
110.578892,0.00035726153852055236
110.598892,0.0005277743590353568
110.618892,-0.0002937874125123162
110.638892,-0.0004682862470089011
110.658892,-0.0007251627038802384
110.678892,-0.0005767944055144675
110.698891,-0.000815955244676224
110.718891,-0.0006299412586681202
110.738891,-1.8752447490155905e-05
110.758891,-0.0005223188810476885
110.778891,-0.00014763356637130694
110.79889,0.00016017529143475163
110.81889,8.266946393115419e-05
110.83889,-0.0001525053612371618
110.85889,-0.00029423030296044865
110.87889,-0.0001525053612361019
110.898889,2.5093706358188857e-05
110.918889,0.0007651636364173041
110.938889,0.00047728484854452785
110.958889,0.0006810144522722756
110.978889,0.0005973081585682327
110.998888,7.115431242280998e-05
111.018888,-0.0010524587411735711
111.038888,-0.002928542657230489
