time,wavelength_shift
0.02,0.0016102118885479213
0.039999,0.0009939181821311447
0.059999,0.001201610489758068
0.079999,0.0019156198137471082
0.099999,0.0028182771564166827
0.119999,0.00359191352008524
0.139999,0.00297662214481242
0.159998,0.0025173214455456038
0.179998,0.0003637550119896392
0.199998,-0.001179298601053635
0.219998,-0.0023286459204147117
0.239998,-0.002182771794552186
0.259997,-0.00057225897405095
0.279997,0.000652542890764971
0.299997,0.0011407013989540094
0.319997,0.0025044776227506394
0.339997,0.0003220766903338638
0.359996,8.636573463395088e-05
0.379996,-0.0010374571092109125
0.399996,-0.0012484128201862808
0.419996,-0.0020338673656548185
0.439996,-0.0006619093237012682
0.459995,-0.0006220491838410632
0.479995,-0.0005402076919841278
0.499995,-0.00043694428868357453
0.519995,-0.00018873916047333302
0.539994,-0.0015724687642026463
0.559994,0.00044617925446389505
0.579994,0.000983988112247359
0.599994,0.00012837039662849322
0.619994,0.00030219324044867407
0.639993,1.9862238101196143e-05
0.659993,-0.0013436575754396704
0.679993,-0.0015473172491257622
0.699993,-0.0018005107223292443
0.719993,-0.0009254524472818009
0.739992,-0.0026857787876052213
0.759992,-0.0023200212118319186
0.779992,-0.0037196715614682815
0.799992,-0.0025513032630552776
0.819992,-0.0020023522140681827
0.839991,-0.0009432379949503633
0.859991,-6.988135160078553e-05
0.879991,0.00023412797238459135
0.899991,0.0003057130539511209
0.919991,-0.00015155967332358385
0.939991,-0.0015004174821949432
0.95999,-0.0017849163166867594
0.97999,-0.002513913985686198
0.99999,-0.002203704195478378
1.01999,-0.00410484638661988
1.039989,-0.0029441703959831146
1.059989,-0.002593028204841297
1.079989,-0.001555568997381587
1.099989,-0.00236657132840178
1.119989,-0.0003472473190620149
1.139988,0.001237554545743359
1.159988,0.001854547552767046
1.179988,0.0015292328674495364
1.199988,0.0015643843825997538
1.219988,0.001229326107540995
1.239988,0.0018428925411223798
1.259987,0.0017800487182882897
1.279987,0.0010420067602414256
1.299987,-0.00019510279688503415
1.319987,0.0006457363639544288
1.339987,-0.00010181608359163309
1.359986,0.00016529347352088895
1.379986,0.0012792328674516046
1.399986,0.0026030324012394435
1.419986,0.002730328438503474
1.439986,0.0029811442893215574
1.459985,0.0019842678324295876
1.479985,0.000575736363912798
1.499985,0.0004894892776746411
1.519985,-0.0003478533796495855
1.539984,-0.0018269675987437049
1.559984,-0.0009604174821839985
1.579984,-0.00016729393905204527
1.599984,0.0011193261075531842
1.619984,0.001570468298653999
1.639983,0.0029446641028449626
1.659983,0.00432927948746471
1.679983,0.0037316571098422483
1.699983,0.0019172748254371787
1.719983,0.0022397223778852535
1.739982,0.0001797456879122348
1.759982,-0.00032083706265377706
1.779982,-0.0018046599064706031
1.799982,-0.0006774337992554488
1.819982,-0.0013714431232774984
1.839982,-0.001449158740997246
1.859981,-0.00045342447523822417
1.879981,-0.0019979233097538115
1.899981,-0.0029784128202429675
1.919981,-0.0005932846151014174
1.939981,-0.0007194617712589321
1.95998,-0.001110091141868265
1.97998,0.0008252002334151735
1.99998,0.0014430557112721232
2.01998,0.0011891629373748155
2.039979,0.001053894872091573
2.059979,0.0018236617718829225
2.079979,0.0009916571098763233
2.099979,0.001534920513152503
2.119979,0.0016116337998454203
2.139978,0.000904104662315961
2.159978,-0.0001006972025036669
2.179978,8.60393942072029e-05
2.199978,-0.00047489300672993453
2.219978,0.0009885335666949457
2.239977,0.0016345941727584237
2.259977,0.0037421932404005384
2.279977,0.001969326107574348
2.299977,0.0022303051285559117
2.319977,0.0007310510492948693
2.339977,-0.000484496736241576
2.359976,-0.00232025431203687
2.379976,-0.0015289489507497786
2.399976,0.0005394193475841216
2.419976,0.0015169717951383289
2.439976,0.0024142678324251604
2.459975,0.004898953147116797
2.479975,0.003548720046893758
2.499975,0.004214920513079639
2.519975,0.0013691163172877938
2.539974,0.0008668319349984755
2.559974,0.001103824941989393
2.579974,0.0018624030305979204
2.599974,0.0015521000003023957
2.619974,1.2379720600469565e-05
2.639973,0.0008504682987031841
2.659973,0.0011300487182953635
2.679973,0.0011368319350672843
2.699973,0.001135316783542708
2.719973,-0.0010833778551609424
2.739972,0.0014684636366487601
2.759972,0.0012189764571708343
2.779972,0.0017845009326969323
2.799972,0.0019934519816292395
2.819972,0.0017345475527106705
2.839971,0.002787554545714422
2.859971,0.002120351748512841
2.879971,0.0013165755247195915
2.899971,0.0013277876459632956
2.919971,0.0008810976692748333
2.93997,0.0010381839163662227
2.95997,-0.0006416995334985126
2.97997,0.000965713053918799
2.99997,0.001991633799848509
3.01997,0.0018040813523206682
3.039969,0.002279302797534815
3.059969,0.001971493939723986
3.079969,0.0005055498837763193
3.099969,0.0022973214455599116
3.119969,0.0006027993010192397
3.139968,-0.0014443102560804423
3.159968,-0.0017344967362858247
3.179968,-0.00010932191109387993
3.199968,0.0005973680656011872
3.219968,-0.00098531258706077
3.239968,-0.0012800911418620036
3.259967,-0.001976920978723415
3.279967,-0.002060510722325249
3.299967,-0.0010919559437730234
3.319967,-0.002949927971766965
3.339967,-0.002509858041684485
3.359966,-0.001294007225836764
3.379966,-0.0009272240090282194
3.399966,-0.0015325386943161484
3.419966,-0.001690254312006169
3.439965,-0.0010068044285736109
3.459965,-0.0013665247082999502
3.479965,-0.0008520958038591413
3.499965,-1.5452447208599417e-05
3.519965,0.00030473403294383096
3.539964,0.0014282771564789398
3.559964,0.0013072981354735754
3.579964,-0.00019281841464563996
3.599964,-0.0002445666664010424
3.619964,0.00022226317041777277
3.639963,0.0009703284384806601
3.659963,0.0006860627042250655
3.679963,0.001966622144826331
3.699963,0.002568417016629833
3.719963,0.002836132634366496
3.739962,0.002438859907094538
3.759962,0.001375969464176639
3.779962,0.001097461305679454
3.799962,0.0016123097904974437
3.819962,0.0010232421914351916
3.839962,0.0006840813522783966
3.859961,3.9162937365885895e-05
3.879961,0.00084860349683196
3.899961,0.0020039881122283403
3.919961,0.003507810956070462
3.93996,0.0036230557113215876
3.95996,0.0031046407928883987
3.97996,0.0028349904432282487
3.99996,0.0019934519816631603
4.01996,-3.741048921296472e-05
4.039959,-0.0014366179484155055
4.059959,-0.0024347065264916255
4.079959,-0.0016668044285937603
4.099959,-0.0015944734262392023
4.119959,-0.001902049183809569
4.139959,-0.0023170841488386698
4.159958,-0.003442258974032101
4.179958,-0.0031020025637766716
4.199958,-0.0025189955707772137
4.219958,-0.002522049183851208
4.239957,-0.0005722589740663198
4.259957,0.0004941745923502467
4.279957,0.0023028925410506903
4.299957,0.0021610976692491694
4.319957,0.002115200233332991
4.339957,0.0012156897438229876
4.359956,0.001117810955939566
4.379956,0.0026387666669237695
4.399956,0.0035184403266083357
4.419956,0.002519559207736375
4.439955,0.0037750370632229193
4.459955,0.002379139627324694
4.479955,0.0037661093243103
4.499955,0.004375340093551066
4.519955,0.004217391375591434
4.539954,0.003463778321996887
4.559954,0.0035490463872542544
4.579954,0.003561843590079569
4.599954,0.003505643123903333
4.619954,0.002704524242775558
4.639954,0.0033989997672509704
4.659953,0.0007295825178220951
4.679953,0.0016500953383418245
4.699953,0.002769442657667342
4.719953,0.003614710722901737
4.739953,0.0032004682986531063
4.759952,0.0011751303033277897
4.779952,-0.0001989489507352579
4.799952,0.0007665055947113118
4.819952,-0.00026214242395574544
4.839952,-0.0009537275055209824
4.859951,-0.001861000232804896
4.879951,-0.0022469909087840657
4.899951,-0.0019625620043768432
4.91995,-0.001224520046327329
4.93995,-0.0028195317013220166
4.95995,-0.003529298601088358
4.97995,-0.002381233333028356
4.99995,-0.0008344501162558844
5.01995,-0.0010810701628558963
5.039949,0.0010872981355154435
5.059949,0.0032555032636996445
5.079949,0.0024282538464680853
5.099949,0.00021979230799130966
5.119949,-0.0018418627036610935
5.139948,-0.003387853379652566
5.159948,-0.00408533589716289
5.179948,-0.004085662237465616
5.199948,-0.0038931214449153834
5.219948,-0.002379951281727812
5.239947,0.00039986223809209526
5.259947,0.0012395358977647596
5.279947,0.0009452002334264981
5.299947,-0.00021249207426167816
5.319947,-0.0005742403260241193
5.339947,-8.729393908495282e-05
5.359946,-0.000712934964728994
5.379946,-0.000619951281737328
5.399946,-0.0001123055941013007
5.419945,0.0002571815853985495
5.439945,0.0015279974362283541
5.459945,0.0025198156180202286
5.479945,0.005190095338289787
5.499945,0.006846155944370625
5.519945,0.006846132634313983
5.539944,0.006256878555065192
5.559944,0.004701610489790602
5.579944,0.0024962025643756307
5.599944,0.0007099321681021059
5.619944,-0.0017194384612687487
5.639943,-0.0017366645684852842
5.659943,-0.0018997414915654747
5.679943,-0.0005600212118430246
5.699943,-0.000843051514855707
5.719943,-0.0005746132864236982
5.739942,-0.0007200445218359711
5.759942,-0.0012184361302534738
5.779942,-0.0016364547782666745
5.799942,-0.0018237974356340157
5.819942,-0.002485452447293868
5.839942,-0.0016317927736132602
5.859941,-0.0012505806523974003
5.879941,-0.00030314475498334774
5.899941,-0.0005959419577774913
5.91994,0.0006173913755474424
5.93994,0.0010673214454747077
5.95994,0.0012637083918385925
5.97994,0.0023563424244954774
5.99994,0.002907694405849353
6.01994,0.0034709111890931952
6.039939,0.004204174592381519
6.059939,0.0032387200469259398
6.079939,0.003092239860425493
6.099939,0.002653032401205957
6.119939,0.004143055711231445
6.139939,0.003551587179746762
6.159938,0.0021052235433798995
6.179938,0.003135200233379164
6.199938,0.002516202564386617
6.219938,0.0016754100236026667
6.239937,8.04405624607127e-06
6.259937,-0.001563144754950408
6.279937,-0.0017086925405229276
6.299937,-0.00270006783188628
6.319937,-0.0027833778552027394
6.339936,-0.0025928417246775482
6.359936,-0.0026803941722061105
6.379936,-0.001046011887812463
6.399936,-0.000133098134897526
6.419935,0.001395782983999496
6.439935,0.0012936384618838998
6.459935,0.0020784636367145864
6.479935,0.0016865055947364754
6.499935,-0.0006617694635458608
6.519934,-0.001129881351708681
6.539934,-0.0009083195801481993
6.559934,-0.0022038673657142783
6.579934,-0.0028823988342572696
6.599934,-0.0012869442888017294
6.619934,-0.000811746153564723
6.639934,-0.0011878300696208043
6.659933,0.0003326361308459742
6.679933,0.000526715384938204
6.699933,0.0002706081588161348
6.719933,0.0008549205131277281
6.739932,-0.00024328461508141692
6.759932,-0.00040288834470831333
6.779932,-0.00109645477826633
6.799932,-0.0005903009321189075
6.819932,-0.0007047298365482919
6.839931,-0.00012554568736626657
6.859931,0.0006656664338442505
6.879931,0.0006834053616004027
6.899931,0.0010356198137958742
6.91993,0.0003564123545971492
6.93993,9.149393965857708e-05
6.95993,-0.00012218904404300848
6.97993,-0.00039822634007609945
6.99993,-0.0006647531466174126
7.01993,0.0010803983685069545
7.039929,0.0021989298370499516
7.059929,0.003318020746158927
7.079929,0.003079186247347597
7.099929,0.0024006081587952042
7.119929,0.00129603939425174
7.139929,-0.0005474104891788102
7.159928,-0.0015255223772730256
7.179928,-0.0005597414914633098
7.199928,-0.0003720258737594603
7.219928,0.002105456643700393
7.239928,0.003116155944380837
7.259927,0.0048447107229349995
7.279927,0.0046481606063701955
7.299927,0.0038293494175370103
7.319927,0.0023747340329042525
7.339926,0.0011418435899894347
7.359926,0.0012162025643530643
7.379926,0.0001666454548032058
7.399926,-0.0010119559438091117
7.419926,0.0005091163172701479
7.439925,-0.000391046852878168
7.459925,-0.0006087391605423841
7.479925,-0.0015943335661129457
7.499925,-0.0025875969693681233
7.519925,-0.0014931447549140775
7.539925,-0.0003651727269384558
7.559924,0.0003886967369420636
7.579924,8.004871828041246e-05
7.599924,0.0003059927741866738
7.619924,0.002613661771835088
7.639924,0.002302822610988356
7.659924,0.0019395825177468502
7.679923,0.002698883217040653
7.699923,0.0023083937065554562
7.719923,0.003739209557363967
7.739923,0.0035147107228764877
7.759922,0.003994664102821222
7.779922,0.0043005382286900136
7.799922,0.0026422631704193953
7.819921,0.003111587179742516
7.839921,0.002922449650619285
7.859921,0.0020157829839764726
7.879921,0.0017324962706931875
7.899921,0.0005274379956536898
7.91992,0.0006515405597418502
7.93992,-8.223566403149868e-05
7.95992,0.00028018857839303654
7.97992,0.0006008645690734922
7.99992,9.872004691944083e-05
8.01992,0.00047247296065941545
8.039919,0.001495759673957503
8.059919,0.0011917503499668258
8.079919,0.0004101885784236342
8.099919,0.0010371349653670908
8.119919,0.000492333100554745
8.139918,0.0006938482520778783
8.159918,0.00013881328705932775
8.179918,0.00032920955743600167
8.199918,0.0006972515154571788
8.219918,0.0025759228441410904
8.239917,0.0046385102567304305
8.259917,0.005006179254390189
8.279917,0.00474727482548593
8.299917,0.0029515871797685805
8.319916,0.0005647340328926642
8.339916,-0.0008626319344937531
8.359916,-0.0012177834496448427
8.379916,-0.00010200256388682401
8.399916,-0.0013479699298264685
8.419916,-0.0004132613050773443
8.439915,0.00023333543152144004
8.459915,0.0013384403266235316
8.479915,0.0027772048954062723
8.499915,0.0015826361308260912
8.519915,0.0018869484851227435
8.539914,0.002580771328921683
8.559914,0.004301796969934447
8.579914,0.00581300909112387
8.599914,0.004185340093482741
8.619914,0.0029125662007120274
8.639914,0.003599186247329535
8.659913,0.004173079021223475
8.679913,0.004934617482774299
8.699913,0.003928650116812783
8.719913,0.004022030070199189
8.739912,0.0036506081587853916
8.759912,0.003925293473479985
8.779912,0.004538813286993666
8.799912,0.0041611675993569654
8.819911,0.003598603496790126
8.839911,0.004831377389555298
8.859911,0.003910398368562595
8.879911,0.0029081839163445176
8.899911,0.0011680673662318036
8.91991,-9.148974332846507e-05
8.93991,4.4967133135287115e-05
8.95991,0.0016659461541118099
8.97991,0.002132915851072782
8.99991,0.003001354079514243
9.019909,0.003215876224057111
9.039909,0.0028672048953915777
9.059909,0.0023501419583329265
9.079909,0.0019143377625525817
9.099909,0.00047589953411443807
9.119909,-0.0005906272724126236
9.139908,0.00011165710988532201
9.159908,0.0005946874128955014
9.179908,-1.918205096906788e-05
9.199908,0.001760305128511866
9.219908,0.002497507925714267
9.239907,0.003274197902410154
9.259907,0.004360258508479469
9.279907,0.0035698156180314707
9.299907,0.001645293473496962
9.319906,0.0002601885783974203
9.339906,0.00015226317047631354
9.359906,-0.0009584361302283196
9.379906,-0.0009731913749791714
9.399906,0.001344314452490247
9.419906,0.0023633121214830886
9.439905,0.0035028226110056706
9.459905,0.002561377389583069
9.479905,0.0016391629373665342
9.499905,3.2892541125101294e-05
9.519905,-0.0018636109553698068
9.539904,-0.0009410934728669071
9.559904,-0.0003255456873250736
9.579904,0.0003922398604661712
9.599904,0.0021797689979671693
9.619904,0.0035951769233674353
9.639903,0.00477473403290496
9.659903,0.00301659883478835
9.679903,0.002583778321970375
9.699903,0.0014338249420021178
9.719903,0.0004238948720566315
9.739902,0.002067624475763399
9.759902,0.00218596946413184
9.779902,0.0014987200469167613
9.799902,0.0025460627042604086
9.819902,0.00269823053642036
9.839901,0.002619838928029508
9.859901,0.0012300254082226296
9.879901,0.0017524729606639615
9.899901,0.002413988112160456
9.9199,0.003866762004938881
9.9399,0.004505456643639619
9.9599,0.004908580186788431
9.9799,0.00412962913784566
9.9999,0.005034011422235829
10.0199,0.0034066920748973563
10.039899,0.002517368065588396
10.059899,0.0015133587415593073
10.079899,0.0024710510492436267
10.099899,0.0016763191145126423
10.119899,0.0017675778557821316
10.139898,0.0021599787881983043
10.159898,0.0029038715620838614
10.179898,0.003506575524799459
10.199898,0.005452216550461009
10.219898,0.005470841259064665
10.239897,0.005891796970019703
10.259897,0.006327065035273751
10.279897,0.006411190909371671
10.299897,0.005445829604016517
10.319897,0.0035115405597265182
10.339896,0.002051214219406234
10.359896,0.0007313540795324731
10.379896,-0.00019622167804402122
10.399896,2.534009351805029e-05
10.419895,0.00040091118907108626
10.439895,0.001350701398880148
10.459895,0.002029093007279392
10.479895,0.0017519601401434263
10.499895,0.0022455965037890694
10.519895,0.002475713053890681
10.539894,0.0020799554781342896
10.559894,0.0015523097904893964
10.579894,0.00035545664365286135
10.599894,0.0009354333336402664
10.619894,-0.001034986246773319
10.639893,-0.0010623755241533355
10.659893,-0.0017956855474531807
10.679893,-0.0025489955707512914
10.699893,-0.004190370862149971
10.719893,-0.003309298601100015
10.739892,-0.005099648251475886
10.759892,-0.0056765013983418044
10.779892,-0.005053401165228961
10.799892,-0.003089718181569944
10.819891,-0.00439354102540238
10.839891,-0.0028810934729552036
10.859891,8.014195832359641e-05
10.879891,0.0019704682986834447
10.899891,0.0022841512823763583
10.919891,0.004791913520131175
10.93989,0.0037893494175547894
10.95989,0.004127554545769416
10.97989,0.00434517692337925
10.99989,0.0032921466203442965
11.019889,0.00016457086276512167
11.039889,-0.00034610512790680796
11.059889,0.0002338249420319747
11.079889,0.001116995105205806
11.099889,0.002740072028278645
11.119889,0.00409240303059694
11.139888,0.002358533566738329
11.159888,0.002158603496809525
11.179888,0.0009988365970313245
11.199888,-0.0011502310020345147
11.219887,-0.0017891587409709438
11.239887,-0.0012762682980917426
11.259887,-0.00040270186454562443
11.279887,0.0011772515154182062
11.299887,0.002768999767160909
11.319886,0.002332869231056108
11.339886,0.0010316337998315835
11.359886,0.000777741025928976
11.379886,0.001492892541086479
11.399886,0.0005126594408541462
11.419885,0.0008064822846957219
11.439885,0.0024892328674521514
11.459885,0.002450141958354466
11.479885,0.0014137550119865696
11.499885,0.001767857576080226
11.519885,0.0007976710959110194
11.539884,-0.0007722589740065762
11.559884,-0.0017657088574705537
11.579884,-0.0013547531465199483
11.599884,-0.0014693219110898995
11.619884,-0.0007682729600417565
11.639883,0.0017654566436880056
11.659883,0.0024844776226824123
11.679883,0.0037600953382865886
11.699883,0.004152519580710111
11.719882,0.003899885548069427
11.739882,0.0021517736599741414
11.759882,0.00022142400963108116
11.779882,0.00012774102597580062
11.799882,-9.139650315383857e-05
11.819882,-0.001235568997314995
11.839881,-0.0001298114215565704
11.859881,0.001490048718273156
11.879881,0.003591610489797285
11.899881,0.004012636130818367
11.91988,0.0043610510491952775
11.93988,0.004033568531706929
11.95988,0.003340444988602874
11.97988,0.0026215871797818265
11.99988,0.0013012841495076335
12.01988,0.0005200254082873776
12.039879,-0.00024424032596634436
12.059879,0.0010699787882525427
12.079879,0.002830794639056817
12.099879,0.004914407692684435
12.119879,0.00543177366002044
12.139879,0.007554151282381537
12.159878,0.007696365734600519
12.179878,0.008093894872116578
12.199878,0.007285386713601221
12.219877,0.00738596946419556
12.239877,0.004190887879091781
12.259877,0.0017076710958681492
12.279877,-0.0009782962700833685
12.299877,-0.002132445454215106
12.319876,-0.0027178999996845562
12.339876,-0.002138459440232458
12.359876,-0.0017744967362532053
12.379876,0.0009576710959109255
12.399876,0.001532845921080499
12.419876,0.002473032401277217
12.439875,0.001790584848808949
12.459875,2.8766666986323325e-05
12.479875,0.00010335874158087414
12.499875,0.00038058484881249533
12.519875,0.0013829158511309287
12.539875,0.0012722165504360419
12.559874,0.003220934499155616
12.579874,0.004572706060928602
12.599874,0.0037812375294655016
12.619874,0.002418113986358595
12.639873,0.0021954333336783476
12.659873,0.0013836151518327035
12.679873,0.00177291585112997
12.699873,0.0005773214455447582
12.719872,0.0008115871797999186
12.739872,0.0005021932403995301
12.759872,0.001470887879081192
12.779872,0.0012315405597270658
12.799872,0.002636738694913638
12.819872,0.002216039394215953
12.839871,0.0017832421914143388
12.859871,0.0027524263405810955
12.879871,0.002262379720562773
12.899871,0.0013770417252514933
12.91987,0.0015567620049849607
12.93987,0.0006811675994032707
12.95987,0.0004110510492844571
12.97987,0.0017569717951837684
12.99987,0.0026118435900273273
13.01987,0.0009660860142759774
13.039869,0.001062146620344218
13.059869,0.001376598834816081
13.079869,0.0004411209793632692
13.099869,0.0015594892777519884
13.119869,0.002187927506212141
13.139868,0.0024376944059865705
13.159868,0.004171284149560336
13.179868,0.0050497923080399425
13.199868,0.004041214219446735
13.219867,0.003473125641357707
13.239867,0.003029792308034374
13.259867,0.002857158275393113
13.279867,0.0026723331005485585
13.299867,0.0031017270399576217
13.319866,0.003076878555118342
13.339866,0.0024010277392577163
13.359866,0.0017058995341265003
13.379866,0.0010613074595177757
13.399866,0.0010971349653470476
13.419866,0.002413148951362105
13.439865,0.003142775990999396
13.459865,0.00244844032663381
13.479865,0.001997857576035901
13.499865,0.0011718435900292343
13.519864,5.4617482802082895e-05
13.539864,-0.0005906039624095129
13.559864,-0.001667806759605751
13.579864,-0.0006663149181036895
13.599864,-2.1746153516625957e-05
13.619864,0.0007617037299433013
13.639863,-0.0005709303026630917
13.659863,-0.0026646599063981477
13.679863,-0.002812771794516106
13.699863,-0.0032426086243505107
13.719862,-0.0037214664331918406
13.739862,-0.0032835876453230608
13.759862,-0.003970510722258205
13.779862,-0.0024375969693376694
13.799862,-0.0019233312350829391
13.819861,-0.002123168064925098
13.839861,-0.0026414897432329525
13.859861,-0.001927643589387586
13.879861,-0.0020233545451075895
13.899861,-0.0007463149180856218
13.91986,-0.0005616995334641085
13.93986,-0.0004376435894182104
13.95986,0.0007916104898153639
13.97986,0.002027484615693082
13.99986,0.001917531235733222
14.01986,0.0027857829839955635
14.039859,0.0012455731938149023
14.059859,0.002739093007333366
14.079859,0.0020972981355439325
14.099859,0.0030539648021882396
14.119859,0.001880771329001464
14.139858,0.002824594172825896
14.159858,0.0033284170166482012
14.179858,0.0012645475527911767
14.199858,0.000928230536483745
14.219857,-0.0006872939390334538
14.239857,-0.0026380165497510385
14.259857,-0.0008010701628409555
14.279857,-0.0012087158504798245
14.299857,0.0005854799536800185
14.319857,0.00023030512849772828
14.339856,0.00043582960402271335
14.359856,-0.00040542913722838047
14.379856,-0.0015646832164818052
14.399856,-0.00020053403230997678
14.419856,-0.0023124687642428884
14.439855,-0.0007405806523562937
14.459855,-0.0008101144518899703
14.479855,-0.0004756156173855296
14.499855,0.0007708412590646499
14.519854,0.0002470883453239022
14.539854,0.001740025408253666
14.559854,0.0036144776227031456
14.579854,0.005042612820831411
14.599854,0.005832356410563325
14.619853,0.004602006760202494
14.639853,0.0058426128208065595
14.659853,0.004041424009621545
14.679853,0.002834943823120795
14.699853,0.002131843590037149
14.719852,-0.0004994617712424993
14.739852,-4.8855710632999486e-05
14.759852,0.0008504682986793339
14.779852,0.0017834986017156828
14.799852,-0.00011242214422338653
14.819851,-0.001467387179205633
14.839851,8.412590285990403e-07
14.859851,0.0011908412590091492
14.879851,0.0012885568767133826
14.899851,0.0019262958044661224
14.91985,3.9209557411858326e-05
14.93985,-0.00013647808827689642
14.95985,0.0018876477858420096
14.97985,0.00250373170193929
14.99985,0.000249419347632589
15.01985,-8.603726607866579e-07
15.039849,0.0008137550119707576
15.059849,0.001732123310332299
15.079849,0.0009513074595161846
15.099849,0.0011207713289952867
15.119848,-0.0009442636360136962
15.139848,-0.000328086479845671
15.159848,0.0012657829840388593
15.179848,0.0005256897439464226
15.199847,0.0009675778558356034
15.219847,0.0019106314688524658
15.239847,0.0021021000003172436
15.259847,0.003689442657644805
15.279847,0.003917134965308155
15.299847,0.0033982072263740387
15.319846,0.001796319114481566
15.339846,0.00399620256434573
15.359846,0.0037910510492102536
15.379846,0.002522146620313015
15.399846,0.0028990463872115083
15.419846,0.0035695125877021746
15.439845,0.0033027060609194777
15.459845,0.0031521932404220193
15.479845,0.0031927759909913494
15.499845,0.0022646407928462267
15.519845,0.0018573447555455256
15.539844,0.00392459417278298
15.559844,0.0027455965037859924
15.579844,0.002468976457185402
15.599844,0.002656109324332883
15.619843,0.003084500932750626
15.639843,0.002790841259070218
15.659843,0.0026578109560344582
15.679843,0.002212636130842482
15.699843,0.002203848252020079
15.719842,0.003224547552713966
15.739842,0.0047414473195957554
15.759842,0.004678370396530743
15.779842,0.005213148951333426
15.799842,0.004423265501450876
15.819841,0.004482775990978068
15.839841,0.0060687899769766036
15.859841,0.004410375058567007
15.879841,0.003610025408228251
15.899841,0.004263009091202627
15.91984,0.003920584848761518
15.93984,0.0032890696972348605
15.95984,0.003848533566724135
15.97984,0.0039253400935328475
15.99984,0.004095340093528706
16.01984,0.004345037063222782
16.039839,0.003587764335936462
16.059839,0.001031354079541439
16.079839,0.0009528459210417517
16.099839,0.0008389531471524443
16.119838,-1.2655244485240626e-05
16.139838,-0.0003677368295618059
16.159838,0.0005710976692799847
16.179838,0.0017897456879204963
16.199837,0.0029716337998032787
16.219837,0.0016131256412614137
16.239837,0.0010912841494277925
16.259837,0.00024119090935496482
16.279837,-0.00025950839135433336
16.299837,-0.0009867344985591223
16.319836,-0.002140650582488029
16.339836,-0.003477783449613168
16.359836,-0.004942025873834879
16.379836,-0.004377690209493001
16.399836,-0.0031516062934046256
16.419836,-0.003329112120946192
16.439835,-0.0009287624705887672
16.459835,-0.00048780675961956324
16.479835,0.0020134752916571167
16.499835,0.0023468086249989993
16.519834,0.003375829604005744
16.539834,0.0019458296039914147
16.559834,0.0021131722613387596
16.579834,0.002672100000261456
16.599834,0.0017467620049276744
16.619833,0.001008277156434798
16.639833,-1.815640997410682e-05
16.659833,0.00020144731967567699
16.679833,0.001870678088911447
16.699833,0.0006743610726033282
16.719832,0.002303801632043877
16.739832,0.0014458762240849845
16.759832,0.003512892541097877
16.779832,0.0031589531471367684
16.799832,0.0022741279722956736
16.819831,0.0037321233102881905
16.839831,0.0017811442893360435
16.859831,0.002448113986321543
16.879831,0.002139559207762437
16.899831,0.0015282305364576858
16.91983,0.002196668764897939
16.939831,0.001806808625045825
16.95983,0.0015641046623440602
16.97983,0.0019552701634791597
16.99983,0.0024714706296510174
17.01983,0.0034056664338324347
17.039829,0.0026078575760423656
17.059829,0.003248533566712563
17.079829,0.0031860860142562527
17.099829,0.004327647785832888
17.119828,0.0035010510492528915
17.139828,0.0014594193476453257
17.159828,0.0011816104898165255
17.179828,0.0014134519816461442
17.199828,0.0004246874128678422
17.219827,0.0005716571098274127
17.239827,-6.97181815270695e-05
17.259827,0.0008610044291989332
17.279827,0.0008494659676445529
17.299827,0.001376622144799052
17.319826,0.0013674613056374907
17.339826,0.0011126128207895357
17.359826,0.001459792307968584
17.379826,0.0015276710958625575
17.399826,0.0005655498837329561
17.419825,0.0007041979023839079
17.439825,0.0004979275061323756
17.459825,0.0010976710958680446
17.479825,7.112097929465279e-05
17.499825,-0.0008570375288943912
17.519824,-0.00010232890419272986
17.539824,-0.0005733079251635038
17.559824,-0.000988622610452008
17.579824,0.00021953589770533596
17.599824,-0.00046134988319185353
17.619823,0.000924081352257585
17.639823,0.0016087666669526656
17.659823,0.0025272048953993305
17.679823,0.0032168785550643316
17.699823,0.0016430324012304688
17.719822,0.0018179741261735959
17.739822,0.0012591629373687454
17.759822,0.0011794659676933183
17.779822,-0.0003902776220716587
17.799822,-0.0016157554775592135
17.819822,-0.0005241004659006082
17.839821,-0.001658715850520834
17.859821,-0.0005273871791880334
17.879821,-0.000885708857509762
17.899821,-0.001786944288734522
17.919821,-8.436130218476964e-06
17.93982,0.0003998389280603636
17.95982,0.0017972515154709742
17.97982,0.00023394149215088102
17.99982,0.0010619368301434376
18.019819,0.003121890210110165
18.039819,0.003058230536445324
18.059819,0.0025588132870105994
18.079819,0.0030034986016952213
18.099818,0.003869699067867469
18.119818,0.004382076690254755
18.139818,0.003743568531719886
18.159818,0.0026997456878903457
18.179818,-0.00012922867107281288
18.199818,0.00017895314711692458
18.219817,0.0018215638697569262
18.239817,0.0005744310026531332
18.259817,0.0010520766903081922
18.279817,0.0019491629374043136
18.299817,0.0022319368301707736
18.319816,0.0014633820516298252
18.339816,0.0014150137532474329
18.359816,0.000778650116858032
18.379816,-0.00023095361276458722
18.399816,0.0005581839163474249
18.419815,0.002062985781153906
18.439815,0.0016918435900164727
18.459815,0.0023968785550304962
18.479815,0.0013267853149332852
18.499815,0.0016509111890808843
18.519814,0.0023069484851499246
18.539814,0.0029820067602136513
18.559814,0.001681890210104653
18.579814,0.00011848694671010517
18.599813,0.0004031256413446089
18.619813,-4.901888078303766e-05
18.639813,0.0007820300702421723
18.659813,-0.0003563382281532925
18.679813,0.0003601186483189956
18.699813,0.0013726594408606627
18.719812,0.00245480396300841
18.739812,0.0016016337998340964
18.759812,0.0007482305364458225
18.779812,0.001126995105195929
18.799812,0.0021626361308462877
18.819811,0.0028700254082585
18.839811,0.0036831023313167767
18.859811,0.0036121466203674285
18.879811,0.0025876710958867115
18.899811,0.0001479508161499366
18.91981,-0.002097037528836686
18.93981,-0.002960347552157588
18.95981,-0.0013591820510134621
18.97981,-0.00020505617689967537
18.99981,0.001972239860416083
19.019809,0.0029717969699867073
19.039809,0.003825200233389292
19.059809,0.005137437995621759
19.079809,0.0030508645690295825
19.099809,-0.0002531447549532337
19.119808,-0.0010509303027258807
19.139808,-0.00019650139831243481
19.159808,0.0003876477858300398
19.179808,0.0006297223779003127
19.199808,0.0014407480189363364
19.219808,0.0031904916087005446
19.239807,0.004543498601706372
19.259807,0.005042845921037422
19.279807,0.0037259927741826724
19.299807,0.0020603750585874055
19.319806,0.002956762004981751
19.339806,0.0029765522147808267
19.359806,0.001864431002661052
19.379806,0.0012293027975135036
19.399806,0.001244197902420823
19.419805,0.002376762005006076
19.439805,0.002381727039954335
19.459805,0.0023486967369289844
19.479805,0.0024945941728062807
19.499804,0.001509116317325475
19.519804,0.0011071116553186895
19.539804,0.0005272515154666205
19.559804,-0.0007531913749955987
19.579804,-0.0012642869460945303
19.599804,-0.0004599979017971751
19.619803,0.0011005382287475488
19.639803,0.0028024263406228704
19.659803,0.0034911209793251027
19.679803,0.003995666433868724
19.699803,0.002265759673952743
19.719802,0.0017558995341014944
19.739802,0.0005681139863075449
19.759802,-0.0005203708621846612
19.779802,-0.0014164081582323598
19.799802,-0.0012626086244363456
19.819801,-3.265524447343578e-05
19.839801,0.0014270650352444384
19.859801,0.001199232867453242
19.879801,0.00206720489545194
19.899801,0.0004918202800569995
19.919801,2.641235464272563e-05
19.9398,-0.0013179932397961404
19.9598,-0.0019677601395655647
19.9798,-0.0030293918412072312
19.999799,-0.0027425853144045376
20.019799,-0.0015767578085646029
20.039799,0.00048676200496061423
20.059799,0.0013537317019648115
20.079799,0.003246155944391824
20.099798,0.003300398368613372
20.119798,0.0022307480189309027
20.139798,0.0020316104897783282
20.159798,0.0011883937065534662
20.179798,0.0002369951051379535
20.199797,-0.0016781097899765804
20.219797,-0.0017505340323949918
20.239797,-0.0028244034962652534
20.259797,-0.003075615617440445
20.279797,-0.0017200445218616182
20.299797,0.0002080673662694702
20.319796,0.0009663191145381695
20.339796,0.002608533566747391
20.359796,0.0020430324012350033
20.379796,0.002954267832460486
20.399796,0.0018372515154521354
20.419795,0.00183554988376275
20.439795,-0.0004152193470193133
20.459795,-0.0012426319344194605
20.479795,-0.00040785337965180274
20.499794,0.0006498622380799564
20.519794,0.001128533566745877
20.539794,0.001128906527091925
20.559794,-0.00024389067572304812
20.579794,0.0014532188813942634
20.599794,0.0015729624711291546
20.619793,0.0012489298371132504
20.639793,0.0009854100235909488
20.659793,0.001371633799807931
20.679793,0.0009157130538817943
20.699793,0.000800072028255539
20.719792,-6.104685285007315e-05
20.739792,0.0002564123546233108
20.759792,-0.0006133312351302857
20.779792,0.0010474846157006814
20.799792,0.0013959927741748358
20.819791,0.001789372727572328
20.839791,0.0023259228440996984
20.859791,0.0027434053615707017
20.879791,0.0016920766902426246
20.899791,0.00044063146881351403
20.919791,0.00028382494201650886
20.93979,0.001642822610997888
20.95979,0.0014473214454825663
20.97979,0.0017162258743870186
20.999789,0.0026747573429094394
21.019789,0.0027181839163562234
21.039789,0.0032480207462042172
21.059789,0.0038521699303730485
21.079789,0.0031665289047464002
21.099788,0.0003650370632673934
21.119788,-0.0001031680649460306
21.139788,-0.0004341004659131828
21.159788,-0.001007177389000751
21.179788,-0.0006643568761712615
21.199788,-0.0009118860136907884
21.219787,-0.0022411634029813436
21.239787,-0.0016695083913168666
21.259787,-0.0008417228435394003
21.279787,-0.0010362916080833343
21.299787,-0.001361582983373352
21.319786,8.240303060864067e-05
21.339786,0.000887904196078486
21.359786,0.00115067808884827
21.379786,0.0007771349653064258
21.399786,-2.5452447294123913e-05
21.419785,0.0002935918417417896
21.439785,-0.00042382074564828605
21.459785,-0.0010848696966739273
21.479785,8.464079287043335e-05
21.499785,0.0013350137532676205
21.519784,0.0030087433570019965
21.539784,0.0026293027975643557
21.559784,0.0015265755248391835
21.579784,0.0009976477858799648
21.599783,0.0005084869466821165
21.619783,0.00043216993036167864
21.639783,-0.0003956622374946205
21.659783,-0.0001195550114113864
21.679783,0.0023914006995511008
21.699783,0.0027248505829965187
21.719782,0.0029658529140099577
21.739782,0.003085456643637143
21.759782,0.0009058296040015672
21.779782,-0.0005175969694198919
21.799782,-0.001587130768969145
21.819781,-0.0012113731932078394
21.839781,-0.0017087857806281225
21.859781,-0.00024123333305704428
21.879781,0.001457601165794634
21.899781,0.0022811209793134257
21.91978,0.0024535452217618564
21.93978,0.003692542890771661
21.95978,0.0032852002334387673
21.97978,0.0038922398604827936
21.999779,0.004631517249735999
22.019779,0.0037948505830367654
22.039779,0.0031762025643712554
22.059779,0.0034485568767359614
22.079779,0.0033436384618057754
22.099778,0.001167111655284866
22.119778,-0.0005839139857380164
22.139778,-0.0019458720276945545
22.159778,-0.002031839393658467
22.179778,-0.0029266412584791532
22.199778,-0.0032794384612765746
22.219777,-0.0018263382281895938
22.239777,-0.0003349163167753956
22.259777,0.0005558529139968679
22.279777,0.001394570862724184
22.299777,0.001026365734524878
22.319777,0.002407834266006247
22.339776,0.0026198622380267894
22.359776,0.0038798622380176997
22.379776,0.00280601608417016
22.399776,0.0014595592077419025
22.419775,0.0007196291378180542
22.439775,-0.0018869442887502307
22.459775,-0.0036703708621902936
22.479775,-0.002047387179193499
22.499775,-0.00011477645656221477
22.519774,0.0018925428907713964
22.539774,0.0037492561774700233
22.559774,0.004926086014292992
22.579774,0.005405573193774293
22.599773,0.0051007480189571046
22.619773,0.003425526573717163
22.639773,0.0024817270399255234
22.659773,0.00119363846180724
22.679773,0.0023378808860582898
22.699773,-0.00018587202768340083
22.719772,0.00012927948746214698
22.739772,0.001014431002596428
22.759772,0.001021703729878884
22.779772,0.0019146874128525885
22.799772,0.002475643123794427
22.819771,0.001178090676243588
22.839771,0.000834920513077521
22.859771,-0.00017221235407358462
22.879771,0.00035729813543511227
22.89977,0.000289675757806972
22.91977,0.0031463191144821628
22.93977,0.003664407692577116
22.95977,0.004026272494466413
22.97977,0.004182006760183794
22.999769,0.0051889298370970185
23.019769,0.0041810976692875975
23.039769,0.0038607480189273586
23.059769,0.0037048972030804717
23.079769,0.003518090676256388
23.099768,0.0034844076925736435
23.119768,0.003598743356947654
23.139768,0.001359256177448838
23.159768,0.0016261326343352085
23.179768,0.0015646407928152362
23.199768,0.0022758296040110296
23.219768,0.0019051536133465696
23.239767,0.0021768785550511636
23.259767,0.0016053400935172526
23.279767,0.0023684869466390175
23.299767,0.0025638715620280132
23.319766,0.0041612608394399
23.339766,0.0030652701634470373
23.359766,0.004453918182140648
23.379766,0.004171633799861933
23.399765,0.002497111655352388
23.419765,0.0017271116553444275
23.439765,-0.0006726086244207262
23.459765,-0.002462212354035599
23.479765,-0.0030428883447555194
23.499765,-0.005125499067362666
23.519764,-0.0038968044286759908
23.539764,-0.0028616995335710082
23.559764,-0.002371629603454173
23.579764,-0.0013395083913343526
23.599763,-0.0008395083913119887
23.619763,0.0009077643359653357
23.639763,-0.0003862449880608662
23.659763,-0.0009653592071842674
23.679763,-0.0016237974356444684
23.699763,-0.0025768510486795437
23.719762,-0.001009205361054343
23.739762,-0.00022682773866609013
23.759762,-3.8855710675207505e-05
23.779762,0.0028255965037663356
23.799762,0.002720748018927633
23.819761,0.0028906780888765284
23.839761,0.0016377410259259526
23.859761,0.0003872048953808474
23.879761,-0.00015960163141254952
23.899761,-0.001726944288745555
23.91976,-0.001399974591784103
23.93976,-0.0015434944052828896
23.95976,-0.00022817971997967756
23.97976,0.0023677876459663938
23.999759,0.0020573680655381838
24.019759,0.004046016084194605
24.039759,0.005188603496768852
24.059759,0.005202752680923653
24.079759,0.005357904196095265
24.099758,0.00405426783246315
24.11976,0.0032305149187219166
24.139758,0.004499699067917778
24.159758,0.00644098111920221
24.179758,0.008808370396579127
24.199757,0.009011097669323512
24.219757,0.009525013753233185
24.239757,0.008121820280029782
24.259757,0.004961890210080991
24.279757,0.0030537083918757645
24.299757,0.0014172981354486662
24.319756,-0.0005605340323826416
24.339756,4.6831934974710934e-05
24.359756,0.000727437995570626
24.379756,0.00044655221468910137
24.399755,-0.0012036575755026918
24.419755,2.93027974680993e-05
24.439755,3.032843850599143e-05
24.459755,0.00025825384645220315
24.479755,0.0022044076926220984
24.499754,0.004114058042287909
24.519754,0.004226389044639527
24.539754,0.0040434053616540755
24.559754,0.002914594172800601
24.579754,0.0018960860142928537
24.599753,0.000529396037583998
24.619753,0.00143743799561029
24.639753,0.00011081794897407855
24.659753,-0.000197154078994208
24.679753,6.734475551365283e-05
24.699753,-0.00040659463843652004
24.719752,0.00018389487206737378
24.739752,-0.0005501610719765091
24.759752,6.225874431949974e-06
24.779752,0.0010917270399543664
24.799752,0.00031615594439361587
24.819751,9.18202800604148e-05
24.839751,-0.0008261051278832046
24.859751,9.237972061049252e-05
24.879751,0.0007856897439175166
24.89975,0.0006359461541407058
24.91975,0.0019015871797658202
24.93975,0.0015623564105239015
24.95975,0.002742333100502208
24.97975,0.001977507925644877
24.999749,0.0014959694641127025
25.019749,-0.00023291165477545665
25.039749,-0.0017292986011612347
25.059749,-0.0006739372957561136
25.079749,0.0004940813522720819
25.099749,0.002301354079545793
25.119748,0.0029406081588284096
25.139748,0.0019766687648963463
25.159748,0.003685013753240333
25.179748,0.0027411442893450185
25.199748,0.0026165755247605643
25.219747,0.0007483937065577
25.239747,0.00010347529164730939
25.259747,-0.00047976480155815853
25.279747,-0.0010601144519117522
25.299747,-0.0008951960369708692
25.319746,-0.0011791587408971679
25.339746,-0.0010209536126997922
25.359746,0.00028685524509640273
25.379746,-0.0011633778551608947
25.399746,-0.0004654524472474886
25.419745,0.0008598389280697658
25.439745,0.0009378342660759479
25.459745,-7.661794837920542e-05
25.479745,-0.001316501398287925
25.499745,-0.0009090655008408264
25.519744,0.0009091396273519942
25.539744,0.0016131023313075937
25.559744,0.0007899787881803618
25.579744,0.00023126083945526588
25.599744,0.0015064589746584113
25.619743,0.0011419601401804218
25.639743,0.0015797689979677872
25.659743,0.001928673426832442
25.679743,0.002524058042195231
25.699743,0.0030293727275193917
25.719742,0.003803661771820938
25.739742,0.0024493960375833973
25.759742,0.0018375545457448603
25.779742,0.0021414240096193507
25.799742,0.0012988132870265792
25.819741,-0.00041225897404786383
25.839741,-0.0006901610719654286
25.859741,-0.0010814664333084068
25.879741,0.00042053822869044335
25.89974,-3.8459440313328135e-05
25.91974,0.000446389044532703
25.93974,0.0005486034967514431
25.95974,0.0025833121214555313
25.97974,0.0025260393942017918
25.99974,4.783426600896211e-05
26.019739,-0.0013450561768787316
26.039739,-0.003740254312091287
26.059739,-0.0032056389274789233
26.079739,-0.001922375524209143
26.099739,-0.0012889256407833793
26.119738,0.00047601608417080325
26.139738,0.0011692794874376855
26.159738,0.00263319557135561
26.179738,0.001870514918694628
26.199738,-0.00023542913723729206
26.219737,-0.002162142423936739
26.239737,-0.003814333566143572
26.259737,-0.002650137761938109
26.279737,-0.0012556156174387341
26.299736,0.000632239860386529
26.319736,0.0017327060608356673
26.339736,0.001526389044496822
26.359736,0.0028893494174589904
26.379735,0.0017654799536232753
26.399735,0.0021314240095979577
26.419735,0.00038760116580526763
26.439735,-0.0010096482514394046
26.459735,-0.0009173638691336132
26.479735,-0.0005349862467779851
26.499735,-0.0006406272724278983
26.519734,-0.00038827296008583836
26.539734,-0.000777037528848328
26.559734,0.0009030790212637589
26.579734,0.0008505382287342469
26.599733,0.0035707946389698583
26.619733,0.0039889065270681135
26.639733,0.0026159927741469546
26.659733,0.0018074146855899345
26.679733,0.0003341279722895282
26.699733,-0.0005566412584631251
26.719732,-0.0015393918412102948
26.739732,-0.0017172706290804185
26.759732,-0.0007218393936528121
26.779732,-0.00035356433538852295
26.799731,0.0005271582752925249
26.819731,0.0003616804198010333
26.839731,-0.00025950839138560446
26.859731,0.0008109344990630244
26.879731,0.0006603517484995224
26.89973,0.0008723564105037032
26.91973,0.0022765988347581774
26.93973,0.002933009091199237
26.95973,0.0034801186483272286
26.97973,0.0031782771564819504
26.99973,0.0030494193476261703
27.019729,0.002190864569074476
27.039729,0.002396738694936039
27.059729,0.004357880886082938
27.079729,0.004676925175142172
27.099729,0.005464850583041413
27.119728,0.006341633799836474
27.139728,0.005598929837134607
27.159728,0.005262589510767883
27.179728,0.003983824941984518
27.199727,0.0025057363639102706
27.219727,0.00018037505854425634
27.239727,-0.0014675270393562706
27.259727,-0.00023167622349385395
27.279727,-0.0003639139857279439
27.299726,0.0019514473196315173
27.319726,0.002782636130834395
27.339726,0.0045532188813915105
27.359726,0.005707368065509998
27.379726,0.00593114428927934
27.399725,0.00602419790235348
27.419725,0.00427261282076674
27.439725,0.00417499044315074
27.459725,0.0038235219116770462
27.479725,0.002506155944315011
27.499724,0.003151214219386639
27.519724,0.002115130303306168
27.539724,0.0017054566436364973
27.559724,0.0017460160842005972
27.579724,-0.00036424032606353007
27.599724,0.0007032421914099393
27.619723,0.0004843610725180425
27.639723,0.0016387666669315138
27.659723,0.0011686734268474641
27.679723,0.0016438249420066984
27.699723,0.002050468298683397
27.719722,0.0013011442893691868
27.739722,0.0005894426576751183
27.759722,-0.0007310002327905221
27.779722,-0.002635382517195737
27.799721,-0.0023203941722357378
27.819721,-0.0014989023307525181
27.839721,-0.000648319580181346
27.859721,-9.955501141577032e-05
27.879721,0.0020064356646034625
27.89972,0.002064873893063222
27.91972,0.0005033354315414878
27.93972,0.00021561981382775948
27.95972,-0.00047174615353537527
27.97972,-0.0005301610719347827
27.999719,-0.001000114451888335
28.019719,0.00011065477889188205
28.039719,-0.000449275291048635
28.059719,-0.0010611167829025427
28.079719,-2.850606030292669e-05
28.099718,0.00011848694666611453
28.119718,-0.00017312144495440946
28.139718,0.001602169930325943
28.159718,0.002787997436146124
28.179718,0.0033123797205416835
28.199718,0.00399060815879831
28.219717,0.002917298135505687
28.239717,0.0003207013989116937
28.259717,-0.001262631934413486
28.279717,-0.002029555011339042
28.299716,-0.003236781118570049
28.319716,-0.0039220025637930166
28.339716,-0.002443401165201413
28.359716,-0.0008551494169755357
28.379716,6.410466229340043e-05
28.399715,0.0009352002333791343
28.419715,0.0011239414920917248
28.439715,0.0010209111890713838
28.459715,0.0007939414921388907
28.479715,0.0013391163173190157
28.499714,0.002996435664628386
28.519714,0.004580934499154816
28.539714,0.005046785314996021
28.559714,0.004619675757861863
28.579714,0.00403496713315288
28.599714,0.0026362958044474855
28.619713,0.0009266687648209742
28.639713,-0.00048682773867428505
28.659713,-0.0011123755242216115
28.679713,-0.0005332613051104001
28.699712,0.0020956198137633167
28.719712,0.0029116804198502143
28.739712,0.0030657363639072905
28.759712,0.003787437995611622
28.779712,0.0037232655014538063
28.799711,0.002679838928023246
28.819711,0.0005081372963444793
28.839711,-0.000722095803900095
28.859711,-0.0015917694635791675
28.879711,-0.0019724920742866126
28.899711,-0.0017466878784949478
28.91971,-0.001888063169857807
28.93971,0.00010328881147773065
28.95971,0.002142356410561589
28.97971,0.0010017969699995933
28.99971,0.001444221212410831
29.019709,0.0008156664338391929
29.039709,0.0006376944058527431
29.059709,0.00047687855502632625
29.079709,0.0005848972030568682
29.099709,0.0013600020981488852
29.119708,0.002706645454803963
29.139708,0.0032223331005130557
29.159708,0.0030065289047305943
29.179708,0.0005919601401751143
29.199708,0.0005603750586014063
29.219707,0.0011896757578826315
29.239707,-0.000853144754920284
29.259707,-0.003022771794565737
29.279706,-0.0032526785544676287
29.299706,-0.0007069675987846438
29.319706,-0.0002965480183672262
29.339706,-0.0006779699297769761
29.359706,0.0005096524478393749
29.379705,0.002425876224092225
29.399705,0.0033924263406474994
29.419705,0.005797111655320633
29.439705,0.004765946154176899
29.459705,0.00391226317046721
29.479705,0.0038665755247687724
29.499704,0.0038242212123957824
29.519704,0.0006977410259284931
29.539704,-0.00011764358945867985
29.559704,0.0003164123546133377
29.579704,0.0008152468534662527
29.599703,0.0005225895108243362
29.619703,0.0011510510492775295
29.639703,0.0016748738931028704
29.659703,0.001403778321990548
29.679703,0.0019408179490364038
29.699703,0.0001672515154808778
29.719702,-0.001166011887773967
29.739702,-0.001099345221113435
29.759702,-0.0007440305358048873
29.779702,-0.0005117461535266068
29.799701,0.00028727482549690316
29.819701,-0.0004449862467762497
29.839701,0.0011794892776821188
29.859701,0.0009391629373572737
29.879701,0.0022473214455403963
29.8997,0.0012736384618623135
29.9197,0.0017216804198813237
29.9397,0.0026235452217375746
29.9597,0.003716645454831393
29.9797,0.0028535685317483015
29.999699,0.002875829603995571
30.019699,0.0023813074594711534
30.039699,0.002397018415184313
30.059699,0.001811027739206056
30.079699,0.0017661326343151183
30.099698,0.0013195358977095906
30.119698,0.002107694405839224
30.139698,0.0017322165503601127
30.159698,0.0023235452217180083
30.179698,0.0014173913755649915
30.199697,0.0013814240095925026
30.219697,0.0019655032636726436
30.239697,0.0019573913755801765
30.259697,0.003455573193765834
30.279697,0.003137298135486079
30.299696,0.005375270163465619
30.319696,0.005590281818493581
30.339696,0.0031699787882045333
30.359696,0.00290878997703226
30.379696,0.0012449438231744005
30.399695,-0.0008915363633204357
30.419695,-0.0009707671325849001
30.439695,-0.0013238207456349033
30.459695,-0.0017339372957580065
30.479695,-0.002781303263134445
30.499694,-0.0012195550113917905
30.519694,-0.0012889489507859604
30.539694,-0.0003589722608379159
30.559694,0.0009820533801680493
30.579694,0.001170351748449468
30.599693,0.0013603983684959246
30.619693,0.0022974613055780466
30.639693,0.002779419347584393
30.659693,0.0014613540795333022
30.679693,0.001206901865086447
30.699692,0.0010494426576490093
30.719692,0.0013164356646299053
30.739692,0.0014932888114732685
30.759692,0.0005326128207995497
30.779691,0.0001788599070467106
30.799691,2.1610489801573356e-05
30.819691,5.596503795158144e-06
30.839691,-0.0006608836826771567
30.859691,8.645690783505751e-07
30.879691,0.0006614473196485087
30.89969,0.001143428671639946
30.91969,0.00023475734294771183
30.93969,-0.0006791820509802068
30.95969,-0.000927480419268083
30.97969,-0.0009570142188094679
30.999689,-0.0007298580416692357
31.019689,0.0002322398603963044
31.039689,0.00028391818206658287
31.059689,0.0021681839163371357
31.079689,0.003993894872038034
31.099689,0.005133568531737685
31.119688,0.0037404682986364904
31.139688,0.0025585335667257557
31.159688,0.00151319557141404
31.179688,5.051491874061704e-05
31.199687,-0.00041885571062476583
31.219687,0.00013872004692445244
31.239687,-0.0003739606057831189
31.259687,0.0003752235433778046
31.279687,0.0022855265736803363
31.299686,0.003164827272977513
31.319686,0.004102169930309498
31.339686,0.004524990443144241
31.359686,0.005088603496768512
31.379686,0.00507342867161557
31.399685,0.004047997436199045
31.419685,0.004056738694929365
31.439685,0.002782076690232906
31.459685,0.001330375058525625
31.479685,0.0005355498836952762
31.499685,0.0013848272729590832
31.519684,0.0021693727275006853
31.539684,0.002352286480405253
31.559684,0.003253778321897966
31.579684,0.0033519834501222747
31.599683,0.0032599554780907967
31.619683,0.002149512587652527
31.639683,0.00011081794897672876
31.659683,-0.0012346599064786902
31.679682,-0.0017065013983251272
31.699682,-0.0009453125871257199
31.719682,-0.0013228650346821357
31.739682,0.00018098111916203726
31.759682,0.002625083683264202
31.779682,0.00407412797230389
31.799681,0.00407454755269591
31.819681,0.0019661792543342075
31.839681,0.0017675545457223095
31.859681,0.0022703517485146737
31.879681,0.002325549883691109
31.89968,0.0012056897438482354
31.91968,0.0016687899769590535
31.93968,0.0025355965037697522
31.95968,0.0020673214454802144
31.97968,0.0010426594408113675
31.999679,-0.0008632379950919233
32.019679,-0.0022487624706115767
32.039679,-0.001455102796935836
32.059679,0.0006851536133341704
32.079679,0.0007937783219517525
32.099679,0.0014323564105261641
32.119678,0.0028097923079622904
32.139678,0.002202123310287303
32.159678,0.0022091862473414174
32.179677,0.0014602118883749148
32.199677,0.0016805149187015629
32.219677,0.0018694892776922462
32.239677,0.0026961559443939367
32.259677,0.004482636130893152
32.279677,0.003624384382629414
32.299676,0.004740631468850866
32.319676,0.004005176923392302
32.339676,0.004272845921059142
32.359676,0.0029443377625523065
32.379676,0.0019480207462316155
32.399676,0.0027372048953975504
32.419675,0.0012649205131075444
32.439675,-0.00018396060576514415
32.459675,-0.0011270841488925706
32.479675,-0.0011398347316629019
32.499674,-0.0008054757572995582
32.519674,-0.0005534011652078919
32.539674,0.000351493939697512
32.559674,5.3148951363759636e-05
32.579674,0.0008643843826069235
32.599673,0.0027429391611544394
32.619673,0.0024256198138195018
32.639673,0.003873988112201866
32.659673,0.0029362258744232692
32.679673,0.0006056431238177224
32.699672,-0.0012441937060106798
32.719672,-0.0014420025638151464
32.739672,-0.001874403496224141
32.759672,-0.001697830069631171
32.779672,-0.001518109789884983
32.799671,0.0010922631704886128
32.819671,0.003280561538764614
32.839671,0.006291983450208659
32.859671,0.005502845921053715
32.879671,0.002611936830117681
32.89967,0.001566528904693811
32.91967,0.0006505149186589076
32.93967,-7.845944032841003e-05
32.95967,0.00041210000025125864
32.97967,0.0012396524478211234
32.999669,0.0024667620049246006
33.019669,0.0037245475527034697
33.039669,0.004110421678590765
33.059669,0.0023051536133373244
33.079669,0.0009035918417784646
33.099668,-0.00011629160810640163
33.119668,-0.0012401843819955785
33.139668,0.0008805848487781476
33.159668,0.002618440326633908
33.179668,0.0046585102567000755
33.199667,0.005355899534062805
33.219667,0.0050831955713466805
33.239667,0.004231843589981189
33.259667,0.003246249184413808
33.279666,0.0036714240095926777
33.299666,0.0032065755247496826
33.319666,0.0028211909093946537
33.339666,0.0037695125877245817
33.359666,0.0037799321681279254
33.379666,0.003318370396560165
33.399665,0.0014719135201015933
33.419665,-0.0009567344985346942
33.439665,-0.0005569209787251791
33.459665,0.000433242191454023
33.479665,0.0010469251751415928
33.499664,0.0009873214455494857
33.519664,0.002397834266098806
33.539664,0.003331750350005979
33.559664,0.0039511909094296985
33.579664,0.002302915851121642
33.599663,0.0017729857811790532
33.619663,0.0010942911424796642
33.639663,0.00191014195831437
33.659663,0.0026822864804561383
33.679662,0.003024454312635125
33.699662,0.0012964589746426993
33.719662,0.004348277156478545
33.739662,0.006720817949019941
33.759662,0.007166948485148256
33.779662,0.007186785314985883
33.799661,0.007681820280032427
33.819661,0.007973521911738005
33.839661,0.005927298135514979
33.859661,0.004904011422239151
33.879661,0.0034779275061553984
33.89966,-0.0012265480183470024
33.91966,-0.0004500911419011173
33.93966,0.0004297223778938052
33.95966,0.0003579741261348367
33.97966,0.0018082538464328061
33.999659,0.0032147573429368143
34.019659,0.00431039836857614
34.039659,0.003416552214740022
34.059659,0.004892216550410458
34.079659,0.0034831722613551117
34.099658,0.0018014939396576357
34.119658,0.0023631256412668684
34.139658,0.0019370650351901433
34.159658,0.0012278109559422175
34.179657,0.0030118902100311927
34.199657,0.0037874613056168537
34.219657,0.001397507925668142
34.239657,-0.0005923988342433137
34.259657,-0.0004447531465755386
34.279657,-0.0020419792538098275
34.299656,-0.0013315829834098744
34.319656,-0.000802189044021673
34.339656,-0.0004704407922566303
34.359656,0.00018412797230571562
34.379656,0.0032216337998128707
34.399655,0.003404687412860126
34.419655,0.0032312841494621758
34.439655,0.0022955965037683036
34.459655,0.001588743356933269
34.479655,-0.00018552237736166322
34.499654,-0.0007827717945983266
34.519654,-0.00041081375263226185
34.539654,-0.00015678111859438728
34.559655,-0.0010863615381964528
34.579654,-0.0001214198132576993
34.599653,-9.139650325665997e-05
34.619653,0.0006227526809142924
34.639653,-0.0009108836827201388
34.659653,-0.001260557342401903
34.679652,-0.0012096016314608912
34.699652,0.0017759927741641444
34.719652,0.002320864569048364
34.739652,0.003402403030611191
34.759652,0.004472566200788756
34.779652,0.004352356410569761
34.799651,0.0038017969700080145
34.819651,0.0033505848487998154
34.839651,0.0033370883452833264
34.859651,0.0026060160841896228
34.87965,0.0019680207461885407
34.89965,0.003123848252031993
34.91965,0.00196939603758845
34.93965,0.002075410023601371
34.95965,0.002222519580718999
34.97965,0.00146389487208411
34.999649,0.0025610044292243006
35.019649,0.0036082538464648727
35.039649,0.0044010510492516995
35.059649,0.003370141958352069
35.079648,0.0029455265737359966
35.099648,0.003013428671645271
35.119648,0.002178813287022351
35.139648,0.0014806780888806043
35.159648,0.0012337083919238753
35.179647,0.0012876244758230867
35.199647,0.0004785568767799121
35.219647,-0.0010682729600793427
35.239647,-0.0017539606057577935
35.259647,-0.0016120258738247164
35.279647,-0.00024244545426398503
35.299646,0.0003709344991027696
35.319646,-0.0004507904426134918
35.339646,0.0002936151518005516
35.359646,-0.0005882729600944651
35.379646,-0.0018147531465913611
35.399645,-0.0036191820509923886
35.419645,-0.0033345899764054476
35.439645,-0.0026168044286062524
35.459645,-0.0013412100230316875
35.479645,0.0003631256412770569
35.499644,0.000387134965276644
35.519644,-0.000542678554529843
35.539644,-0.0015599745918295892
35.559644,-0.003252119113963661
35.579643,-0.00369596526777944
35.599643,-0.0037709536127438206
35.619643,-0.0008313731931390292
35.639643,0.0004418669001062476
35.659643,0.0013157363639604608
35.679642,0.00305338205158894
35.699642,0.003024174592359291
35.719642,0.0035458062939799414
35.739642,0.002616272494459889
35.759642,0.0017956198138100016
35.779642,0.0005941279723231628
35.799641,-0.0002532379950409379
35.819641,0.0009383703966043644
35.839641,0.0006672515154868108
35.859641,0.0010617270399638575
35.879641,0.0018632188814721317
35.89964,0.0026258296040750206
35.91964,0.004605433333669707
35.93964,0.006670281818520241
35.95964,0.006474570862781879
35.97964,0.004599605827813453
35.999639,0.004750491608685581
36.019639,0.004056948485155056
36.039639,0.0010671582753485206
36.059639,-0.000571116782911113
36.079638,-0.001590464102221981
36.099638,-0.002054147085902418
36.119638,-0.0027585526803252302
36.139638,-0.000865545687350328
36.159638,0.0006077643359420585
36.179637,0.0012434752916512764
36.199637,0.0018199787881355662
36.219637,0.0012473214454877197
36.239637,-0.00017976480161120386
36.259637,0.0009212375294071617
36.279636,0.0011196291378262984
36.299636,0.0007501419583423485
36.319636,0.000536412354617581
36.339636,0.0026134053615978754
36.359636,0.004531074359267388
36.379636,0.0033017503499433894
36.399635,0.0012501652683619927
36.419635,0.0007008412590431592
36.439635,-0.00021389067569066943
36.459635,-0.00017864592043472663
36.479635,0.000481983450195184
36.499634,0.0011843144525189614
36.519634,0.0019216104898233774
36.539634,0.002951144289351719
36.559634,0.004186086014286139
36.579633,0.003080981119163907
36.599633,0.0019448738930487167
36.619633,0.002182939161121378
36.639633,0.0022510976692864154
36.659633,0.0034405615387475587
36.679632,0.005294617482790253
36.699632,0.004982729370887148
36.719632,0.00519056153871718
36.739632,0.004638650116821707
36.759632,0.004648347086537125
36.779632,0.002083964802135081
36.799631,6.685524502537802e-05
36.819631,-0.001166944288760725
36.839631,-0.00101372750553168
36.859631,-0.0005877601395373588
36.879631,-0.00015913543091784495
36.89963,-0.0006205573423312583
36.91963,-0.0006714897432659794
36.93963,3.196014018233442e-05
36.95963,0.0003619834502002903
36.97963,-0.0007136109554027478
36.999629,-0.0007996016314026323
37.019629,-0.0018049862467865792
37.039629,-0.001660464102259902
37.059629,-0.0005723522141391848
37.079628,0.001374267832487254
37.099629,0.00222750792573238
37.119628,0.0029922631704727867
37.139628,0.005542006760192533
37.159628,0.004970258508449893
37.179627,0.0031087200469287323
37.199627,0.001899116317332466
37.219627,0.00038676200500108605
37.239627,-0.0002416762234315057
37.259627,0.000642939161186018
37.279626,0.0018900720283491726
37.299626,0.002233382051645736
37.319626,0.0031069251751792036
37.339626,0.00480335874157877
37.359626,0.004171097669312846
37.379626,0.003973079021294878
37.399625,0.003031447319651287
37.419625,0.0028617736599804147
37.439625,0.0017097923079760552
37.459625,0.0014907713289441216
37.479625,0.0024819368301098733
37.499624,0.0019729624711029487
37.519624,0.002767414685554918
37.539624,0.00420620256432381
37.559624,0.00461606270419592
37.579623,0.005570887879048435
37.599623,0.004399955478117554
37.619623,0.004016552214730924
37.639623,0.002617577855739164
37.659623,0.002568580186750721
37.679622,0.001284897203060829
37.699622,-0.0002072939391248977
37.719622,-0.0022409069927229303
37.739622,-0.0021490188808415598
37.759622,-0.003056874358669652
37.779622,-0.0030012333330101033
37.799621,-0.0037072006989912745
37.819621,-0.002034636596423167
37.839621,-0.001024333566154423
37.859621,-5.8412820239650814e-05
37.879621,-9.978811161754134e-05
37.89962,0.0001261792543623217
37.91962,-0.0002647764566106887
37.93962,0.0020807480189163493
37.95962,0.001969162937357529
37.97962,0.0011936850818834227
37.999619,0.0007787200469034054
38.019619,0.0018868086250033774
38.039619,0.0017666687648536055
38.059619,0.0017785102566885212
38.079618,0.0008610976692749777
38.099618,0.0003484869466520001
38.119618,0.0009705382286761403
38.139618,0.002178766666903768
38.159618,0.0016180207461696
38.179617,0.002355223543373591
38.199617,0.0029915172496481884
38.219617,0.0032364822846291668
38.239617,0.002668137296299747
38.259617,0.0018184403266317292
38.279616,-0.000896617948422051
38.299616,-0.0024833545451535617
38.319616,-0.0031075969693786826
38.339616,-0.002167620279401824
38.359616,-0.0026794151511850403
38.379616,-0.0016755689973526307
38.399615,-0.002030464102271808
38.419615,-0.00015302820485094853
38.439615,-0.0002089722608079921
38.459615,-0.00010109347292331728
38.479614,-0.0009948696967193623
38.499614,0.0005355498837244275
38.519614,0.0006896291378158859
38.539614,-0.0007792986011026309
38.559614,-0.002860021211802053
38.579613,-0.0038540072257774866
38.599613,-0.0034397648015330965
38.619613,-0.0020204641022403443
38.639613,-0.0011485293703101481
38.659613,-9.347109525340339e-05
38.679613,0.0016798855481034622
38.699612,0.005166528904759003
38.719612,0.0037539414921641786
38.739612,0.003192845921083893
38.759612,0.00446927948750875
38.779612,0.003656109324342629
38.799611,0.0036101186483588864
38.819611,0.004009279487505709
38.839611,0.003354500932708662
38.859611,0.002096389044580426
38.879611,0.001966785314976369
38.89961,0.0024272282054275435
38.91961,-0.001242958274743387
38.93961,-0.0007555223772915652
38.95961,-1.1443123199857819e-05
38.979609,-0.0016666412583732316
38.999609,-0.0008919093236055328
39.019609,0.0010017037299871504
39.039609,0.0017265289047859386
39.059609,0.002112822611049883
39.079608,0.0023826128208140297
39.099608,0.0024762025643736553
39.119608,0.001155106993262812
39.139608,0.0019052002333623315
39.159608,0.001939372727536
39.179608,0.0002819368301193839
39.199607,0.00015354522173869776
39.219607,0.0009294426576228444
39.239607,0.0028076477858141723
39.259607,0.0031103750585329253
39.279606,0.002717088345214658
39.299606,0.002018976457090862
39.319606,0.001972286480423365
39.339606,0.0012387899769618906
39.359606,0.00023541002359238447
39.379606,-0.002249881351686292
39.399605,-0.0020737041955267528
39.419605,-0.0005944967363375095
39.439605,0.0018416337997910251
39.459605,0.0038230790212389846
39.479604,0.0032614240095593305
39.499604,0.0031716337997705654
39.519604,0.002855246853410196
39.539604,0.0024222398604268817
39.559604,0.002019279487460968
39.579603,0.0014837550119296185
39.599603,0.0020512142193622436
39.619603,0.003028906527058608
39.639603,0.004434244522409068
39.659603,0.005996575524751552
39.679602,0.005594757342918056
39.699602,0.004920468298635398
39.719602,0.004356365734539281
39.739602,0.004963148951322245
39.759602,0.004282845921023825
39.779602,0.0020973680655458453
39.799601,-0.001725662237482111
39.819601,-0.0024219326337324935
39.839601,-0.0027640072258046954
39.859601,-0.0015074337992264063
39.8796,-0.0002384128202330524
39.8996,0.000293148951319628
39.9196,0.0013632655014247201
39.9396,0.00120338205152729
39.959599,-2.722400907976302e-05
39.979599,-0.0007435643354140652
39.999599,-0.0021334710953234883
40.019599,-0.001734473426308684
40.039599,-0.0017391820510149602
40.059599,-0.00048246876429292485
40.079598,-5.493962674819571e-05
40.099598,-3.820303000350413e-05
40.119598,-0.0012488090905831408
40.139598,-0.0020537974355711404
40.159598,-0.0023537508155203543
40.179598,-0.0003896482514332766
40.199597,-0.00020626829807375568
40.219597,9.6039394225416e-05
40.239597,0.0008048972030733017
40.259597,0.0015961326343086606
40.279596,0.0009548972030698347
40.299597,0.00046547995362470327
40.319596,-0.000386431468274436
40.339596,-0.0005542869461121066
40.359596,-0.0016768976687150492
40.379595,-0.001258156410004382
40.399595,-0.0009029349647724092
40.419595,0.0006184170165768539
40.439595,0.0021924962706803292
40.459594,0.0036631256413173817
40.479594,0.003542309790490146
40.499594,0.0029662258743840962
40.519594,0.002388906527063755
40.539594,0.0019661559443220865
40.559594,0.0011257363638942548
40.579593,0.0012968086249368772
40.599593,0.001466645454792238
40.619593,0.001152403030557726
40.639593,0.001457251515422016
40.659593,0.0010227526809145865
40.679592,0.0008223331005038678
40.699592,0.0019159927741461739
40.719592,0.0029586967368442872
40.739592,0.00449196014012419
40.759592,0.0045110976692626925
40.779592,0.005615573193727462
40.799591,0.006276925175103069
40.819591,0.004411633799808261
40.839591,0.004406505594681343
40.859591,0.0015754100235869574
40.879591,0.00010391818212989221
40.89959,0.0008817270399587958
40.91959,0.0011641512824035185
40.93959,0.0006976477859107498
40.95959,-0.0011675037292710525
40.979589,0.0005193027975045807
40.999589,0.0018896990678700923
41.019589,0.0015122398603844207
41.039589,0.0025530324011637483
41.059589,0.0028345475526820644
41.079588,0.002837997436156098
41.099588,0.0036300020982117463
41.119588,0.004295410023630937
41.139588,0.004093265501499632
41.159588,0.0027596058278495173
41.179587,0.004001260839502006
41.199587,0.004041563869803453
41.219587,0.0027932421914672084
41.239587,0.003451330769539951
41.259587,0.004396202564377825
41.279586,0.003717344755514088
41.299586,0.0020325895107612376
41.319586,0.0015546641028266344
41.339586,0.0007948505830361464
41.359586,-0.0005070142188251699
41.379586,-0.0007443801861949957
41.399585,-0.0011640305358331282
41.419585,-0.0015634011652035209
41.439585,-0.00021438018616887347
41.459584,0.001670141958343132
41.479584,0.0018965055947203855
41.499584,0.0010007247089305698
41.519584,-4.006783185352787e-05
41.539584,-0.0005813498831353368
41.559584,-0.001058575990379295
41.579583,-0.001280837062647912
41.599583,-0.001419531701336886
41.619583,-0.0010689023306869841
41.639583,-0.0005016762234471202
41.659583,0.000957647785876014
41.679582,0.0016317503499774318
41.699582,0.001623661771868465
41.719582,0.001026016084213741
41.739582,0.00252203007020524
41.759582,0.0022936850818579975
41.779581,0.0016093960375671967
41.799581,0.0016121932403642273
41.819581,0.0019977876459735676
41.839581,0.0015515638697453586
41.859581,0.0009593261075055771
41.87958,0.0015239181820995086
41.89958,0.0018549205131210434
41.91958,0.001776622144817366
41.93958,0.003954967133177838
41.95958,0.003821983450196
41.979579,0.0028098622380781546
41.999579,0.002462146620345249
42.019579,0.002599396037600071
42.039579,0.0016432188814095878
42.059579,0.0009655731937480214
42.079578,-0.0002727717946043905
42.099578,-0.00040757365937702867
42.119578,-0.0005096482514552017
42.139578,0.00023657552479045343
42.159578,0.00012830046648771817
42.179577,4.2100000291823416e-05
42.199577,-0.00028498624679330453
42.219577,0.002439512587729671
42.239577,0.003741657109862581
42.259577,0.004053148951343385
42.279576,0.003944594172791315
42.299576,0.004207437995650993
42.319576,0.004244407692600492
42.339576,0.0018805382287254914
42.359576,0.0008512841494411838
42.379575,-0.0001341004659370774
42.399575,-0.0004724920743287038
42.419575,0.000181167599349107
42.439575,-0.0011618393936554678
42.459575,-0.0022905573423597564
42.479574,-0.002557596969399345
42.499574,-0.003774077155875908
42.519574,-0.0026688324006390787
42.539574,-0.0027632846150886787
42.559574,-0.0013822356640661114
42.579573,0.0010961326342979567
42.599573,0.002947577855712139
42.619573,0.004168789976920349
42.639573,0.0030974146855496233
42.659573,0.001426155944304782
42.679572,-0.00043053403236529403
42.699572,-0.0015059419577452217
42.719572,-0.0014136109553892185
42.739572,-0.0010215363632895518
42.759572,-0.0008402076919729539
42.779571,0.0012779275061649093
42.799571,0.0034219834501829855
42.819571,0.004554244522442122
42.839571,0.005066389044569335
42.859571,0.00537508368326106
42.87957,0.005291517249696257
42.89957,0.004906575524754379
42.91957,0.004226132634319102
42.93957,0.00503403473225961
42.95957,0.003416179254405634
42.979569,0.0028033820516063786
42.999569,0.0020308645690687416
43.019569,-0.0003007904425909889
43.039569,-0.0007509536127793863
43.059569,-0.0008851261069825436
43.079569,-0.0024954524473242714
43.099568,-0.0037749629368288833
43.119568,-0.0034571074589443283
43.139568,-0.002772562004368085
43.159568,-0.002156641258438863
43.179567,-0.0017947298365221433
43.199567,-0.0008092519810588273
43.219567,-0.0017930515148713794
43.239567,-0.0004963382281448623
43.259567,0.0016466920748628823
43.279566,0.0026596291377886886
43.299566,0.0027745941727676904
43.319566,0.002666295804485165
43.339566,0.001853755011935695
43.359565,0.0020024962706766646
43.379565,0.0006116571098456743
43.399565,-0.001020837062652968
43.419565,-0.002576944288726969
43.439565,-0.0007549862467578484
43.459565,0.0008593027975386984
43.479564,0.0038741046623329617
43.499564,0.002748113986334219
43.519564,0.003975200233421865
43.539564,0.005023708391917471
43.559564,0.005700794638992919
43.579563,0.004181657109867887
43.599563,0.0025900254082488598
43.619563,0.0036768086250379
43.639563,0.0035366221448433605
43.659563,0.003027904196137249
43.679563,0.0031832655014836717
43.699562,0.001930375058571648
43.719562,0.0027827060609067985
43.739562,0.0027109578091473003
43.759562,0.0017176477858424407
43.779561,0.0007955032637147396
43.799561,0.0006723331005545058
43.819561,0.00177011864835149
43.839561,0.0010856897439513926
43.859561,0.002349559207812598
43.87956,0.003604920513155325
43.89956,0.0054769251751311
43.91956,0.005008300466492265
43.93956,0.004767298135469816
43.959559,0.004348929837098307
43.979559,0.003896272494453835
43.999559,0.0036081839163733882
44.019559,0.002743102331290167
44.039559,0.002412636130827789
44.059559,0.0027520300702038457
44.079558,0.00018776433593289832
44.099558,-0.0002704874123210055
44.119558,-0.0011498580416757455
44.139558,-0.0020503941721854795
44.159558,-0.0027545200462937677
44.179557,-0.0027972473190138653
44.199557,-0.002433191374959629
44.219557,-0.0016930282048128091
44.239557,-0.00018281841460198616
44.259557,0.0009662258744229048
44.279556,0.0008012608394424091
44.299556,0.00234923286738426
44.319556,0.0018476011657454446
44.339556,0.002119699067861278
44.359555,0.003484081352219507
44.379555,0.0038593494174840584
44.399555,0.002130025408178507
44.419555,0.0026723097904659465
44.439555,0.002046435664609534
44.459555,0.0025338249420175036
44.479554,0.0007076710958599925
44.499554,0.0006804916086728058
44.519554,-0.0012006505824836804
44.539554,4.5619813791620244e-05
44.559554,0.00202051491867632
44.579553,0.002216598834775041
44.599553,0.0031312841494793267
44.619553,0.005441237529434447
44.639553,0.004414081352274014
44.659553,0.0033742445224437447
44.679552,0.0016234519816554938
44.699552,0.0027827526809389904
44.719552,0.0008731023312731808
44.739552,0.0002992561774140843
44.759552,0.0006419368300992967
44.779551,-0.00017745710928601742
44.799551,0.0010461792543567448
44.819551,0.0014716804198521216
44.839551,0.0013783937065619005
44.85955,0.0018949904431581777
44.87955,0.002966855245046859
44.89955,0.004302985781181738
44.91955,0.001762286480500406
44.93955,0.0006250137532162963
44.95955,0.0006999554781649153
44.979549,-0.0007305107223149682
44.999549,-0.0027687158505486018
45.019549,-0.002634007225872149
45.039549,-0.0007547065265821856
45.059549,-3.0254312140575714e-05
45.079548,-0.0003392519811282039
45.099548,-0.0001695783214382511
45.119548,-0.0009949862468345582
45.139548,-0.00020524265708091476
45.159548,0.0009195125876833954
45.179548,0.0004591163172866735
45.199547,-0.0005806039624395305
45.219547,0.00033748461564723717
45.239547,0.0005041979023784606
45.259547,0.0002927759909831193
45.279546,8.091118912003541e-05
45.299546,0.0011122165504483263
45.319546,0.0016465988348403687
45.339546,0.0028332888115134226
45.359546,0.0032446407928571775
45.379545,0.0033418435900498854
45.399545,0.0034328226110276402
45.419545,0.0031062958044920604
45.439545,0.003077717715896553
45.459545,0.003232472960645865
45.479544,0.0025854566436174287
45.499544,0.0023173214455035856
45.519544,0.002771144289337647
45.539544,0.004703661771839886
45.559544,0.004203358741545468
45.579543,0.004319955478147281
45.599543,0.0033501419583278325
45.619543,0.004068836596993542
45.639543,0.00406659883474765
45.659543,0.0029393727275049356
45.679542,0.001322706060847899
45.699542,0.001475013753173329
45.719542,0.002585246853419298
45.739542,0.003895106993282797
45.759542,0.004520141958336618
45.779541,0.004994920513107403
45.799541,0.0040212608394520405
45.819541,0.003926482284654134
45.839541,0.0028716571098532217
45.859541,0.0016279508161381997
45.87954,0.0012982771564594717
45.89954,0.0015630557112209062
45.91954,0.00188249627065209
45.93954,0.0019989997671709687
45.95954,0.0016394892776697904
45.979539,0.0007934986016541883
45.999539,-0.0004596249414500665
46.019539,-0.0016592752911111929
46.039539,-0.00203109347291761
46.059539,-0.002231699533542958
46.079538,-0.000806524708374481
46.099538,-4.6198368051796756e-05
46.119538,-0.00025773682959678444
46.139538,-0.0011968510486995692
46.159538,-0.0012040072258344984
46.179538,-0.0017761284379597584
46.199537,-0.0031768277386371242
46.219537,-0.0023416296034583653
46.239537,-0.001752795104626505
46.259537,-0.00010911212094186044
46.279536,0.0026616804198544026
46.299536,0.002117671095843726
46.319536,0.002319838927983971
46.339536,0.0029040580422105104
46.359536,0.0035862491844166557
46.379535,0.0021627759909274933
46.399535,0.0009060160841605461
46.419535,0.0013372282053545795
46.439535,0.0004892561773933685
46.459535,0.0008347340328777317
46.479534,0.0005779741261327205
46.499534,-0.000517224009060593
46.519534,-0.0010311867130130582
46.539534,-0.0013681330999498619
46.559534,-0.0013503475521482672
46.579533,-0.000712678554472171
46.599533,0.0011402818184957375
46.619533,0.0006408179490150413
46.639533,0.0013244543126351986
46.659533,0.0005136384618312255
46.679533,0.0007968086250093848
46.699532,0.00400713496532738
46.719532,0.0030934519816478044
46.739532,0.00434818391634897
46.759531,0.005080771328941809
46.779531,0.005742472960635445
46.799531,0.004471796969935606
46.819531,0.0006297689978991146
46.839531,-0.0004156622375321063
46.859531,-0.0031323755242414902
46.87953,-0.004810930302784617
46.89953,-0.002442002563842913
46.91953,-0.0021665247083530103
46.93953,-0.0009361051279234866
46.95953,0.0006945708627488439
46.979529,0.0016972748254520166
46.999529,0.0011309578091348478
47.019529,0.0014922165503957643
47.039529,0.0023648272730028945
47.059529,0.002971820279976568
47.079528,0.001537997436146926
47.099528,0.0019360627042062433
47.119528,0.002061330769469682
47.139528,0.0013609111890445507
47.159528,0.002145293473418624
47.179528,0.0016573680655039681
47.199527,0.0012437317018540379
47.219527,0.0022529158510300458
47.239527,0.004250887879034638
47.259526,0.004182612820770834
47.279526,0.0033278342660054403
47.299526,0.003050375058546608
47.319526,0.002990444988606194
47.339526,0.003306458974619455
47.359525,0.004226249184413098
47.379525,0.0036761093242666937
47.399525,0.004327647785800027
47.419525,0.003774780652957616
47.439525,0.004449162937367199
47.459525,0.0011867853149862353
47.479524,0.0023194426576379924
47.499524,0.002076342424530888
47.519524,0.0005133820515669828
47.539524,-0.0002973172491207341
47.559524,-5.235221417102605e-05
47.579523,0.0004299554781453974
47.599523,0.0001675545457423325
47.619523,-0.001793564335378665
47.639523,-0.0014589023307072257
47.659523,-0.002196920978751509
47.679522,0.0003985102566778061
47.699522,0.001541820280003579
47.719522,0.0006564822846726885
47.739522,0.0005414240096171129
47.759522,0.0026242678324276208
47.779521,0.0032155498837151643
47.799521,0.0029748039629611976
47.819521,0.0027214240095717063
47.839521,0.002387088345252814
47.85952,0.0018670184151672012
47.87952,0.0013461792543593507
47.89952,0.002176342424527517
47.91952,0.000373755011941601
47.93952,-0.0002394617712740553
47.959519,0.0005971582753436953
47.979519,0.0002810743592702211
47.999519,0.0008655032637229798
48.019519,0.0017126128208217778
48.039519,0.0018228226110321
48.059519,0.0033772981354869983
48.079518,0.0028022864804611034
48.099518,0.0031609578090881388
48.119518,0.001060934499062016
48.139518,1.830046643365598e-05
48.159518,-0.0010148930067732098
48.179517,-0.002359671561535863
48.199517,-0.0026473405591702285
48.219517,-0.0031126785545131583
48.239517,-0.00289892564075242
48.259516,-0.0026128650346921747
48.279516,-0.002879158740997796
48.299516,-0.0027518627036977245
48.319516,-0.0029287624705796396
48.339516,-0.0019316296034440979
48.359515,-0.0017553125871312717
48.379515,0.0013150603732670963
48.399515,0.00310468741288879
48.419515,0.003940002098182745
48.439515,0.0035702118883732094
48.459514,0.0026067620048992103
48.479514,0.002327065035206675
48.499514,0.0005407480188855877
48.519514,-0.0019049163167738753
48.539514,-0.0026824687643152156
48.559514,-0.0032568743587015996
48.579513,-0.0015860118878340082
48.599513,-0.0017559419577574632
48.619513,-3.878578060174378e-05
48.639513,-0.0011344034962289485
48.659513,0.0005603517485378744
48.679512,0.001765386713607652
48.699512,0.002034757342960167
48.719512,0.0029060860142996123
48.739512,0.004444454312654562
48.759511,0.0041432421914328246
48.779511,0.0035770650352503937
48.799511,0.002860514918710011
48.819511,0.002687834266031788
48.839511,9.38482520615356e-05
48.85951,0.00044018857843693246
48.87951,0.000837298135574222
48.89951,0.002466645454911696
48.91951,0.0044158062940825825
48.93951,0.005220771329026131
48.95951,0.006572775991024208
48.979509,0.006603941492180455
48.999509,0.005424734032936576
49.019509,0.004029023077207931
49.039509,0.00346762447579676
49.059509,0.0018957596739312967
49.079508,0.00038755454572961495
49.099508,6.438438257082453e-05
49.119508,-0.0014381097899120602
49.139508,-0.002518226340020526
49.159508,-0.0009100212118100248
49.179507,-0.0013312566430684573
49.199507,-0.000334030535864821
49.219507,0.0011480673662425485
49.239507,0.0035180906762521482
49.259506,0.002153009091168293
49.279506,0.0019258529140307105
49.299506,0.0019007713289764098
49.319506,-0.0004291820509854555
49.339506,3.2589510799515176e-05
49.359506,0.0015743144525301933
49.379505,0.001712962471155175
49.399505,0.00287739137558785
49.419505,0.0038101419583435945
49.439505,0.004114547552743322
49.459505,0.003950188578374246
49.479504,0.003966412354601582
49.499504,0.0023443377625216545
49.519504,0.0007285102566613798
49.539504,0.0015586268067729735
49.559504,0.0012273447554915042
49.579504,0.0011864589745780377
49.599503,0.0009465755247029154
49.619503,0.0021325662006985743
49.639503,0.0020540813522443983
49.659503,0.0021991163172693515
49.679502,0.0019168319350134264
49.699502,0.00042885990705842216
49.719502,0.0013224729606667986
49.739502,0.0009873447555488865
49.759501,0.0023561326343349777
49.779501,0.001874780652941112
49.799501,0.0006861326342852792
49.819501,0.0009232188813670808
49.839501,0.0019119601401316722
49.8595,0.00045170372987319055
49.8795,-0.0002399279717422584
49.8995,-0.0011431214449370767
49.9195,-0.000869438461254474
49.9395,-0.0009372939390928665
49.959499,-0.0006229815848013205
49.979499,-0.0023206272724719595
49.999499,-0.0028773172491408133
50.019499,-0.001557037528846941
50.039499,0.0006117736600000911
50.059499,0.000531237529467481
50.079498,0.002246762004991378
50.099498,0.0035650370632655097
50.119498,0.004152845921063719
50.139498,0.004877764335969292
50.159497,0.0034440813522611364
50.179497,0.0033659228440773557
50.199497,0.002461890210039135
50.219497,0.0009042212123521852
50.239497,0.0007139648021028282
50.259497,0.0005074379955844033
50.279496,0.0008032655014414798
50.299496,-6.63615381810205e-05
50.319496,-0.0006005806523959945
50.339496,-0.0004940538458540572
50.359496,-0.0006551261069139766
50.379495,-0.0012544734262686858
50.399495,-0.001933750815541934
50.419495,-0.0019251261069342309
50.439495,0.00011140069958185837
50.459495,-9.158740972654161e-06
50.479494,0.0009951536133215992
50.499495,0.0010727526808848107
50.519494,0.0017768552449979377
50.539494,0.0010987666669115591
50.559494,0.001244803962956453
50.579494,-2.223566406532189e-05
50.599493,-0.0007605340323467479
50.619493,-0.0012629116547380808
50.639493,-0.0009071773890131322
50.659492,-0.001528785780621471
50.679492,0.0007342212123870676
50.699492,0.001175666433815396
50.719492,0.0008862958044741551
50.739492,0.0003630324012004818
50.759491,-1.3237995046378554e-05
50.779491,-0.0005663615381699938
50.799491,-0.0015179233097339544
50.819491,-0.0006362916081217309
50.839491,0.0012301186482795942
50.859491,0.0007947340328992202
50.87949,0.003692542890740391
50.89949,0.004242775990975561
50.91949,0.0036415172497312152
50.93949,0.002056808625004006
50.95949,-0.00013971818152470937
50.979489,-0.0020918393936771155
50.999489,-0.0024682496500989934
51.019489,-0.0003495783214247628
51.039489,-0.00036943846127875145
51.059489,-0.0013978067596540746
51.079488,0.000906365734554895
51.099488,0.00040832377650948013
51.119488,0.0001342911424728098
51.139488,-0.0010233079251308417
51.159487,-0.0015633312351517874
51.179487,-0.0030847065265179417
51.199487,-0.002381373193159913
51.219487,-0.0014083662001137134
51.239487,-0.0017566412583866274
51.259487,-0.0008241237758702844
51.279486,0.00029885990711580636
51.299486,0.0001190230772417024
51.319486,0.0017447340329270829
51.339486,0.002317741025909917
51.359486,0.002092053380219668
51.379485,0.0014343843825691564
51.399485,0.000997997436184212
51.419485,0.0007290696972766489
51.439485,0.0003685801867830213
51.459485,0.0005845941728070741
51.479484,0.000616039394234385
51.499484,0.0005306314687892798
51.519484,7.697179511214659e-05
51.539484,0.0004250836832117016
51.559484,-0.001342492074347603
51.579483,-0.001936058507913231
51.599483,-0.0022132613051226613
51.619483,-0.001508645920479458
51.639483,-0.0007030048948356551
51.659482,0.00023177365995937166
51.679482,0.0016285335667258396
51.699482,0.0021444776226599545
51.719482,0.002602939161138489
51.739482,0.0032395358977286006
51.759482,0.0018532655014606705
51.779481,0.0027960860142407806
51.799481,0.002546528904668721
51.819481,0.0022146174827610606
51.839481,0.0009013074594717595
51.85948,0.00035230979048957287
51.87948,-0.00020176946358628012
51.89948,-0.0007760351978342173
51.91948,0.00025711165531819595
51.93948,0.00018464079283473148
51.959479,0.000699349417524874
51.97948,0.002368160606304492
51.999479,0.0017844776226143206
52.019479,0.001020375058531837
52.039479,-0.0011031680649753878
52.059479,-0.0005104174822150706
52.079479,-2.655244438936954e-06
52.099478,0.000905153613400954
52.119478,0.00326713496539049
52.139478,0.0032439414921903833
52.159477,0.004426086014302959
52.179477,0.004908533566711718
52.199477,0.0036892328673883744
52.219477,0.0017004916086596174
52.239477,-0.0005912799531097672
52.259476,-0.0015556855475211636
52.279476,-0.0013847997666306306
52.299476,-0.0006764081582467084
52.319476,0.0008215638697333996
52.339476,0.0018225895107577175
52.359475,0.003186878555027713
52.379475,0.0025332655013916346
52.399475,0.0011096291377540248
52.419475,0.00029286923100351294
52.439475,-0.0006328417247271982
52.459474,-0.001868482750372404
52.479474,-0.0014282962701789683
52.499474,-0.0009009536128543605
52.519474,-0.0005744034962753889
52.539474,0.0014804449885818416
52.559474,0.0033593027974512324
52.579473,0.003242775990930833
52.599473,0.002924897203078148
52.619473,0.004211120979323088
52.639473,0.0037209578091508795
52.659472,0.0031217037299045456
52.679472,0.0020838482520559257
52.699472,0.00021314895135889523
52.719472,-0.0017025853143548
52.739472,-0.0010620258738088084
52.759472,0.00014974568795988712
52.779471,-0.0001269909087755088
52.799471,-0.0007543568761025062
52.819471,0.0005452235434812551
52.839471,-0.0003600911418697006
52.859471,0.0005569717951749347
52.87947,0.001092333100540346
52.89947,0.0021449205131372374
52.91947,0.0020038249420215918
52.93947,0.0016979974361844626
52.959469,0.0016734986016828204
52.979469,0.001703871562053828
52.999469,0.0008004682986783696
53.019469,-0.0004373871791937178
53.039469,-0.0019016995335270532
53.059469,-0.002479205361042944
53.079468,-0.0010413032631199667
53.099468,0.000423079021267752
53.119468,-0.0016736575754932059
53.139468,-0.0010767811186121311
53.159467,0.0007457596739202481
53.179467,0.0016605615387047495
53.199467,0.0014556198137716434
53.219467,0.0005704916086219237
53.239467,0.001374058042163511
53.259466,0.0015346641027716573
53.279466,0.0034714006995279394
53.299466,0.003485899534041579
53.319466,0.001913941492103251
53.339466,0.004040025408199975
53.359465,0.0034456664338544064
53.379465,0.0011002351984436937
53.399465,-0.000635405827186245
53.419465,-0.0034508137525954916
53.439465,-0.003493704195483649
53.459465,-0.002571466433240683
53.479464,-0.0005469209787149158
53.499464,0.0007830324012382626
53.519464,0.0021262724944817093
53.539464,0.0036827993010060314
53.559464,0.003955713053928236
53.579463,0.0029415638697827674
53.599463,0.0012526827508794792
53.619463,-0.000838342890159501
53.639463,-0.0006086692304917114
53.659462,0.0004529158510907318
53.679462,0.0005445708627342909
53.699462,-0.0005480631698992738
53.719462,-0.0007410468528955184
53.739462,-0.00039493962678337387
53.759461,0.0012161559443007318
53.779461,0.00020755454570123305
53.799461,0.0002532421913843003
53.819461,0.001419256177395405
53.839461,0.0023122398603781197
53.85946,0.004667857576010545
53.87946,0.0035040347321829307
53.89946,0.0031703517484864504
53.91946,0.003112123310224292
53.93946,0.003238020746110213
53.95946,0.0020382771563661516
53.979459,0.000322706060831793
53.999459,5.715827532109001e-05
54.019459,0.0013796058278011713
54.039459,0.0034640114222299293
54.059458,0.00601440769265424
54.079458,0.005080514918748058
54.099458,0.004122216550434828
54.119458,0.003137787645987074
54.139458,0.0024423331005181525
54.159457,0.0007646407928289572
54.179457,-0.000518459440262165
54.199457,-0.00033079044258520765
54.219457,0.00047310233129461694
54.239457,0.001904058042244224
54.259457,0.0035572515154444974
54.279456,0.0035266687648398496
54.299456,0.0037586501168407746
54.319456,0.006172589510784903
54.339456,0.006435433333633451
54.359455,0.006577134965357867
54.379455,0.00542102773925183
54.399455,0.00512650559473445
54.419455,0.003388533566743883
54.439455,0.0032116337998317583
54.459455,0.0020058529140555732
54.479454,0.0011986734268761333
54.499454,0.0008942911424911772
54.519454,0.001773871562058358
54.539454,0.0004853167834856511
54.559453,0.0008045242426880328
54.579453,0.0007607946389617735
54.599453,0.001651657109822802
54.619453,0.00202885990702409
54.639453,0.003282542890696443
54.659452,0.0024799787881520053
54.679452,0.0028897923079966937
54.699452,0.0019679741261674787
54.719452,0.0013669717951810172
54.739452,-0.0003461284379337688
54.759451,-0.0014267811185780708
54.779451,-0.0017786925404866473
54.799451,-0.001014286946090768
54.819451,-0.00022023100202823775
54.839451,0.00042624918446383143
54.859451,0.002199582517810166
54.87945,0.0038312375294675266
54.89945,0.004510375058575827
54.91945,0.0034079508161396696
54.93945,0.0012755965037327302
54.95945,0.0024833121214286914
54.979449,0.003357344755465273
54.999449,0.0035060160841534497
55.019449,0.0027693494174969562
55.039449,0.0005570883452572699
55.059449,0.0010414006995653443
55.079448,0.0014780440562102914
55.099448,0.0013732888114630038
55.119448,-1.876247058605761e-05
55.139448,0.0004328692310199932
55.159447,0.0038331722613263526
55.179447,0.004202379720558319
55.199447,0.0016784170165893481
55.219447,-0.00025470652654233187
55.239447,-0.002821536363384158
55.259446,-0.003705382517255064
55.279446,-0.005578669230549935
55.299446,-0.008051886013772843
55.319446,-0.007752655244533817
55.339446,-0.00529340116527493
55.359445,-0.003036920978774069
55.379445,-0.0014050794869015495
55.399445,-0.0010370608388649328
55.419445,0.0017609111891116265
55.439445,0.0038061326343396236
55.459445,0.00574177365997872
55.479444,0.0032993027975179163
55.499444,0.003511820280009773
55.519444,0.0032872748254747313
55.539444,0.0029278342660380065
55.559443,0.0018038715620843763
55.579443,0.0019541745924006645
55.599443,0.0015987433569610214
55.619443,0.002820398368608884
55.639442,0.0027348972031078747
55.659442,0.002839838928048592
55.679442,0.0005616337998368289
55.699442,0.0018891862473426663
55.719442,0.0018167386949057727
55.739442,0.0016048039629580956
55.759441,0.0012698389279828012
55.779441,0.002510235198383967
55.799441,0.001405293473448873
55.819441,0.002983288811479745
55.839441,0.002076528904729618
55.859441,0.0012989531471459459
55.87944,0.000439512587702228
55.89944,0.0005252235433886479
55.91944,0.0014579508161285612
55.93944,0.0016429857811479257
55.95944,0.0019956664338259106
55.979439,0.0035670417252046897
55.999439,0.001659186247365791
56.019439,0.001416995105185092
56.039439,0.0007642212124167965
56.059438,-0.0008893685311904065
56.079438,-0.0004670608388608303
56.099438,-0.0004820025638268419
56.119438,0.00039030512848756366
56.139438,0.0012761792543638313
56.159437,0.0006997456879503549
56.179437,0.0006994193476343783
56.199437,0.00020629580451881084
56.219437,-0.00014125664304497662
56.239437,0.0007473447555447878
56.259436,-0.00023682773866522328
56.279436,0.001618859907028903
56.299436,0.0020050603732014328
56.319436,0.002522775990916417
56.339436,0.0020229857811467746
56.359435,0.0002573214455126164
56.379436,-0.00035955501136036416
56.399435,0.0003256897439070552
56.419435,-0.00015370419548707193
56.439435,-0.0006182962701151151
56.459434,-0.0028200911419293357
56.479434,-0.0031210934729174315
56.499434,-0.003999275291103852
56.519434,-0.002660510722338411
56.539433,-0.0011170375288464048
56.559433,-0.0005743102561325633
56.579433,0.000544873893033376
56.599433,0.001278789976963722
56.619433,0.002611680419861918
56.639433,0.0035605848487413245
56.659432,0.0010995125876820965
56.679432,0.000827577855772482
56.699432,0.0007667153849099713
56.719432,0.003290911189111984
56.739432,0.005899559207768174
56.759431,0.006210608158813035
56.779431,0.005967414685618225
56.799431,0.0073192328674546725
56.819431,0.008724547552778702
56.839431,0.007905293473506395
56.859431,0.005170258508479719
56.87943,0.004892589510819047
56.89943,0.0036914006996291732
56.91943,0.0043361093243393135
56.93943,0.004713824942047888
56.95943,0.003775969464192186
56.979429,0.002912239860446932
56.999429,0.004864104662321315
57.019429,0.004872123310329787
57.039429,0.004142100000278677
57.059428,0.0026304449886231014
57.079428,0.002109932168115327
57.099428,0.002280771328971018
57.119428,0.001989838928042798
57.139428,0.0008773680655689559
57.159427,0.0002498622380627013
57.179427,0.0006124962707017972
57.199427,0.0015307946389988849
57.219427,0.0010748972030959994
57.239427,0.0005416804198749958
57.259427,-0.0005601843819755727
57.279426,-0.0007924454542380222
57.299426,-0.0006203242421241868
57.319426,-0.0021235177153236875
57.339426,-0.001584893006713182
57.359426,-0.0014117461535577448
57.379425,-0.000521909323717118
57.399425,-0.00014076713257578182
57.419425,0.0003574379956355711
57.439425,0.0012344076926362512
57.459424,0.0003667153849340578
57.479424,0.0001587666669745205
57.499424,0.000985969464152687
57.519424,0.0011703750585543406
57.539424,0.001832333100522288
57.559423,0.0011244076926208795
57.579423,0.00048499044322055594
57.599423,2.844032668359789e-05
57.619423,-0.0013747531465176837
57.639423,-0.0023089489506964507
57.659422,-0.004291000232785512
57.679422,-0.002989508391288264
57.699422,-0.0012774571092558215
57.719422,-0.0005255923074141234
57.739422,-0.000390021211839746
57.759421,-0.0005207904426174921
57.779421,-0.00015943846127576143
57.799421,0.0011691862473362001
57.819421,0.0005750370631972423
57.839421,0.002464104662280327
57.859421,0.0027557363638859413
57.87942,0.0052710976692646305
57.89942,0.005777810955986511
57.91942,0.00650147062964871
57.93942,0.005253055711252323
57.959419,0.0029126827508664443
57.979419,0.0016485568767394057
57.999419,0.0016052235434168974
58.019419,0.0009553167835042555
58.039419,0.0018525662007535953
58.059418,0.0002949671331189086
58.079418,0.0012218902100486107
58.099418,0.0011405615387440112
58.119418,0.0011492561774394884
58.139418,-8.969487151639407e-05
58.159417,-0.0008542869461147127
58.179417,-0.0008092752910820792
58.199417,0.00099834708655577
58.219417,0.002424640792842953
58.239417,0.0029156664338950648
58.259417,0.0038188132870184705
58.279416,0.0056118435900740565
58.299416,0.005839465967706343
58.319416,0.004715503263724621
58.339416,0.0035506780888866067
58.359415,0.0027731023312849152
58.379415,0.0014886967368715868
58.399415,0.001123172261337686
58.419415,0.0005400953382520451
58.439415,0.000502682750850704
58.459414,0.00255823053639911
58.479414,0.0032702585084557964
58.499414,0.0026429624711487307
58.519414,0.002867554545751475
58.539414,0.002591214219416649
58.559413,0.0027372748254614735
58.579413,0.0022938482520239354
58.599413,0.003123009091180111
58.619413,0.0025404449886075853
58.639413,0.003072123310277582
58.659412,0.003448789976944093
58.679412,0.0017303983685629516
58.699412,-0.0003080864799343268
58.719412,-0.00019587202769843332
58.739412,-0.00022274848454625435
58.759411,-0.0011868510486421355
58.779411,-0.0012643102561050606
58.799411,0.00015720489540821183
58.819411,0.0006469251751068479
58.839411,0.0004530790212503101
58.85941,0.0013664356646133794
58.87941,0.00075594615413348
58.89941,0.002211540559716286
58.91941,0.004136412354596381
58.939409,0.004799955478142229
58.959409,0.0036397689979571664
58.979409,0.004066155944339798
58.999409,0.0033164123545959363
59.019409,0.0029105149187109757
59.039409,0.0007115638697858686
59.059409,0.001069629137876745
59.079408,-0.0004900445217886052
59.099408,0.00039286923110879335
59.119408,0.0003535219117622346
59.139408,0.0009430324012614888
59.159407,0.0006575545457941832
59.179407,0.0017252701634975145
59.199407,0.0023884403266469624
59.219407,0.0031363890445983643
59.239407,0.0027489764571775525
59.259406,0.0031440347322353483
59.279406,0.0020256664338551096
59.299406,0.0019250137531957882
59.319406,0.002077950816148469
59.339406,0.0014602351984384465
59.359405,0.0013723097905246153
59.379405,0.0015901652683632502
59.399405,0.0021500487182302347
59.419405,0.0015753867135637066
59.439405,0.0008725428906886526
59.459404,0.00017361515175848621
59.479404,0.00015988554803810602
59.499404,0.0005721000002808453
59.519404,4.356853177784798e-05
59.539403,-0.00022267855444629045
59.559403,0.00011389487215930504
59.579403,0.001031167599432811
59.599403,0.0027896524479056085
59.619403,0.0020868319350649364
59.639403,0.0017180440562440706
59.659403,0.0024210510492484925
59.679402,0.0029343843825938463
59.699402,0.002397251515459225
59.719402,0.0010520766902907014
59.739402,0.0015657596739991333
59.759402,0.0018901652684273369
59.779401,0.002845176923430881
59.799401,0.0034738948721080368
59.819401,0.0023273680655698913
59.839401,0.0025065522147389016
59.8594,0.003036645454830468
59.8794,0.0018114706296414682
59.8994,0.000351540559679353
59.9194,0.0015382305363751973
59.9394,0.003423195571376676
59.959399,0.003699652447843128
59.979399,0.003753685081862835
59.999399,0.003764081352248228
60.019399,0.0029491396273319775
60.039399,0.0022525662007607796
60.059398,0.0017561792543799783
60.079398,0.00017282261100769658
60.099398,6.3848252034457e-05
60.119398,0.0005534053616254558
60.139398,0.0019708878791215756
60.159397,0.0031878109560383207
60.179397,0.002980701398910526
60.199397,0.0024818902100803312
60.219397,0.003658486946679268
60.239397,0.0029766454548176505
60.259396,0.0034140114221611235
60.279397,0.0032913307694589543
60.299396,0.0034351069932437145
60.319396,0.001605410023583296
60.339396,0.0007734519816157802
60.359395,0.0007092328674119913
60.379395,-0.0017784361302504946
60.399395,-0.0021348930066919895
60.419395,-0.0015430981348536997
60.439395,-0.00036545244720315986
60.459394,0.002136062704295432
60.479394,0.0039920533802536625
60.499394,0.004563568531756901
60.519394,0.004275643123831262
60.539394,0.0033431955713422727
60.559393,0.0017300254081798025
60.579393,-0.0005751494169918661
60.599393,-0.00230929860112737
60.619393,-0.002244123775912512
60.639393,-0.0009530048947853561
60.659392,-0.000789321911099575
60.679392,9.380163201026391e-05
60.699392,0.0005019368301442975
60.719392,0.0022841279723202473
60.739392,0.0029121932403787004
60.759391,0.0009685335667131104
60.779391,0.0004982771564525225
60.799391,0.000175992774161376
60.819391,0.001353615151775944
60.839391,0.0021750836832433325
60.85939,0.0021457829839492994
60.87939,0.003226668764848903
60.89939,0.004697810955990592
60.91939,0.005721097669284439
60.93939,0.0050489065271198275
60.95939,0.003320771328974116
60.979389,0.001125083683299403
60.999389,0.00019988554810406833
61.019389,-0.00044009114188396387
61.039389,-0.0002736342654249337
61.059388,-6.97181815318402e-05
61.079388,0.0022916804198578667
61.099388,0.004024617482794909
61.119388,0.003303079021248566
61.139388,0.005350538228706556
61.159387,0.0045990230771876545
61.179387,0.003961680419872584
61.199387,0.004764594172808191
61.219387,0.0030789764571833873
61.239387,0.0010719834501906624
61.259386,0.0004776710958460166
61.279386,0.0007668319350013174
61.299386,-8.412820216956596e-06
61.319386,-0.00042636153817312444
61.339386,0.002520421678608859
61.359385,0.0029287200469035306
61.379385,0.005041470629670373
61.399385,0.0060903983685845
61.419385,0.005449093007270091
61.439384,0.005244174592350166
61.459384,0.004305060373227242
61.479384,0.003356762004941765
61.499384,0.0025923797205823873
61.519384,0.0026757363639384594
61.539383,0.0033584869466782522
61.559383,0.0026134286715988656
61.579383,0.0014059461541211056
61.599383,0.001869675757841155
61.619383,0.00367683193499225
61.639382,0.003116855245009471
61.659382,0.0024831722613416554
61.679382,0.001699908858102719
61.699382,0.0006440114222015113
61.719382,0.0006203284385338007
61.739382,0.0005676477858589518
61.759381,7.91862473973285e-05
61.779381,-0.0006319792537778634
61.799381,0.001086925175110564
61.819381,0.0024849904431605476
61.839381,0.0016201652683458085
61.85938,0.0035943377625171423
61.87938,0.003915130303327634
61.89938,0.002620608158790437
61.91938,0.002779419347604533
61.93938,0.0027841046622801386
61.959379,0.0030206780888445846
61.979379,0.002671633799768872
61.999379,0.0029740114221393876
62.019379,0.002779396037520861
62.039379,0.001363778321933065
62.059378,0.0028828692310306748
62.079378,0.0035801419583518785
62.099378,0.001128370396590008
62.119378,0.0023203517485760584
62.139378,0.0026940813523092127
62.159377,0.002775946154154949
62.179377,0.0019034519816582443
62.199377,0.0019520067601890155
62.219377,0.0013613074594907013
62.239377,0.0006054799536607936
62.259376,0.001377484615677365
62.279376,0.0009662025644166135
62.299376,0.0008110510492624914
62.319376,0.002313265501487032
62.339375,0.003600095338311062
62.359375,0.00465163379984787
62.379375,0.004511004429238588
62.399375,0.006539559207782637
62.419375,0.005599838928074792
62.439375,0.004914477622682637
62.459374,0.002682682750897519
62.479374,0.0008255965037865924
62.499374,0.0003115172497003811
62.519374,-0.0009440305358447855
62.539373,-9.920536103361251e-05
62.559373,0.0005683703965532378
62.579373,0.00012974568792028086
62.599373,0.0011000720282554948
62.619373,0.0009468552450503004
62.639373,0.0018410743592663873
62.659372,0.00246137738956736
62.679372,0.003256319114506545
62.699372,0.0029416337998387403
62.719372,0.0032829624711753847
62.739372,0.003549046387274396
62.759371,0.0028538249420591855
62.779371,0.001507787646017648
62.799371,0.0006873680655970925
62.819371,-0.0005695783213404947
62.839371,-0.0005726785544535709
62.85937,0.00034256620075309274
62.87937,0.0010584170165996503
62.89937,0.0007390230771831689
62.91937,0.0009358995340358587
62.939369,0.00043534009350369783
62.959369,-0.0007054524472929286
62.979369,0.0005522631704289075
62.999369,-0.0003761983680226513
63.019369,-0.0013689722607556339
63.039369,0.0007893494175790806
63.059368,0.0021600487182866085
63.079368,0.0023290930073546095
63.099368,0.0013426128208676431
63.119368,-0.0004800678318021231
63.139368,-0.002186920978635774
63.159367,-0.001747293939013087
63.179367,-0.00021894895068264204
63.199367,-0.0010255923073331358
63.219367,-0.00035540582716547505
63.239367,0.0029313540795754345
63.259366,0.003806155944358634
63.279366,0.0034340347322234514
63.299366,0.0029259927741704236
63.319366,0.0021122398604203727
63.339366,0.0015871116553157563
63.359365,0.003098836597049036
63.379365,0.003211424009643168
63.399365,0.002586575524799206
63.419365,0.0030647573429535314
63.439365,0.005084524242718639
63.459364,0.004241866900062404
63.479364,0.0035815172497014377
63.499364,0.003329932168106525
63.519364,0.004058323776501434
63.539364,0.004370701398905533
63.559363,0.004565060373253986
63.579363,0.005315363403568066
63.599363,0.0037083237765201237
63.619363,0.004859955478136495
63.639363,0.004114291142477489
63.659362,0.0034411675993547396
63.679362,0.003968440326614894
63.699362,0.003581447319612074
63.719362,0.003339792307956612
63.739362,0.0018527759909474856
63.759361,-0.0007622123540303727
63.779361,-0.0004568044286085846
63.799361,-0.00239083706263964
63.819361,-0.0009222356640344492
63.839361,-0.0007120958038924821
63.85936,0.0012453167835114393
63.87936,0.0023007247089090015
63.89936,0.0016831256413019848
63.91936,0.0005427993009560713
63.939359,0.0009645242426847583
63.959359,-0.00048221235403875283
63.979359,0.0006646874128586908
63.999359,0.0006701652683561063
64.019359,0.002287810956006122
64.039358,0.0036485102567240567
64.059358,0.006028673426888197
64.079358,0.004861120979321844
64.099358,0.0045234752916572946
64.119358,0.004273918182069335
64.139358,0.0045788132869769484
64.159357,0.0021250370631979857
64.179357,0.00239496713312814
64.199357,0.001966202564387139
64.219357,0.002938440326628419
64.239357,0.00483715827537406
64.259356,0.005729932168172955
64.279356,0.004394221212459776
64.299356,0.006039093007305851
64.319356,0.005733568531779997
64.339355,0.0029882072264345028
64.359355,0.0012033820516009603
64.379355,0.0017591163173350662
64.399355,-0.00028580209759808525
64.419355,-0.0014392986010973406
64.439355,-0.000855359207159356
64.459355,-0.001614263636069019
64.479354,-0.00069435687619304
64.499354,3.433776249088278e-05
64.519354,0.0006106314688035429
64.539354,0.0004093261075098101
64.559355,0.0007008645690510405
64.579353,0.0025091862473795344
64.599353,0.001292426340635618
64.619353,0.0007954333336587664
64.639353,0.0012259228441325438
64.659352,0.0011348505830432337
64.679352,0.0018950836832718528
64.699352,0.0014205848487763722
64.719352,0.004197857576040701
64.739352,0.004369372727554776
64.759351,0.0035573680655559834
64.779351,0.005052193240379163
64.799351,0.00490142400963654
64.819351,0.003849069697271632
64.83935,0.0026092794874792375
64.85935,0.002781563869766431
64.87935,0.002610817949032895
64.89935,0.002728207226418358
64.91935,0.0044650836832965096
64.939349,0.003016528904753577
64.959349,0.00285373170194975
64.979349,0.0028270883453021104
64.999349,0.0028766687648866737
65.019349,0.0024263890445740703
65.039349,0.0010065988347866843
65.059348,0.0011774613056523765
65.079348,0.0009962958045054266
65.099348,0.0031914240096290016
65.119348,0.004618440326666651
65.139348,0.003914267832486421
65.159347,0.003557134965333542
65.179347,0.002952612820836153
65.199347,0.0024312375294601347
65.219347,0.002490631468821251
65.239347,0.0002499787881630564
65.259346,0.0016937550119416186
65.279346,0.003098417016608784
65.299346,0.005052519580707859
65.319346,0.00683074801896397
65.339346,0.005727717715932822
65.359345,0.005294081352283036
65.379345,0.0050425428907537075
65.399345,0.004226132634338713
65.419345,0.0029521699303641695
65.439345,0.0023503517485411267
65.459344,0.0037219135200840373
65.479344,0.0029605382287113406
65.499344,0.0030623097904914883
65.519344,0.004540398368601777
65.539343,0.0038018435900651175
65.559343,0.004273708391923146
65.579343,0.0034829624712020323
65.599343,0.002213871562115075
65.619343,0.0005505149187709307
65.639343,1.4664102913535286e-05
65.659342,-0.0015881797199380665
65.679342,-0.0026151494168955287
65.699342,-0.0013529116546587253
65.719342,0.0004183470865906946
65.739341,0.001582845921078283
65.759341,0.002430724708941189
65.779341,0.002075736363934308
65.799341,0.0011491396273110423
65.819341,0.0014536617718360358
65.83934,-0.00083116340297482
65.85934,-2.065058242329144e-05
65.87934,0.000932426340678496
65.89934,0.0007729158511647448
65.91934,0.0010675778558264025
65.939339,0.00013671538496990354
65.95934,-0.0010940538458025586
65.979339,-0.0008664780882681854
65.999339,-0.0010434710952775556
66.019339,-0.0010500212118307452
66.039338,-0.0012172240090189731
66.059338,0.001618743356953458
66.079338,0.002698953147149627
66.099338,0.0032972282054024513
66.119338,0.0024721466203311312
66.139338,0.0017529158511168643
66.159337,0.0005897689979746641
66.179337,0.001747018415217888
66.199337,0.0004697689979792397
66.219337,-0.0015384594402187658
66.239336,-0.0013629582746895207
66.259336,-0.0010415596732983483
66.279336,0.00035216993042002666
66.299336,0.0025180673663039517
66.319336,0.0016475778558232778
66.339336,0.0034122165504640654
66.359335,0.0027606081588524983
66.379335,0.004139838928073665
66.399335,0.0038243144525401973
66.419335,0.0035159228441295396
66.439334,0.0037063424245453646
66.459334,0.0032032655014538466
66.479334,0.0029913773895489616
66.499334,0.0032407013988763195
66.519334,0.0016390696972459692
66.539334,0.0006286034967800161
66.559333,0.0001881606063483084
66.579333,-0.0005288557106512674
66.599333,-0.00025771351951311256
66.619333,0.00034895314715518446
66.639333,-0.0003160585078220959
66.659332,-0.0016428417246003954
66.679332,-0.00071783006960432
66.699332,0.001748999767229218
66.719332,0.0018355265737394987
66.739332,0.0015305382287372918
66.759331,0.002058323776538123
66.779331,0.0011659694641805393
66.799331,0.00154422121243767
66.819331,0.0006214706296921884
66.83933,-0.0012167811185528205
66.85933,-0.000932655244440443
66.87933,0.0010434053616253662
66.89933,0.0030725662008036256
66.91933,0.0026066920749301583
66.939329,0.0024063424245573933
66.959329,0.0015619135201314198
66.979329,0.0015823331005328366
66.999329,0.00028529347350253313
67.019329,-0.0013233778551835912
67.039329,-0.002028832400650586
67.059329,-0.0013704174822268865
67.079328,-0.001252189043974171
67.099328,-0.000814426806196207
67.119328,-0.0003293685311430354
67.139328,-0.00036107016286161976
67.159327,-0.00018911212089358246
67.179327,0.00024783426606317014
67.199327,-0.0006836342653914998
67.219327,-0.00021361095536395392
67.239327,-0.0017220025637585353
67.259326,-0.0017423055940654264
67.279326,-0.0018450561768231833
67.299326,-0.00246862261037985
67.319326,-0.0024781564099272103
67.339325,-0.0013604174821911829
67.359325,-0.0018639606057397743
67.379325,-0.0015471540789561138
67.399325,-0.001783168064968892
67.419325,-0.00029086037266319933
67.439324,0.00012233310052375845
67.459324,0.0005387666669553497
67.479324,0.0008165988347994505
67.499324,0.001002892541114659
67.519324,0.00019349860171787755
67.539324,-1.4473426260141206e-05
67.559324,-0.0006525386943410471
67.579323,-0.0002544034962199266
67.599323,0.00019172703990944732
67.619323,0.0013856664338475363
67.639323,0.0032991163172948067
67.659322,0.0028862724944783463
67.679322,0.0043285568767577045
67.699322,0.0033078109560231448
67.719322,0.0017609111891132162
67.739322,0.0008106547788571517
67.759321,0.00045291585112306257
67.779321,-0.0013600445218181043
67.799321,-0.002323960605727446
67.819321,-0.0026897881115508925
67.83932,-0.002585778787547642
67.85932,-0.0011145666663404399
67.87932,-0.0007722589740701772
67.89932,-0.00011755034938104445
67.91932,0.00027764778576590786
67.93932,-0.0010966878785852326
67.959319,-0.0024002310021137424
67.979319,-0.004483680885539382
67.999319,-0.004459112120955266
68.019319,-0.0036151960370015977
68.039318,-0.003368482750272541
68.059318,-0.0018165713283440014
68.079318,-0.00042766689943861847
68.099318,0.0029332888115074012
68.119318,0.004256598834799015
68.139318,0.0031492328674198296
68.159317,0.0020433121214986473
68.179317,0.0017914240095712598
68.199317,0.0015062724944130404
68.219317,0.001669908858044369
68.239316,0.0006079741261131584
68.259316,0.0006028459209915406
68.279317,0.0014403284385040354
68.299316,0.0026927993009821676
68.319316,0.002735806294021031
68.339315,0.0004486268068448466
68.359315,-0.000581489743262654
68.379315,-0.00016727062905052474
68.399315,6.746130569032917e-05
68.419315,0.0024485568767855757
68.439315,0.003094431002665695
68.459314,0.004681773659985836
68.479314,0.004034687412914677
68.499314,0.004791307459515514
68.519314,0.003823988112217861
68.539314,0.0018050137532480642
68.559313,0.001566062704292918
68.579313,0.00250830046652461
68.599313,0.0029074379956497715
68.619313,0.00259221655043871
68.639313,0.0010382771564809577
68.659312,0.0010397456879267012
68.679312,0.0008587433569165392
68.699312,0.0012162491844006267
68.719312,0.0007497223778771867
68.739311,0.001414197902339301
68.759311,0.00016673869487660053
68.779311,0.0006483703965176803
68.799311,-0.0008111400929639028
68.819311,-0.001219298601090977
68.839311,-0.0020496482514207725
68.85931,-0.0009513498831037826
68.87931,-0.0001321191138563163
68.89931,0.001995176923427738
68.91931,0.0025850836833127217
68.93931,0.003295153613358538
68.959309,0.0011055498837454904
68.979309,0.0020162025643790937
68.999309,0.0012183703965504037
69.019309,0.003103848252017827
69.039308,0.0034110743592272365
69.059308,0.003999722377885277
69.079308,0.0022707946389882465
69.099308,0.002960048718249037
69.119308,0.0017029391611375609
69.139308,0.0006159461541344901
69.159307,0.0006770883452786642
69.179307,0.0013703517485254058
69.199307,0.0025036850818540967
69.219307,0.005900631468793737
69.239306,0.007320561538714801
69.259306,0.005097251515412188
69.279306,0.0015951536133517207
69.299306,0.0016937083919014765
69.319306,0.0008299787881848432
69.339305,-0.0002928650346596208
69.359305,1.1796970005939863e-05
69.379305,0.0003423797205729135
69.399305,0.0019842445224174665
69.419305,0.003588813286984885
69.439304,0.0018981139862976853
69.459304,0.0015513074594901255
69.479304,0.001712309790511562
69.499304,0.0035550370632520664
69.519304,0.003232519580753319
69.539303,0.004082309790548792
69.559303,0.0033071815854213327
69.579303,0.0034802585084863463
69.599303,0.0020196524478631977
69.619303,0.00033067808888704534
69.639302,-0.0012645200463148514
69.659302,0.0003787899769696849
69.679302,-0.0006287391605687407
69.699302,-0.00043368088549943195
69.719302,0.00035233310051494416
69.739301,0.000976738694921903
69.759301,0.002057904196090451
69.779301,0.0034150603732662575
69.799301,0.002588277156488062
69.819301,0.0015682305364499776
69.839301,0.0013416804199004955
69.8593,0.0001668086250232049
69.8793,-0.0010994151511985587
69.8993,-0.0009042170160008733
69.9193,0.00039361515183110047
69.939299,-0.0001710235428225835
69.959299,0.0019993727275530574
69.979299,0.004150072028253898
69.999299,0.005228859907022205
70.019299,0.004705363403541992
70.039298,0.004436738694929274
70.059299,0.0025248272730552714
70.079298,0.0019187899770285362
70.099298,0.0003921233103716457
70.119298,-2.309813484717416e-05
70.139297,-0.0012701377618765132
70.159297,-0.0008220958038442526
70.179297,0.0009410743593083904
70.199297,0.001485013753238183
70.219297,0.002517787646020697
70.239296,0.003964664102875235
70.259296,0.0039218202800473615
70.279296,0.005677647785866345
70.299296,0.003773708391898132
70.319296,0.0025460627042455685
70.339296,0.0012314939396726133
70.359295,-0.000368715850532525
70.379295,-0.0015224687642721737
70.399295,-0.0006733312351282627
70.419295,-0.0005098580416342519
70.439295,0.0019389298371360983
70.459294,0.003621237529462416
70.479294,0.004869675757891595
70.499294,0.004557950816147538
70.519294,0.0036379974361842476
70.539294,0.003591960140131742
70.559293,0.0025486734268587094
70.579293,0.0021811675993675386
70.599293,0.002977251515433841
70.619292,0.002690817949015888
70.639292,0.003569279487468602
70.659292,0.0036565055947071585
70.679292,0.003416155944342102
70.699292,0.0033913074595081226
70.719292,0.002849116317313158
70.739291,0.0024694193476080943
70.759291,0.0012657130539070944
70.779291,0.0013740114222092305
70.799291,0.0010619601401656287
70.819291,0.0009287200469407488
70.83929,0.000586179254410414
70.85929,0.00032699510522290055
70.87929,0.0009133354315536352
70.89929,0.0019341279723421173
70.91929,0.0025556198138092893
70.939289,0.00142790419607247
70.959289,0.0017869951051657275
70.979289,0.002809862238062784
70.999289,0.001554244522467474
71.019289,0.0017105149187307623
71.039288,0.001024827273066092
71.059288,0.0016237783220128105
71.079288,0.0031330090912242946
71.099288,0.003663172261366004
71.119288,0.002739162937337398
71.139287,0.004178230536418694
71.159287,0.005235526573719212
71.179287,0.0041479041961365905
71.199287,0.0021008412590871207
71.219287,0.001659069697306775
71.239287,0.0005464123546575245
71.259286,-0.00011929860106976178
71.279286,-0.00023349440529790466
71.299286,-0.002395988577790339
71.319286,-0.002369997901811222
71.339286,-5.4683216487133156e-05
71.359285,0.0004789997672137343
71.379285,0.0007387666670031967
71.399285,0.0015119135201458256
71.419285,0.003898393706618453
71.439284,0.00450009533830457
71.459284,0.0031120533802584203
71.479284,0.0016052701634909601
71.499284,8.08878791158645e-05
71.519284,-8.223566401082818e-05
71.539284,-0.00032794661972206443
71.559283,-0.00011211911388455081
71.579283,0.000793568531790723
71.599283,0.0013827526809384902
71.619283,0.00315300909118493
71.639282,0.002911983450153539
71.659282,0.002311680419856132
71.679282,0.0011345941727800507
71.699282,0.002632706060886945
71.719282,0.0026209111890911118
71.739281,0.00299692517509228
71.759281,0.004142030070181893
71.779281,0.004171657109798263
71.799281,0.003612892541016594
71.819281,0.004689885548028482
71.83928,0.004170025408196122
71.85928,0.0037984403266306957
71.87928,0.0013407013988916154
71.89928,0.0006837783219946815
71.91928,0.0003030324012454354
71.93928,2.4803963003944274e-05
71.95928,-0.0007140538458625405
71.979279,-0.0024452892770815775
71.999279,-0.0022585993003801097
72.019279,-0.0013097648015322958
72.039279,-0.0008567111884602231
72.059278,-0.0001585993003422578
72.079278,0.000848813287060301
72.099278,0.0018579275061771556
72.119278,0.004101983450217301
72.139278,0.0052052468534608196
72.159277,0.004533358741556602
72.179277,0.0031597456879617586
72.199277,0.002191354079559041
72.219277,0.002190561538756842
72.239277,0.002023451981673279
72.259276,0.0005799088581187484
72.279276,0.00027830046652506195
72.299276,-0.001418715850487055
72.319276,-0.0005723988341681967
72.339275,0.0006274846156894006
72.359275,0.00061077132894676
72.379275,9.629580448064859e-05
72.399275,0.0014619834501488939
72.419275,0.0029776477858360012
72.439274,0.004173568531788601
72.459275,0.0023269018651022183
72.479274,0.0007796291378488914
72.499274,-0.0002602776220760419
72.519274,7.002540822728795e-05
72.539274,0.0008725428907135629
72.559273,0.0008249205130810383
72.579273,0.0001875079256803149
72.599273,0.002183941492125419
72.619273,0.0028493027975102976
72.639272,0.003696016084237146
72.659272,0.004338836597055461
72.679272,0.0037214706296936763
72.699272,0.0029443610725760874
72.719271,0.003143941492174674
72.739272,0.0029877410259689496
72.759271,0.0015238249420536742
72.779271,0.00012163379985378304
72.799271,0.0012453634035754317
72.819271,0.0007917503499522208
72.83927,0.0004823097905074502
72.85927,0.0023175778557699487
72.87927,0.00134039836859571
72.89927,0.002471773659955933
72.91927,0.0025888132870191287
72.93927,0.0030529624711619387
72.959269,0.003198300466490747
72.979269,0.003074337762505523
72.999269,0.0030609344991000594
73.019269,0.002397671095849126
73.039268,0.0018274846156812739
73.059268,0.001789279487490983
73.079268,0.001005782983998864
73.099268,0.0012027759909731099
73.119267,9.342867163241494e-05
73.139268,-0.00013552237733578827
73.159267,-0.00044447342629175447
73.179267,-0.00017104685289194538
73.199267,8.046829864964282e-05
73.219267,0.0010093494175441033
73.239266,0.001264873893091783
73.259266,0.0006241279723581924
73.279266,0.0005863191145308406
73.299266,0.0010865289047184742
73.319266,0.0012900254082126572
73.339266,0.0007945009326783688
73.359265,0.00012042167861716198
73.379265,0.0011037550119456102
73.399265,0.002592333100548606
73.419265,0.0032968552450505736
73.439265,0.0024611442893533986
73.459264,0.0022895825177938816
73.479264,0.0013710044291902195
73.499264,0.0007703284385086035
73.519264,-0.000988739160523743
73.539263,-0.0022191587409373663
73.559263,-0.0032447997665499013
73.579263,-0.00321633822810139
73.599263,-0.0019624454542181867
73.619263,-0.0007020025638167743
73.639262,0.00040958251775762315
73.659262,0.0010398389280022163
73.679262,-0.0015106039624548165
73.699262,-0.0020072240090819103
73.719262,-0.002249158741002076
73.739261,7.596946412241623e-05
73.759261,0.00197993216810752
73.779261,0.002215060373245764
73.799261,0.0025300487182608844
73.819261,0.0015584636366632165
73.839261,0.00034704172526183884
73.85926,-0.002347783449552154
73.87926,-0.004654426806185996
73.89926,-0.0055267344985226625
73.91926,-0.0053694617712468536
73.93926,-0.0027034944053010218
73.959259,-0.00039787668966479036
73.979259,-0.0007807904425811658
73.999259,-0.00038661794839207425
74.019258,-0.0005375736593747657
74.039258,0.00031128414949278024
74.059258,0.000663545221746414
74.079258,0.0029828692310511543
74.099258,0.0018152934734509503
74.119258,0.002243172261344977
74.139257,0.0034127293708870795
74.159257,0.004314291142455376
74.179257,0.0021559927741555724
74.199257,0.0019248272730092485
74.219257,1.506037326269409e-05
74.239256,-0.00040855268031965745
74.259256,-0.001058063169833849
74.279256,-0.000860137761914716
74.299256,-0.002641932633708116
74.319256,-0.0014629582747364997
74.339255,3.032843852984182e-05
74.359255,0.0021557596739437317
74.379255,0.0035212841494550486
74.399255,0.004841936830108749
74.419255,0.0036085335666988356
74.439255,0.00420081794899254
74.459254,0.003703242191398898
74.479254,0.003317158275324603
74.499254,0.0026417736599459608
74.519255,0.0023283703965612116
74.539253,0.0015351303033421528
74.559253,0.0018432888115187097
74.579253,0.0021271815854203057
74.599253,0.0005879041961474312
74.619252,-0.0006967111884735677
74.639252,-0.0016973405591036756
74.659252,-0.0006897181815066963
74.679252,-0.0005529116547328671
74.699252,-0.0010166645685074378
74.719252,-0.0012802310020672317
74.739251,-0.00219992797176946
74.759251,-0.0017112799531154679
74.779251,-0.0018811634029876506
74.799251,-0.0011412566430891733
74.819251,-0.0007911167829455661
74.83925,0.0010576710958444828
74.85925,0.0033463890445695546
74.87925,0.0024117969699642464
74.89925,0.0028310510492155884
74.91925,0.00346303240123324
74.93925,0.003034267832485349
74.959249,0.0033558529140736604
74.979249,0.002249955478183679
74.999249,0.002434827273046115
75.019249,0.0019008645690784245
75.039248,0.0014475312357522482
75.059248,0.00018028181849312258
75.079248,-0.002429182050976858
75.099248,-0.0018279699297774252
75.119248,-0.000985429137244867
75.139247,0.0005771349653195287
75.159247,0.002129978788136775
75.179247,0.0019245475527185747
75.199247,0.0025565988347667585
75.219247,0.0035177643359377616
75.239246,0.0016945242426940673
75.259246,0.0011486268068016364
75.279246,0.0004384170166062427
75.299246,0.0009233587415367985
75.319246,0.001264780652936237
75.339245,0.0019419834501570913
75.359245,0.0016013307695079814
75.379245,0.0007208878790762671
75.399245,0.0014784869466573638
75.419245,0.001317764335940912
75.439245,-0.000614986246801789
75.459244,-0.0002127251745307606
75.479244,0.00017380163198371624
75.499244,0.00034701841518929634
75.519243,0.0017721699303493623
75.539243,0.0017139881121814068
75.559243,0.0012935685317786356
75.579246,0.0008330324012275668
75.599243,0.0009491629373495167
75.619242,-0.0006298580416498165
75.639242,-0.0018231214448993114
75.659242,-0.0011807205125260176
75.679242,-0.00016011445192407503
75.699242,0.0010796757578672596
75.719242,0.0027007013988897552
75.739241,0.0028295125876926725
75.759241,0.003968463636641326
75.779241,0.0025060160841686146
75.799241,0.0008523331004906668
75.819241,-0.0002059186477551989
75.83924,-0.00028629160813353023
75.85924,-0.0015850794869527217
75.87924,-0.002573680885539645
75.89924,-0.0029611867130375615
75.91924,-0.002316431468284629
75.939239,-0.0012063382281749862
75.959239,0.0013981606063313652
75.979239,-0.0002864547783005287
75.999239,0.00021492051308835388
76.019238,-0.00014354102537500208
76.039238,0.0012372515154114132
76.059238,0.00041517692332306315
76.079238,0.00018706503521840256
76.099238,0.0017002118883763632
76.119238,0.003795782983942432
76.139237,0.0037999554781293016
76.159237,0.005404687412842518
76.179237,0.003508696736849595
76.199237,0.002559372727538947
76.219237,0.0014651769233348338
76.239236,0.002097880886054191
76.259236,0.001427787645967874
76.279236,0.0012799088581009785
76.299236,0.001677414685627708
76.319236,0.00193039836862352
76.339236,-0.0006724687642398788
76.359235,-0.0010602776220676204
76.379235,-0.0032860585078322065
76.399235,-0.002544286946083176
76.419235,-0.0005114664332751533
76.439234,0.0003531722613615261
76.459234,0.002823218881383585
76.479234,0.004080398368563755
76.499234,0.00601403473219583
76.519233,0.006642356410511635
76.539233,0.005047088345227794
76.559233,0.0046229857811099975
76.579233,0.004660468298602293
76.599233,0.005497018415155591
76.619233,0.003745363403525596
76.639232,0.0023394892776514905
76.659232,0.0023235452217137686
76.679232,2.147062967266632e-05
76.699232,0.00040482727303187404
76.719232,-0.00039722400901004765
76.739231,-0.0013362216780050567
76.759231,-0.0010335410253285654
76.779231,-0.0017037508155157677
76.799231,-0.0006671773889464926
76.819231,-0.0009302310020096007
76.839231,0.0008514006996035511
76.85923,0.0007050370632267805
76.87923,-0.0007701144519459098
76.89923,8.867342681179516e-05
76.91923,0.0004534053615572768
76.939229,-0.0007953125871567473
76.959229,-0.0016416762235136276
76.979229,-0.0029324221442215935
76.999229,-0.0012507205125141172
77.019228,-0.0005203475521417997
77.039228,0.00038585291406885024
77.059228,0.0013513307695211798
77.079228,0.002186831934992134
77.099228,0.0029227526809247305
77.119228,0.003417274825446498
77.139229,0.002792799300976146
77.159227,0.0023521932403710796
77.179227,-0.0005027018645062123
77.199227,-0.002387224009026168
77.219227,-0.0024998580416450717
77.239226,-0.003509718181500664
77.259226,-0.0014706272724253557
77.279226,-0.0002624687642600618
77.299226,0.0013973913756165465
77.319226,0.0033015405597500293
77.339226,0.005227298135508368
77.359225,0.004862403030611789
77.379225,0.0037633354315407606
77.399225,0.004144757342957931
77.419225,0.0032474379956467887
77.439225,0.0009519368301413157
77.459224,0.0001305615387764723
77.479224,-0.0003889955707552141
77.499224,-0.00028908881085848014
77.519224,-0.00027741048917943303
77.539223,0.0009386034968278659
77.559223,0.0011916804198986624
77.579223,0.001740538228734982
77.599223,0.0031746874128567495
77.619223,0.0028172981354608276
77.639222,0.0033768785550350867
77.659222,0.002933918182074232
77.679222,0.0010899787881289069
77.699222,-0.0003643335661899251
77.719222,-0.000551303263156627
77.739221,-0.0008066878785388295
77.759221,-0.0025743801862393003
77.779221,-0.002700813752654168
77.799221,0.00041396480213785306
77.819221,0.0016141279723179249
77.83922,0.0034759927741863316
77.85922,0.003492822611030388
77.87922,0.0025317503499635192
77.89922,0.0032266221448273113
77.919219,0.004082449650638477
77.939219,0.0033940347322147296
77.959219,0.0012842678324256267
77.979219,0.002090654778814527
77.999219,0.0028203284384765897
78.019218,0.0029191396272730983
78.039218,0.0025665522146764578
78.059218,0.0024726128207288437
78.079218,0.002279209557340048
78.099218,0.003512123310239427
78.119218,0.003968673426817196
78.139217,0.0011738948720435368
78.159217,-0.0015260351978677628
78.179217,-0.001414450116266011
78.199217,-0.0021678533796528864
78.219217,-0.0006677368295145911
78.239217,-0.0008981097898820356
78.259216,0.000244244522451749
78.279216,0.0020179974362150147
78.299216,0.0041033587415583795
78.319216,0.004181260839484277
78.339215,0.0010933587415559777
78.359215,-0.0006267111885162079
78.379215,-0.002090743822545619
78.399215,-0.004030487412285931
78.419214,-0.004363634265398875
78.439214,-0.004142119113888605
78.459214,-0.0034754524472276308
78.479214,-0.0017682729600462025
78.499214,0.001171493939697957
78.519213,0.0037375312357407634
78.539213,0.0031337083918995695
78.559213,0.0018424030305742138
78.579213,0.0019208645690332294
78.599213,0.001593498601671737
78.619213,0.002437274825467348
78.639212,0.0018554566436658909
78.659212,0.0006731955714094991
78.679212,0.0002004216786552753
78.699212,0.0017703284385379601
78.719212,0.0028572748254929387
78.739211,0.00244783426606903
78.759211,0.0019349438231606776
78.779211,0.003939582517793904
78.799211,0.006067041725230645
78.819211,0.006876389044559724
78.83921,0.004432939161114952
78.85921,0.0036515405597101385
78.87921,0.0025514473196308987
78.89921,0.0023876477857986515
78.919209,0.0019140347321893653
78.939209,0.0006071582753290478
78.959209,1.0981119170948468e-05
78.979209,0.0004910976692757919
78.999209,0.0014846641028268747
79.019208,0.0001267853149668519
79.039208,-0.00036263193441626846
79.059208,0.0002667620049908216
79.079208,0.0007892095574454039
79.099208,0.0011761326343726409
79.119208,-0.000247643589413486
79.139207,-0.0004618860136571996
79.159207,0.0013928692310856792
79.179207,0.0012314006995928595
79.199207,0.0014793027974812248
79.219207,0.0008324263406145565
79.239206,0.0021647107229039817
79.259206,0.0019703750585814295
79.279206,0.0027436151518324334
79.299206,0.002060165268389805
79.319206,0.0016749904432064057
79.339205,0.002782193240400573
79.359205,0.0036044076925902686
79.379205,0.003494920513073172
79.399205,0.004573988112117844
79.419204,0.004586575524728067
79.439204,0.004382006760163801
79.459204,0.0031507480189221456
79.479204,0.004136831934994232
79.499204,0.0032734752916496173
79.519203,0.002183288811479156
79.539203,0.0010222631704718925
79.559203,0.000254151282370067
79.579203,0.0009535452217302765
79.599203,0.0024862724944722217
79.619203,0.0032748972031060994
79.639202,0.0027771116552978968
79.659202,0.0032429624711412227
79.679202,0.004873288811444646
79.699202,0.0040857829839437846
79.719202,0.0033161559443359336
79.739201,0.0027515405597489614
79.759201,0.00227701841524348
79.779201,0.002668067366272394
79.799201,0.002446575524790676
79.819201,0.002604337762530379
79.8392,0.0016088365970324892
79.8592,0.0003579974361914789
79.8792,0.0004233354315160942
79.8992,0.0003211209793015943
79.9192,0.0008005848487554048
79.939199,0.0005322165503783093
79.959199,9.172703989797902e-05
79.979199,0.00017342867158254716
79.999199,-0.0010393685312160901
80.019198,-0.00040486969672229366
80.039198,0.0009441279722938726
80.059198,0.0019889065270613407
80.079198,0.003576528904686996
80.099198,0.0047187200468718025
80.119197,0.0060209578090844665
80.139197,0.005892263170387204
80.159197,0.0056057829839068485
80.179197,0.004242659440782982
80.199197,0.0020400254081619305
80.219197,0.0022712841494240497
80.239196,0.002746855245002335
80.259197,0.0019261559443218453
80.279196,0.0009467853149794868
80.299196,0.0010494892776838516
80.319196,0.0012596058278115778
80.339195,0.000296901865109707
80.359195,0.00021939603758331928
80.379195,-0.0001239372957502758
80.399195,-0.0002465946384233639
80.419195,-0.0002413265731839695
80.439194,-0.00010358764545677349
80.459194,9.499044312558227e-05
80.479194,0.0013097923079397203
80.499194,0.002921424009563903
80.519193,0.003139652447833918
80.539193,0.002933032401229908
80.559193,0.0024797223779179727
80.579193,0.002565153613368309
80.599193,0.0021444776226838044
80.619193,0.001988859907063599
80.639192,0.001237531235710567
80.659192,0.0022868552450226133
80.679192,0.0032141279722968426
80.699192,0.002769885548048163
80.719192,0.0029504449886414634
80.739191,0.0023350137532164163
80.759191,0.0017675778557937913
80.779191,0.0024858995341351837
80.799191,0.0028668319350608996
80.819191,0.0020371582753576875
80.83919,0.001359675757854639
80.85919,0.002484197902358347
80.87919,0.0021762724944249024
80.89919,0.001849675757829639
80.919189,0.0027794193475886328
80.939189,0.0031623331005012976
80.959189,0.004716505594679902
80.979189,0.005840188578356108
80.999189,0.004300887879056272
81.019188,0.0029080673662277316
81.039188,0.002826389044572245
81.059188,0.0021363424245172047
81.079188,0.001600864569050908
81.099188,9.969906789652013e-05
81.119188,-0.0002912100230103773
81.139187,0.0003543377625251449
81.159187,0.0012020533802305936
81.179187,0.0017390696972569082
81.199187,-0.0006414664332575203
81.219187,-0.00046988135167157197
81.239186,-0.00011134988312521234
81.259186,0.0007101419583776178
81.279186,0.0014800020982519008
81.299186,0.0009684170166641656
81.319185,0.0016539881122168202
81.339185,0.0014597223779067806
81.359185,0.001673148951322923
81.379185,0.0012993960375522076
81.399185,0.0005917969699291444
81.419184,0.0007268785550062371
81.439184,0.001941051049199484
81.459184,0.003789093007271996
81.479184,0.0037564822846736464
81.499184,0.002760887879102362
81.519184,0.0007558995341102987
81.539183,-0.0020807904425935186
81.559183,-0.003432515384314172
81.579183,-0.005278389510216374
81.599183,-0.0048878766897270075
81.619183,-0.003665032866893865
81.639182,-0.0013656622375271084
81.659182,0.0019054100235615223
81.679182,0.002178020746180931
81.699182,0.0021521466203498706
81.719182,0.0019932655014930512
81.739181,0.0023079275061694045
81.759181,0.0010783937066594657
81.779181,-0.0001267578084921168
81.799181,0.00013839370664981668
81.81918,0.002053428671651136
81.83918,0.0026112841494973886
81.85918,0.0032093727275742745
81.87918,0.0012701652683591981
81.89918,0.0010352002334192234
81.91918,1.326550149408438e-05
81.939179,0.001377997436200021
81.959179,0.0004575778557870765
81.979179,0.0015423097905167635
81.999179,0.0026807713289803223
82.019179,0.004664617482812553
82.039178,0.004598277156493967
82.059178,0.003889093007307845
82.079178,0.0037998622380808174
82.099179,0.002976505594748105
82.119177,0.0011504216786587572
82.139177,0.002003941492142088
82.159177,6.582960402087688e-05
82.179177,0.0003952235434280109
82.199177,-0.0004244967362891795
82.219177,0.0004603284385280649
82.239176,0.00020522354343335673
82.259176,0.0007462025643996503
82.279176,0.0011442212124061052
82.299176,0.001170095338269496
82.319176,0.0006081139862754558
82.339175,0.0012929391610867233
82.359175,-0.0003258020976624577
82.379175,0.000400724708896737
82.399175,0.0009690463872299357
82.419174,0.002288626806805603
82.439174,0.002296715384890189
82.459174,0.0026676710958564533
82.479174,0.004051120979316822
82.499174,0.005121657109844145
82.519174,0.004885456643648007
82.539173,0.005445922844120122
82.559173,0.003682053380244503
82.579173,0.0042932655014764586
82.599173,0.005032100000302732
82.619172,0.003970211888409543
82.639172,0.0025275545457385576
82.659172,0.002172752680942596
82.679172,0.00141277599098458
82.699172,-0.0002591121209034131
82.719172,4.4734032930865766e-05
82.739171,0.0008619601401532913
82.759171,0.001531144289334402
82.779171,0.0022757363639212052
82.799171,0.002766598834763918
82.81917,0.002144967133147699
82.83917,0.0018807247089067313
82.85917,0.0006905149186951897
82.87917,-0.0013289023307163795
82.89917,-0.0008615363633458275
82.919169,0.0012070184151873327
82.939169,0.0037030790212525706
82.959169,0.004046412354566555
82.979169,0.003975270163416357
82.999169,0.005134500932652891
83.019169,0.003804967133163284
83.039168,0.003914687412895402
83.059168,0.0025511209793271125
83.079168,0.0016403983686046762
83.099168,0.0010943843826118891
83.119168,0.0005124729606861573
83.139167,0.001208090676296637
83.159167,0.0003600254081888904
83.179167,0.0009907713289222882
83.199167,0.0011871582752999534
83.219167,0.00036585291400062313
83.239166,0.0026900720282262694
83.259166,0.002877368065535978
83.279166,0.0029326594408313885
83.299166,0.002011284149480516
83.319165,0.003964314452532827
83.339165,0.006772356410580393
83.359165,0.0058401652683869165
83.379165,0.007084897203110149
83.399165,0.007446901865090193
83.419164,0.007292356410513571
83.439164,0.007694594172752868
83.459164,0.0062778109559558735
83.479164,0.004924454312575308
83.499164,0.003413498601643768
83.519164,0.0024049904431436334
83.539163,0.0020289997671667764
83.559163,0.0010144310026102082
83.579163,0.0011082305364156647
83.599163,0.002472030070203215
83.619162,0.002795013753187127
83.639162,0.00403161048978563
83.659162,0.003781983450163958
83.679162,0.004881913520078319
83.699162,0.0041950836832515504
83.719162,0.0027157829839459823
83.739161,0.003396598834776068
83.759161,0.004433591841755385
83.779161,0.0038609811191540402
83.799161,0.004348463636646534
83.81916,0.0037022165504187778
83.83916,0.0025478342660163675
83.85916,0.0015244543126464757
83.87916,0.0019348039629787702
83.89916,0.0009877410258906255
83.919159,0.0006365055946595132
83.93916,0.000835876224026049
83.959159,0.0014654333335810572
83.979159,0.0013112375293844731
83.999159,0.0013508179489815637
84.019158,0.0017065988347561949
84.039158,0.0013437317018888274
84.059158,0.0004241979023726775
84.079158,0.00174249627068331
84.099158,0.0014692328674208188
84.119157,0.0005995825177830173
84.139157,0.0026118669000749577
84.159157,0.002911097669312395
84.179157,0.0035415638697662483
84.199157,0.005817950816151701
84.219157,0.005929419347599035
84.239156,0.005411983450167835
84.259156,0.003730072028244738
84.279156,0.003645922844110316
84.299156,0.0011194659676555898
84.319155,0.00011196014014306624
84.339155,0.0007045475527305557
84.359155,-0.0007260818179030755
84.379155,-0.0019009303027528743
84.399155,-0.0016582729600758818
84.419154,-0.0016696249414315328
84.439154,8.412797232763706e-05
84.459154,0.000851027739238952
84.479154,0.0009266920749110069
84.499154,0.0026311909094137807
84.519153,0.0032155498837718754
84.539153,0.0028109811192048107
84.559153,0.0021168086250486235
84.579153,0.0007663424245983735
84.599153,0.0004273214455985763
84.619153,0.0010989997672627922
84.639152,0.0019335685318270196
84.659152,0.0015007946390385865
84.679152,0.002031540559733485
84.699152,0.0038947107228997175
84.719151,0.0030900487182144434
84.739151,0.0035717037298687035
84.759151,0.003065060373229827
84.779151,0.002445806293998477
84.799151,0.0017700487182462253
84.81915,0.0013022631704635123
84.83915,0.0016416571098777295
84.85915,0.0019007713289928391
84.87915,0.00393732144554013
84.89915,0.003975782983999435
84.919149,0.0038128226110217193
84.939149,0.004422123310327999
84.959149,0.004524407692608543
84.979149,0.004337088345292542
84.999149,0.0042325895107739875
85.019149,0.0029893261075192887
85.039148,0.002888347086558831
85.059148,0.001808883217097159
85.079148,0.0008620300702521953
85.099148,-0.00037608181787088517
85.119148,0.00010191352012870196
85.139147,-0.0009797181814958597
85.159147,0.0008622631704560867
85.179147,0.0018981372963172275
85.199147,0.0007076477858229614
85.219146,-0.0004253592071908139
85.239146,0.0012374146855672814
85.259146,0.0013989764571107047
85.279146,0.0018972048953495484
85.299146,0.004231750349906205
85.319145,0.003504034732197241
85.339146,0.0035359694641281967
85.359145,0.003772869231002259
85.379145,0.003612542890708107
85.399145,0.0010906547788270412
85.419144,-0.0003519792538148642
85.439144,0.0006864822846462362
85.459144,0.0006276710958335388
85.479144,0.002211167599332607
85.499144,0.005453708391886544
85.519143,0.005469792307965362
85.539143,0.00736331212148518
85.559143,0.006401517249694344
85.579143,0.006205992774206652
85.599143,0.004829629137861281
85.619143,0.003101843590100377
85.639143,0.0028647107230022834
85.659142,0.0008294426577258573
85.679142,0.0006308645691329016
85.699142,0.0010686268069039755
85.719141,-0.00029137319311801446
85.739141,0.00027848694673227167
85.759141,-0.0009458020975647035
85.779141,-0.001385335897108696
85.799141,-0.0007230282048179516
85.81914,0.0005973214455398444
85.83914,0.0004335918418155106
85.85914,-0.0005742403260161696
85.87914,0.0011689764572006107
85.89914,0.0017238249420691919
85.919139,0.0023669717952082532
85.93914,0.00312855687678014
85.959139,0.0031999554781696705
85.979139,0.004634454312664056
85.999139,0.005909256177451791
86.019138,0.0059179974361868795
86.039138,0.004641540559742483
86.059138,0.003704734032963294
86.079138,0.003301307459536067
86.099138,0.0024466221448483086
86.119138,0.0005546874129010899
86.139138,8.03051284958945e-05
86.159137,-0.0005976435894594571
86.179137,0.0002590696972463838
86.199137,0.0016469484851075148
86.219136,0.00273601608414496
86.239136,0.0034369251750615455
86.259136,0.003534687412845672
86.279136,0.00406342867158549
86.299136,0.004505806293956586
86.319135,0.003951167599336485
86.339135,0.004258813287017946
86.359135,0.0015592794875151673
86.379135,0.0007034286716701502
86.399135,0.00010839370663598814
86.419134,-0.0002950095567886579
86.439134,-0.001315615617417101
86.459134,-0.0009164314682401373
86.479134,-0.0004032146850396596
86.499134,-0.00024249207431472757
86.519133,-0.00020857599038145172
86.539133,-5.270186447315305e-05
86.559133,0.0006594892777436407
86.579133,0.002203148951421656
86.599133,0.0029541979024956737
86.619133,0.0032335452218304308
86.639132,0.0033357363640004797
86.659132,0.0033102818185534897
86.679132,0.0032194892777612136
86.699132,0.0020376477859206936
86.719131,0.0017470650353195107
86.739131,0.0012193727276228153
86.759131,0.00191468741291619
86.779131,0.001793731701961107
86.799131,0.0021775545457789784
86.81913,0.002168277156490561
86.83913,0.0024330324012520645
86.85913,0.002822356410597493
86.87913,0.00439547995372117
86.89913,0.0045852701635012635
86.919129,0.004616645454843981
86.939129,0.0028036617718546525
86.959129,0.0016645242426892488
86.979129,-0.00040454335637663707
86.999129,-0.0012642869461300405
87.019129,-0.0010350561769024332
87.039128,-0.00046020769204618606
87.059128,-0.00031545244725466606
87.079128,0.001523521911727029
87.099128,0.002194174592388334
87.119128,0.001325037063251458
87.139127,0.0019611209793501845
87.159127,0.002750351748568452
87.179127,0.0020365988348155597
87.199127,0.002402892541104559
87.219126,0.0034691629373403477
87.239126,0.002883941492130969
87.259126,0.002008556876761719
87.279126,0.00332881328701909
87.299126,0.0033872981355094513
87.319125,0.0032472282054417673
87.339125,0.0047925428907393455
87.359125,0.004505223543398627
87.379125,0.005443382051566664
87.399125,0.0052620533802431755
87.419124,0.004160817949010848
87.439124,0.0022277410259638314
87.459124,0.0007625195807364213
87.479124,0.0004503051285406612
87.499124,-0.0006438673656264204
87.519123,-0.00132654801832031
87.539123,-0.0006893452211389182
87.559123,0.0009278575760544847
87.579123,0.0047975079256833645
87.599123,0.0058522165503881625
87.619123,0.006278673426846907
87.639122,0.004886109324301161
87.659122,0.0036795825177586786
87.679122,0.003460701398891692
87.699122,0.0034281372963387846
87.719121,0.003156389044588149
87.739121,0.0033539414921755443
87.759121,0.004513964802205268
87.779121,0.00444818391640231
87.799121,0.0027436384618843047
87.81912,0.001778813287063397
87.83912,0.0011291629373980383
87.85912,0.001058626806836471
87.87912,0.0021286734268728697
87.89912,0.0024662258744232142
87.919119,0.0021465289047118874
87.939119,0.0008151069932970652
87.959119,0.0007436617718530824
87.979119,-0.0009569909088037072
87.999119,-0.0006588324006087934
88.019119,0.000488020746238968
88.039118,0.0008485335667494867
88.059118,0.0013506081588433244
88.079118,0.0018838948721372614
88.099118,0.0011666221448607223
88.119117,0.0008635685317994927
88.139117,0.00019603939429465577
88.159117,0.0008818435901100322
88.179117,0.0014716571098951213
88.199117,0.0036237083919440005
88.219116,0.002161750349976524
88.239116,0.00043422121244806255
88.259116,-0.00013904219082445522
88.279116,0.0010903983686030789
88.299116,0.0004584869466763818
88.319115,-0.00035631491810619105
88.339115,0.000630608158835268
88.359115,0.0007145009327314168
88.379115,0.002354920513137047
88.399115,0.004757950816182137
88.419114,0.004423242191498646
88.439114,0.004084477622740301
88.459114,0.004190235198522369
88.479114,0.004490561538837242
88.499114,0.0029292095574723663
88.519114,0.0029672515155232198
88.539113,0.003304058042305676
88.559113,0.001053848252092241
88.579113,0.0016233587415905796
88.599113,0.003038370396589745
88.619112,0.0039617503499698985
88.639112,0.004253079021289148
88.659112,0.005336645454833486
88.679112,0.005229465967639456
88.699112,0.006193125641293035
88.719111,0.006449302797456768
88.739111,0.005600608158755689
88.759111,0.00450529347344559
88.779111,0.004700934499106778
88.799111,0.004000817949010943
88.81911,0.0026500487182812183
88.83911,0.0015355498837765743
88.85911,0.0010022398604678658
88.87911,0.0006246641029205296
88.89911,0.0007152468534871141
88.91911,0.0013937550119623335
88.939109,0.0020894659676562776
88.959109,0.0036560160841865538
88.979109,0.004117717715892231
88.999109,0.0033585102566818935
89.019109,0.002493545221729237
89.039108,0.0016492095573702984
89.059108,0.0011639648021517875
89.079108,0.0018412142194196741
89.099108,0.0023539181821277066
89.119107,0.004039489277682157
89.139107,0.0038886034967861795
89.159107,0.004399699067898891
89.179107,0.0034030090912061813
89.199107,0.0019101419583520002
89.219106,0.0028746174828241404
89.239106,0.0021434053616184905
89.259106,0.0015238715620922265
89.279106,0.0032932421914731416
89.299106,0.0038222631705126446
89.319105,0.004437414685658678
89.339105,0.004519302797537737
89.359105,0.004631027739255674
89.379105,0.0035088132870220315
89.399105,0.0028972048954138863
89.419104,0.0045039181821008014
89.439104,0.002916225874405392
89.459104,0.0017196757578197114
89.479104,0.0023317037298585686
89.499104,0.0022988132869923347
89.519103,0.0015618902100906782
89.539103,0.001302193240401709
89.559103,0.0007472981355083554
89.579103,-0.00011692097870344263
89.599102,0.00010841701662902864
89.619102,0.0017958995340895453
89.639102,0.0026602585084503907
89.659102,0.004364827272993767
89.679102,0.004929209557392218
89.699102,0.006098044056213534
89.719101,0.007176971795146259
89.739101,0.007332542890732682
89.759101,0.0068791163172997214
89.779101,0.006100957809144311
89.799101,0.004100934499132837
89.819101,0.0022140813522893545
89.8391,-2.3051514799611692e-05
89.8591,-0.0015884361301848192
89.8791,-0.003384916316666738
89.8991,-0.0033906738924399877
89.919099,-0.0012775969693746584
89.939099,3.746130565212018e-05
89.959099,0.0035401885783461987
89.979099,0.0058877643359278205
89.999099,0.004786319114496833
90.019099,0.0022797689979447175
90.039098,0.000295759673957679
90.059098,0.0001905149187173468
90.079098,0.0002156664338694911
90.099098,0.00031492051313215287
90.119097,0.0017317503499406695
90.139097,0.002411097669268302
90.159097,0.0026376244757993026
90.179097,0.0016568319350142423
90.199097,0.00047023519840769224
90.219096,9.955920773793215e-05
90.239096,0.001065316783508497
90.259096,0.002925619813816955
90.279096,0.003989978788172648
90.299096,0.0056486734268469466
90.319095,0.00580464079281698
90.339095,0.00533652890470398
90.359095,0.0048033820515580306
90.379095,0.003997414685613622
90.399095,0.0038785335667406128
90.419095,0.004623848252070992
90.439094,0.004360398368625865
90.459094,0.004020794639020407
90.479094,0.004122379720581155
90.499094,0.005138020746221588
90.519094,0.0031158995340906225
90.539093,0.003024454312627175
90.559093,0.0026051069932944877
90.579093,0.002004920513153617
90.599092,0.0018311909094248509
90.619092,0.0020138482520837262
90.639092,0.0007006547789085607
90.659092,0.0006737317019898569
90.679092,0.0022618669001053084
90.699092,0.00246911631735512
90.719091,0.003127088345309487
90.739091,0.0027340813522988535
90.759091,0.003038580186797416
90.779091,0.003509745687975929
90.799091,0.0025087899770017547
90.81909,0.0010938482520702225
90.83909,-0.0004459419576988079
90.85909,0.00011760116583186078
90.87909,0.0008285335667533409
90.89909,0.0007300020982194159
90.919089,0.0027528692310827586
90.939089,0.0029530090912012123
90.959089,0.003976249184425237
90.979089,0.0037789298370836046
90.999089,0.004176901865035606
91.019088,0.003313009091146144
91.039088,0.0021065755247395975
91.059088,0.001236901865070595
91.079088,0.001836132634322829
91.099088,0.0011417270399335995
91.119087,0.0016523564105526672
91.139087,0.001530211888408595
91.159087,0.0008940813522718465
91.179087,0.0007327293708873314
91.199087,0.002586762004905715
91.219086,0.00261571305384303
91.239086,0.0016709811191160428
91.259086,0.0015066687648215605
91.279086,0.002028743356905184
91.299086,0.0012956198138189081
91.319085,0.0021396291378337805
91.339085,0.0021321466203722745
91.359085,0.0013298855481115519
91.379085,0.0024784170166259768
91.399085,0.003885363403570167
91.419084,0.0041909578091456345
91.439084,0.004879465967644366
91.459084,0.0051746407928467
91.479084,0.004785386713603356
91.499084,0.004747158275400415
91.519083,0.00538422121248099
91.539083,0.0035324030306815393
91.559083,0.0010154333336953396
91.579083,0.0020256897439361317
91.599082,0.0021088365970569722
91.619082,0.0016965522147460704
91.639082,0.001488230536402324
91.659082,-8.820303003785938e-05
91.679082,0.0004311442893126568
91.699081,0.0008292328674222558
91.719081,0.0017552701634880228
91.739081,0.0018503750585939552
91.759081,0.0016692328674368666
91.779081,0.0023719834501855254
91.799081,0.0024874146855940397
91.81908,0.0014519135200704671
91.83908,0.0004880673662017284
91.85908,-0.00011827296015377213
91.87908,0.0011274846156020524
91.89908,0.0011008878790284748
91.919079,0.002748370396506241
91.939079,0.0051076244757631995
91.959079,0.005289908858072316
91.979079,0.005303824942017926
91.999079,0.005788044056249425
92.019078,0.007132612820817659
92.039078,0.00817804405626319
92.059078,0.007439372727584836
92.079078,0.006099209557408954
92.099077,0.004251493939713368
92.119077,0.003460141958341084
92.139077,0.004057531235729444
92.159077,0.004480444988641821
92.179077,0.003704897203090542
92.199077,0.0024893727275736377
92.219076,0.0025217037299025136
92.239076,0.0015851069932933657
92.259076,0.000618323776511409
92.279076,0.0009179041960880741
92.299076,0.0012900020981931157
92.319075,0.0026128226109885053
92.339075,0.0036445475526907965
92.359075,0.005147764335902948
92.379075,0.0026789065270534478
92.399075,0.0014914706296315866
92.419075,0.0016165522147132563
92.439074,6.161048978485517e-05
92.459074,-0.0004752193470252408
92.479074,-0.0009390188808224627
92.499074,-0.0012358953376855617
92.519073,-0.0016367111884858674
92.539073,-0.0015011167828951285
92.559073,0.0009518669001033629
92.579073,0.001326109324343272
92.599073,0.0032807713289797046
92.619072,0.00499268275087105
92.639072,0.0042592095574089765
92.659072,0.0037607946389735226
92.679072,0.0018689764571489201
92.699072,7.846363667283237e-05
92.719071,-0.0012991587409392333
92.739071,-0.001729974591745947
92.759071,-0.0008014431231981343
92.779071,-0.00014507948683908827
92.799071,0.0012071116553253878
92.81907,0.0032703983686043128
92.83907,0.0050022864805035335
92.85907,0.005835736363946404
92.87907,0.005663451981654441
92.89907,0.00556461748282143
92.919069,0.005939093007261521
92.939069,0.004593964802122539
92.959069,0.005668789976939739
92.979069,0.00349130745944062
92.999068,0.0026466920748296975
93.019068,0.0020133587414947495
93.039068,0.0026432888114456274
93.059068,0.0018959461541284363
93.079068,0.0026407013988774676
93.099067,0.001464034732209837
93.119067,0.0014841979023607907
93.139067,0.0019774613056312354
93.159067,0.0019887433569399236
93.179067,-0.00014468321646660858
93.199067,-0.0008480398598166177
93.219066,-0.00016978811158762137
93.239066,0.0019220766902725006
93.259066,0.002294151282348991
93.279066,0.004721610489790988
93.299066,0.004418510256698097
93.319065,0.004882985781184444
93.339065,0.0037901419583935593
93.359065,0.0030648505831233877
93.379065,0.0015280207463099064
93.399065,-0.00019668787842583324
93.419065,0.0003675079257542778
93.439064,0.0011628459210717723
93.459064,0.0018963657345829976
93.479064,0.003638789976991218
93.499063,0.0049879974361943845
93.519063,0.006073591841813516
93.539063,0.005316482284720693
93.559063,0.00577298578122281
93.579063,0.0036738482521009013
93.599062,-0.0004177834495509717
93.619062,-0.0011263382281013624
93.639062,-0.0031560818178285703
93.659062,-0.0025024454542042214
93.679062,-0.0013928650346410846
93.699062,-0.00010279510456659142
93.719061,0.001191750349984846
93.739061,0.003039396037637177
93.759061,0.0044043843826354475
93.779061,0.004352636130887465
93.799061,0.0031524496506645317
93.81906,0.00396895314714762
93.83906,0.002522962471168677
93.85906,0.0033582538464340802
93.87906,0.002633824941968021
93.89906,0.0022730324011874976
93.919059,0.0025476244757673557
93.939059,0.0045774846156463305
93.959059,0.004054850583007329
93.979059,0.004832123310295096
93.999059,0.004824990443148438
94.019058,0.004561470629652105
94.039058,0.0027639881122043073
94.059058,0.0019247340329533445
94.079058,1.636573457535948e-05
94.099057,-8.372750550473358e-05
94.119057,1.7736599713655873e-06
94.139057,0.0015361559443355234
94.159057,0.0019895358977013123
94.179057,0.00438179696995825
94.199057,0.00588596946411522
94.219056,0.00605757785573661
94.239057,0.004675922844083541
94.259056,0.005447577855734914
94.279056,0.0031602818184493647
94.299056,0.00211755454571687
94.319055,0.0012501186482767996
94.339055,0.0007342911424732512
94.359055,-0.00017689766869936896
94.379055,0.0004971815853936383
94.399055,0.001261400699613048
94.419054,0.0003994193476291221
94.439054,-0.001113634265429474
94.459054,0.0007078575760507721
94.479054,0.0005332188813828797
94.499053,0.0020121000002524367
94.519053,0.0034879974361410743
94.539053,0.004087764335905825
94.559053,0.003565316783459192
94.579053,0.004631610489763282
94.599053,0.004436016084168206
94.619052,0.004432356410502932
94.639052,0.002929699067870009
94.659052,0.004104943823130449
94.679052,0.004060678088858283
94.699052,0.004148673426862008
94.719052,0.005075782983964999
94.739051,0.004072053380237185
94.759051,0.003611120979313636
94.779051,0.0038753400935499028
94.799051,0.0032282771564887446
94.81905,0.004021890210090952
94.83905,0.003599932168163674
94.85905,0.004636738694985071
94.87905,0.0037350370632804487
94.89905,0.002781074359305717
94.919049,0.003285037063242619
94.939049,0.0017327993010012824
94.959049,0.002154127972310319
94.979049,0.0014708878790854318
94.999049,0.0010489531471527844
95.019048,0.0026598389280403497
95.039048,0.004165503263737865
95.059048,0.004970444988714342
95.079048,0.004366062704334731
95.099047,0.0038521233103901466
95.119047,0.0026019834502228213
95.139047,0.0017323097905474585
95.159047,0.0015454799537197334
95.179047,0.0005817736600270723
95.199047,0.0012276944059293133
95.219046,0.0024989997672230126
95.239046,0.0036540813523192476
95.259046,0.0029261326343777722
95.279046,0.001611144289395306
95.299046,0.0005414006996484524
95.319045,-0.0009896016313734365
95.339045,-0.0002203009320773214
95.359045,0.0008954799537230975
95.379045,0.00199424452247119
95.399045,0.0034975079257192434
95.419044,0.00377603939424975
95.439044,0.0050199088581227595
95.459044,0.00494734475554311
95.479044,0.0038250603732831747
95.499043,0.0036879974362164824
95.519043,0.0036233587415485918
95.539043,0.003609396037573969
95.559043,0.004038417016606243
95.579043,0.0036677643359623855
95.599042,0.002492775990995339
95.619042,0.0016265988348219624
95.639042,0.0022913074595218882
95.659042,0.0016279275061425093
95.679042,0.0017370883453261387
95.699042,0.0017803051285482925
95.719041,0.0022842445224677734
95.739041,0.0018782538464648972
95.759041,0.00151002540823386
95.779041,0.0015342212124258166
95.799041,0.001827274825455053
95.81904,0.0018562724944399312
95.83904,0.0025648505830045626
95.85904,0.0018325195806828567
95.87904,0.0030511209792795156
95.89904,0.0018443377624977008
95.919039,0.002024920513083512
95.939039,0.0013734986016510642
95.959039,-0.0008092053610711562
95.979039,-0.0019830282048973738
95.999038,-0.0012296016314586261
96.019038,-0.0007608836827114156
96.039038,-0.0005264314682230755
96.059038,-0.0014991820509684614
96.079038,-0.0006206039623767006
96.099038,-0.0006615130532821481
96.119037,0.002162706060946252
96.139037,0.0027714706296822437
96.159037,0.0028344776226727317
96.179037,0.004654594172787518
96.199037,0.005547927506146562
96.219036,0.004586179254394279
96.239036,0.0023134286716492607
96.259036,1.3988112199500168e-05
96.279036,-0.0010000911418475934
96.299036,-0.0029767811185316437
96.319035,-0.0022592752910188833
96.339035,-0.0018469442887033487
96.359035,4.897645721081039e-05
96.379035,0.0018404916086972984
96.399035,0.0012845941727866548
96.419034,0.0007203750585281709
96.439034,0.0004945708627354461
96.459034,0.00102739137557337
96.479034,0.0016114939397059128
96.499033,0.0013428692310894844
96.519033,0.00286944265765019
96.539033,0.0036803983686058603
96.559033,0.0038396058277887254
96.579033,0.004491657109811854
96.599032,0.0054315172496523165
96.619032,0.005436645454773934
96.639032,0.003983568531735645
96.659032,0.0042010277392166406
96.679032,0.0040637083919164456
96.699032,0.00284895314715676
96.719031,0.002001866900076973
96.739031,0.0009067620049809046
96.759031,-0.0001570841488728027
96.779031,0.0008233121215132778
96.799031,0.0016414240096303784
96.819031,0.001489396037606223
96.83903,0.0008397223779414633
96.85903,0.002538836597055196
96.87903,0.0018559927741969577
96.899029,0.0016934053615960314
96.919029,0.0015414240096109592
96.939029,0.0009133587415366057
96.959029,0.0009255265737129375
96.979029,0.0011883470865271042
96.999028,0.001116971795173545
97.019028,0.0008522398604384725
97.039028,0.0017263191144987668
97.059028,0.002447484615666731
97.079028,0.003316715384912512
97.099028,0.004394920513122331
97.119027,0.004599116317321469
97.139027,0.0044128226110385915
97.159027,0.004907601165814002
97.179027,0.0037845941727988296
97.199027,0.0035812608394578645
97.219026,0.0029172282054179127
97.239026,0.0025279508161438974
97.259026,0.002365806294014424
97.279026,0.0031060393942892984
97.299026,0.0020225895108384262
97.319025,0.001618020746294152
97.339025,0.000968137296413242
97.359025,0.0013270650353082304
97.379025,0.0007673447555870438
97.399024,0.0019588599070730905
97.419024,0.0027500487182587664
97.439024,0.002528486946695105
97.459024,0.0036062491844382413
97.479024,0.002781633799838835
97.499023,0.001603428671639277
97.519023,0.0011530090912391074
97.539023,0.0013126594408881251
97.559023,0.0019363657345641589
97.579023,0.003163218881413463
97.599023,0.004842612820776674
97.619022,0.005684664102818836
97.639022,0.006181144289286813
97.659022,0.005600514918645724
97.679022,0.0051296757578436075
97.699021,0.004354570862770141
97.719021,0.004021004429208998
97.739021,0.0035738249420253707
97.759021,0.0025442212124034257
97.779021,0.0038678342660174447
97.799021,0.003940957809124381
97.81902,0.004890817948992068
97.83902,0.0059248738930454455
97.85902,0.00501755454573888
97.87902,0.005430864569078134
97.899019,0.004541400699620127
97.91902,0.004065736363944597
97.939019,0.002942962471154517
97.959019,0.0016821699303317258
97.979019,0.0017121466203154133
97.999019,0.0007933121214644683
98.019018,0.0018810976692723897
98.039018,0.0017102118883760263
98.059018,0.001632636130822285
98.079018,0.0031866687648741026
98.099017,0.004530002098233344
98.119017,0.005571843590078054
98.139017,0.006496132634351753
98.159017,0.006904267832450806
98.179017,0.00591520023338084
98.199016,0.005707904196069685
98.219016,0.005372939161116651
98.239016,0.003401657109845423
98.259016,0.002381843590060521
98.279016,0.0009710044292529959
98.299016,-0.0006133312350709247
98.319015,-0.000321722843483791
98.339015,-0.00031815640994120175
98.359015,-0.0009078533796852965
98.379014,-0.0008691121209538685
98.399014,0.0010198855480250122
98.419014,0.0019368319349745919
98.439014,0.0028063424244967362
98.459014,0.0034957363638827227
98.479014,0.0028804449885934725
98.499013,0.003493964802101324
98.519013,0.004924034732152017
98.539013,0.004817764335871142
98.559013,0.0036950370631227943
98.579013,0.003402985781096539
98.599012,0.0025032888114233168
98.619012,0.003192169930352899
98.639012,0.0022467853149907794
98.659012,0.001550305128534846
98.679012,0.0002953400935857991
98.699011,-0.0015960818178339937
98.719011,-0.0005991121208532592
98.739011,0.0008987433569745515
98.759011,0.0012339648021791084
98.779011,0.002612496270706449
98.799011,0.0034729857811991206
98.81901,0.00491809067632049
98.83901,0.004387018415261915
98.85901,0.004987601165846816
98.87901,0.0041295125877596145
98.899009,0.0025050603733059477
98.919009,0.00252081794906296
98.939009,0.003329279487474044
98.959009,0.002396039394234264
98.979009,0.0029804916086800643
98.999008,0.0031560393942134113
99.019008,0.003517018415182594
99.039008,0.003190584848759099
99.059008,0.0026792794874434867
99.079008,0.0024621466203076183
99.099007,0.0021252701634241382
99.119007,2.2333100481018313e-05
99.139007,0.0009964356645887531
99.159007,-7.61750579904343e-05
99.179007,-0.0002692519810346326
99.199007,0.0008999321681635417
99.219006,0.0012043610726066613
99.239006,0.000249489277774424
99.259006,-0.00040997459169080834
99.279006,0.0009819368302123861
99.299006,0.0018269717952529593
99.319005,0.002115013753261994
99.339005,0.0035884170166521553
99.359005,0.004801983450204831
99.379005,0.00391743799564911
99.399004,0.0034769484851385696
99.419004,0.0008991396273268908
99.439004,0.0007672515154579988
99.459004,5.5759673956230456e-05
99.479004,-5.260862440558886e-05
99.499003,-0.00011270186447378031
99.519003,0.0007114939397049854
99.539003,0.000934524242754141
99.559003,0.002932100000331132
99.579003,0.002031796970039069
99.599002,0.0016870883453145745
99.619002,0.0008820766903038532
99.639002,0.0012697689980121596
99.659002,0.0012153867136203643
99.679002,0.0012387433569879995
99.699002,-0.0003021890439288185
99.719001,0.0001786034968598489
99.739001,-0.0006488790206238318
99.759001,0.00020974568800185514
99.779001,-0.00017041748213643144
99.799001,-0.0010023522140912963
99.819,-0.001354566666329169
99.839,-0.0010396715614409738
99.859,0.001470701398910023
99.879,0.0015069484851604658
99.898999,0.001618044056246382
99.918999,0.0035613074594907316
99.938999,0.0044245475527371105
99.958999,0.004223288811504191
99.978999,0.0032064822847059694
99.998998,0.0011846641028603081
100.018998,0.0013829624711345
100.038998,0.0026477410259189314
100.058998,0.0029592095574040443
100.078998,0.0009027526809493723
100.098998,0.002281773659975589
100.118997,0.0029435918417960788
100.138997,0.003247321445566043
100.158997,0.0016424729607249114
100.178997,0.0013082538464899444
100.198996,0.0017525428907628658
100.218996,0.0019546641028815198
100.238996,0.0025038249420301748
100.258996,0.0024505848487782174
100.278996,0.001967251515415422
100.298995,0.0026328925410761344
100.318995,0.0026939181821157136
100.338995,0.003024827273033114
100.358995,0.003407437995632384
100.378995,0.0036839881121939607
100.398994,0.00470333543154193
100.418994,0.003383009091225936
100.438994,0.002117484615683687
100.458994,0.0022029857811793965
100.478994,0.0020066221448048413
100.498994,0.001927204895381398
100.518993,0.001049629137788908
100.538993,0.0020286967368411913
100.558993,0.0017385801867410727
100.578993,0.002394081352269506
100.598993,0.0030725428907353233
100.618992,0.002119232867452435
100.638992,0.002045806294025213
100.658992,0.0022912142194214634
100.678992,0.002827997436165976
100.698992,0.002641633799779954
100.718991,0.0014554100235305825
100.738991,0.0010108878790103092
100.758991,0.00029897645713348043
100.778991,0.0008059461541323248
100.79899,-0.0005622822840681783
100.81899,-0.0009015130532756464
100.83899,-0.0003066645684158335
100.85899,-0.0013355223772529307
100.87899,-7.452004626116014e-05
100.898989,0.0015480207462965122
100.918989,0.003775573193816527
100.938989,0.004537717715948562
100.958989,0.005416808625020578
100.978989,0.0057218902100744495
100.998989,0.002909372727530857
101.018988,0.00206983892799293
101.038988,0.0018815871797373434
101.058988,0.0005675312357167252
101.078988,0.0013242212124063967
101.098988,0.002186458974667816
101.118987,0.002452449650677002
101.138987,0.0021283937066389064
101.158987,0.0012822864805255986
101.178987,0.0021838249420367234
101.198987,2.347529168180687e-05
101.218986,0.00046638904459244963
101.238986,0.0012856198138001655
101.258986,0.0023656431238076757
101.278986,0.0020981606063088243
101.298985,0.0020486268067606934
101.318985,0.0010416571098248173
101.338985,0.0006090696972414741
101.358985,-0.00042060396241948425
101.378985,-7.666899477689086e-06
101.398984,-0.0001387158505090088
101.418984,-0.0008923755241739076
101.438984,0.0005834752916751176
101.458984,0.001520724708895548
101.478984,0.00109042167860407
101.498983,0.001215433333615986
101.518983,-0.00016575547756516869
101.538983,3.2239860421067607e-05
101.558983,0.0008867386949450772
101.578983,0.0019111209793306698
101.598983,0.0036395125877289646
101.618982,0.0037900487182464947
101.638982,0.00437561981381153
101.658982,0.004562636130827384
101.678982,0.004573242191454369
101.698982,0.0038901652683964788
101.718981,0.001384058042300446
101.738981,0.0010468319350793284
101.758981,0.0020763657346325806
101.778981,0.0018912841495561134
101.79898,0.0025525662008269866
101.81898,0.002718999767209765
101.83898,0.0024198156180071703
101.85898,0.0028969951051993257
101.87898,0.002544640792835727
101.89898,0.0024935452217504377
101.918979,0.0024818435900539697
101.938979,0.002231354079556103
101.958979,0.002476901865103521
101.978979,0.0017601885783839497
101.998978,0.002608859907035276
102.018978,0.0030222398604225534
102.038978,0.003555852914046247
102.058978,0.003518440326640666
102.078978,0.0029937550119566213
102.098977,0.003365246853467203
102.118977,0.0036931023313174992
102.138977,0.0027909111891198306
102.158977,0.0016010976692961395
102.178977,0.0018493960375813652
102.198977,0.003644384382579449
102.218976,0.0033572282054301094
102.238976,0.003272985781168763
102.258976,0.002414081352234911
102.278976,0.001620608158789171
102.298975,0.0002001419583169007
102.318975,-0.0012981097899257908
102.338975,-0.0018301377619535646
102.358975,-0.002985592307395848
102.378975,-0.0013536109554060814
102.398974,0.0007323097905271127
102.418974,0.00025631911452076643
102.438974,0.00012340536160921256
102.458974,-0.0005014897432791308
102.478974,-0.0007607438224998274
102.498973,-0.0011925386942889206
102.518973,-0.0012798347315696702
102.538973,-0.0020565013982709267
102.558973,-0.0014058720276353789
102.578973,0.00039100442921265926
102.598972,0.0028917736599544932
102.618972,0.003182682750865292
102.638972,0.004045969464141743
102.658972,0.00394051491869056
102.678972,0.003742612820811109
102.698972,0.003337391375614212
102.718971,0.0024461792544181963
102.738971,0.0018115405597668725
102.758971,0.0023828692311243832
102.778971,0.0010663890446231017
102.79897,0.0016995125877440193
102.81897,0.0017972282054874735
102.83897,0.0018424729607149884
102.85897,0.00010042167865281695
102.87897,0.00011137738959676789
102.898969,-0.0007712333330084356
102.918969,0.0014533354315624599
102.938969,0.0017383937066038245
102.958969,0.002813894872124987
102.978969,0.0025583237765514754
102.998968,0.004053428671649959
103.018968,0.0041908179490495875
103.038968,0.004316155944387021
103.058968,0.002548953147176415
103.078968,0.001978440326665025
103.098967,0.0013871815854203428
103.118967,0.002580211888437326
103.138967,0.003039349417573714
103.158967,0.004680188578438676
103.178967,0.005051237529486816
103.198967,0.006426878555131541
103.218966,0.007226155944402864
103.238966,0.006616319114574528
103.258966,0.005130864569117399
103.278966,0.005185153613385979
103.298965,0.004802030070231193
103.318965,0.00446848694667369
103.338965,0.0035782538464409737
103.358965,0.002400165268357672
103.378965,-0.00012885571068065363
103.398964,-0.0008302076920268218
103.418964,-0.0010018160836333715
103.438964,-0.002710580652384749
103.458964,-0.0015108137526285668
103.478964,0.0006844310025773435
103.498963,0.0024054333335599663
103.518963,0.0029646174827712857
103.538963,0.002908183916350878
103.558963,0.004861470629646232
103.578963,0.0030206780888514745
103.598962,0.003648230536420132
103.618962,0.00409781095601559
103.638962,0.0031503284385242946
103.658962,0.0034025895107638094
103.678962,0.0023374146855715356
103.698961,0.003617204895370532
103.718961,0.0019999088581090342
103.738961,0.0006989531471550441
103.758961,0.0021084403266696528
103.77896,0.0018423797206219836
103.79896,0.004297717715951884
103.81896,0.004909838928075265
103.83896,0.00501296247116529
103.85896,0.005021144289332281
103.87896,0.0032279508161579284
103.898959,0.003724058042263956
103.918959,0.0013734519816533224
103.938959,0.00019580629401391296
103.958959,-0.0004038207455933096
103.978959,-0.0009832146849925454
103.998958,0.00018447762268787322
104.018958,0.002322123310342618
104.038958,0.0035150603732830264
104.058958,0.0049534286716683765
104.078958,0.0036604216786637065
104.098958,0.0037748738931078617
104.118957,0.003344897203113809
104.138957,0.0037601419583495207
104.158957,0.001437204895411168
104.178957,0.00042680862500754874
104.198956,0.002100468298656801
104.218956,0.003163335431512759
104.238956,0.003146831935029199
104.258956,0.004676528904708742
104.278955,0.0017032421914016656
104.298955,0.0016761792543561747
104.318955,0.0026308412590136014
104.338955,0.0025509344991002927
104.358955,0.0014558529140454956
104.378955,0.0018082771564963385
104.398955,0.002537181585419203
104.418954,0.0008897223779593883
104.438954,0.00037335874162583254
104.458954,0.0005752235434765333
104.478954,-0.0004877601395428507
104.498953,0.0003042212124386649
104.518953,0.002220118648322008
104.538953,0.0018839414921032025
104.558953,0.0028558762240432772
104.578953,0.004080631468799976
104.598953,0.0038638249419822033
104.618952,0.004357880886035767
104.638952,0.005204384382568196
104.658952,0.005177391375558008
104.678952,0.004005246853387854
104.698951,0.0035191629373386613
104.718951,0.003998300466473845
104.738951,0.002761913520076652
104.758951,0.0026538715620641994
104.77895,0.0033789531471473716
104.79895,0.003966878555061306
104.81895,0.005306692074891071
104.83895,0.005520281818498592
104.85895,0.0037279041961115296
104.87895,0.0018996058278080202
104.898949,0.0029767153849160244
104.918949,0.0025654566436451335
104.938949,0.002421866900056983
104.958949,0.0026000254082262624
104.978949,0.0031993960375930925
104.998948,0.0028240580422465977
105.018948,0.0013366920748934745
105.038948,-0.0001003475521591399
105.058948,-0.0008573172491299452
105.078948,-0.0007952193470658631
105.098948,0.002562030070174211
105.118947,0.002932030070187177
105.138947,0.0031076944058537406
105.158947,0.003297554545732208
105.178947,0.003143988112170296
105.198946,0.001813265501472089
105.218946,0.0017680440562641148
105.238946,0.0018318902100990656
105.258946,0.0032590230772407813
105.278945,0.001729489277670466
105.298945,0.003025782983958322
105.318945,0.001846692074848189
105.338945,0.0009417037298344103
105.358945,0.0012476477857729547
105.378945,0.0005221466202739123
105.398944,0.00044522354338127445
105.418944,0.001030817949026273
105.438944,0.00169335874158292
105.458944,0.0021997223779592133
105.478944,7.596946419979726e-05
105.498944,0.00010517692342149596
105.518943,0.0008367620049970449
105.538943,0.0021238482520604075
105.558943,0.0015160627042590936
105.578943,0.0014282538464631084
105.598942,0.0021172048954105033
105.618942,0.001888720046954494
105.638942,0.002701167599392939
105.658942,0.0021907713289904826
105.678941,0.0016134519816468208
105.698941,0.00186718158538773
105.718941,0.0035858762240615965
105.738941,0.005255223543409382
105.758941,0.005917741025931118
105.778941,0.0055865522147378836
105.79894,0.005646901865083568
105.81894,0.005805293473496634
105.83894,0.005777134965350387
105.85894,0.003082636130861911
105.87894,0.00277119090943662
105.898939,0.003474314452579028
105.91894,0.004387601165842133
105.938939,0.004668836597078256
105.958939,0.004215363403600383
105.978939,0.002812053380269064
105.998939,0.0026261792543972877
106.018938,0.0027082072264227423
106.038938,0.0014598389280474165
106.058938,0.00036307902128567416
106.078938,0.0020639181821369536
106.098937,0.0036275079256936605
106.118937,0.003225549883708997
106.138937,0.0029211209792982086
106.158937,0.0033108645690621574
106.178937,0.00454305571126513
106.198936,0.005782239860453524
106.218936,0.0070017736600062
106.238936,0.005677391375605282
106.258936,0.005947997436202829
106.278936,0.005744058042254153
106.298935,0.0062559694641520355
106.318935,0.004004524242725899
106.338935,0.0030776710958845014
106.358935,0.0024312841495023967
106.378935,0.0014736617718994918
106.398934,0.0031392561774858186
106.418934,0.0035411209793562767
106.438934,0.0031851769234056376
106.458934,0.002719908858128221
106.478934,0.002118626806843135
106.498934,0.002680794639025834
106.518933,0.0023632188814335445
106.538933,0.0020714939397025946
106.558933,0.001195363403569697
106.578933,0.0009032188814265864
106.598932,0.0006876477858321157
106.618932,0.0007395592077497462
106.638932,0.0009448039629930673
106.658932,-0.00014293496473920123
106.678931,-0.000150091141886851
106.698931,0.0008325895107985149
106.718931,0.0018523097904920023
106.738931,0.0024047806529682936
106.758931,0.002151633799800714
106.778931,0.0025766687648167566
106.79893,0.00190538671351601
106.81893,0.0037231955713257514
106.83893,0.0033121932403180434
106.85893,0.003131307459462298
106.878929,0.003989652447838651
106.898929,0.0027845475527478814
106.918929,0.00102142400964068
106.938929,0.0015123564105722275
106.958929,0.0013416571098719436
106.978929,0.0015447340329290558
106.998928,0.0014230324012294057
107.018928,0.0021055265737118458
107.038928,0.002336249184422228
107.058928,0.0019145475527220918
107.078928,0.001989815618004177
107.098927,-0.0015856156174270785
107.118927,-0.0014539372957372365
107.138927,-6.291608111700059e-06
107.158927,0.0016050836832848104
107.178926,0.002810701398888696
107.198926,0.0031194426576555416
107.218926,0.004670911189115809
107.238926,0.0074051069932900716
107.258926,0.007123009091191006
107.278925,0.007291493939693029
107.298925,0.004331563869779895
107.318925,0.0037913307695491586
107.338925,0.0010854100236066572
107.358925,0.0025317270399407973
107.378925,0.0019949438231496447
107.398924,0.0016338016320187644
107.418924,0.003127298135517687
107.438924,0.004609815618012838
107.458924,0.00338645897467135
107.478924,0.00239911631734688
107.498923,0.0011705149187309478
107.518923,0.0006895825177895233
107.538923,-0.000439135430950276
107.558923,0.0005729857811590901
107.578923,-0.0013607205125427389
107.598922,-0.0017003475521735676
107.618922,-0.0004197181815497196
107.638922,-0.0012014431232752797
107.658922,-0.0018370375288332616
107.678921,-0.000670953612735973
107.698921,0.001268836597045012
107.718921,0.003164081352298667
107.738921,0.004877461305678157
107.758921,0.004939489277702695
107.778921,0.004621936830170757
107.79892,0.006553591841833903
107.81892,0.007263055711283669
107.83892,0.005939978788216086
107.85892,0.00468461748287389
107.87892,0.0034776244758918246
107.898919,0.002256179254435732
107.918919,0.0009259927742320219
107.938919,0.000284407692649729
107.958919,-0.000606967598728125
107.978919,-0.001055335897097562
107.998918,0.0001969251751395098
108.018918,0.0014365988347652976
108.038918,0.000939046387183247
108.058918,-0.000397293939156653
108.078918,0.001119046387205269
108.098917,0.0019523097904605405
108.118917,0.001133451981616363
108.138917,0.0014082305364362916
108.158917,0.0021693727275897273
108.178916,0.0005975312357665945
108.198916,0.001125316783538805
108.218916,0.0017179741261891578
108.238916,0.0008503517485583075
108.258916,0.0011293727275585382
108.278916,0.0029300254082055962
108.298915,0.003385223543386036
108.318915,0.0024915172496963152
108.338915,0.003808650116832729
108.358915,0.004435223543407347
108.378915,0.003897927506124279
108.398914,0.003130817949020664
108.418914,0.0014325895108137964
108.438914,0.0017032421914652664
108.458914,0.0023249438231512393
108.478914,0.002760981119194306
108.498913,0.002991167599366731
108.518913,0.0023218435900397533
108.538913,0.004750608158783287
108.558913,0.004558720046903168
108.578913,0.005474407692579694
108.598912,0.0037202351984120734
108.618912,0.0011767386949077402
108.638912,-0.00030640815824911237
108.658912,-0.0006665247083802613
108.678912,-0.0005523055941574876
108.698911,-0.0006934710953190363
108.718911,-0.00128158298343488
108.738911,-0.0003954291372721782
108.758911,-0.0007247531465740484
108.77891,9.797412615367336e-05
108.79891,-0.0010235876454193962
108.81891,-0.0009447065265524601
108.83891,0.00032102773917466905
108.85891,0.0017354100235365132
108.87891,0.003182752680910135
108.898909,0.0036402118883851597
108.918909,0.0029599088580703086
108.938909,0.0021766687648609832
108.958909,0.0017838482520464295
108.978909,0.001901027739232172
108.998908,0.0016633587415553106
109.018908,0.0028628459210340686
109.038908,0.0031886034967795697
109.058908,0.0022710277392022082
109.078907,0.0012314473196547316
109.098907,0.0008283470865466611
109.118907,0.0007232655014606072
109.138907,-0.0011473871791952213
109.158907,-0.0007619559437767295
109.178907,-0.0008819093237304212
109.198906,-0.0005271074589440002
109.218906,-0.0008990188808741625
109.238906,0.0006377410258928855
109.258906,0.0011871582753206237
109.278905,0.0022466221447972807
109.298905,0.0039670883452657965
109.318905,0.004055013753219378
109.338905,0.004312239860453793
109.358905,0.004688580186795848
109.378905,0.0034091629373863615
109.398905,0.0030417037299077724
109.418904,0.0014321932404005064
109.438904,0.001773871562064188
109.458904,0.0007522631704343548
109.478904,-0.00012794661977173766
109.498904,-0.0007985759903986612
109.518903,-0.001178762470563379
109.538903,-0.0002498580416408975
109.558903,0.0001530324012626825
109.578902,0.001056645454896692
109.598902,0.0025804216786789176
109.618902,0.003229372727626071
109.638902,0.0036792328674645023
109.658902,0.004516295804509714
109.678902,0.00525100442921523
109.698901,0.004620724708916116
109.718901,0.0044457596739428465
109.738901,0.0031024729606725088
109.758901,0.002410608158818187
109.778901,0.001865363403586859
109.7989,0.0016966687648861762
109.8189,0.0024478808860964514
109.8389,0.003032356410572393
109.8589,0.003888160606359248
109.8789,0.004327321445514262
109.898899,0.002141167599358818
109.918899,0.0022510277392421025
109.938899,0.001792216550448191
109.958899,0.0004600487182744909
109.978899,0.0014589997672082538
109.998898,0.002340584848772916
110.018898,0.00411510699329075
110.038898,0.005732542890717195
110.058898,0.0045778808860416015
110.078897,0.0034022631704059628
110.098897,0.0010603284384813356
110.118897,0.0015011675993581346
110.138897,0.0006711675993760468
110.158897,0.0008414006996102473
110.178896,0.0018283470865670078
110.198896,0.0024526128208339298
110.218896,0.0034427759910073013
110.238896,0.003981773659995655
110.258896,0.003203545221774731
110.278896,0.0038961093243112177
110.298895,0.0038378109560058063
110.318895,0.003659675757878858
110.338895,0.003138906527108961
110.358895,0.00323694848513182
110.378895,0.0034613074594972825
110.398894,0.004769116317289768
110.418894,0.004102169930358789
110.438894,0.0021524496506330547
110.458894,0.0036535452217298795
110.478894,0.004488137296305168
110.498893,0.003953055711232021
110.518893,0.0021834519816588743
110.538893,0.0014596757578926088
110.558893,0.0007239648021846422
110.578892,0.0016772515154760796
110.598892,0.0014099088581077256
110.618892,0.0006625895107856957
110.638892,-0.0008259885777950395
110.658892,0.0006554799536495679
110.678892,0.0008588132869831127
110.698891,0.0010831256412957126
110.718891,0.0013836151517733427
110.738891,0.0023056664338218192
110.758891,0.003040235198402138
110.778891,0.0028953167834759506
110.79889,0.0034632421913921496
110.81889,0.002934920513074032
110.83889,0.001052030070217699
110.85889,0.0006131023312983769
110.87889,0.0006024729606788825
110.898889,0.0014976710958577385
110.918889,0.002106878555034973
110.938889,0.002337228205358496
110.958889,0.002742449650555394
110.978889,0.0033579741260705313
110.998888,0.004291493939604958
111.018888,0.005650701398859724
111.038888,0.00754328881153588
