time,wavelength_shift
0.02,-0.0004136349650373451
0.039999,0.0006989524475251876
0.059999,0.0010872741258315935
0.079999,0.0009368662004167715
0.099999,0.0004332648018156205
0.119999,-0.00023799393943697053
0.139999,-0.0005894158508297118
0.159998,-0.0006441011655248317
0.179998,-0.0012155230769249964
0.199998,-0.0010892993007177991
0.219998,-0.0007260358974488019
0.239998,-0.0003599519813748929
0.259997,-0.0003298587412627594
0.279997,0.00017771701629026442
0.299997,0.0003398382284229871
0.319997,-0.0001269216783435648
0.339997,3.585221443648079e-05
0.359996,-0.0005607445221703501
0.379996,-0.0012594391608558148
0.399996,-0.001100954312367765
0.419996,-0.0010813738927811303
0.439996,-0.0009048004662162512
0.459995,-0.0007727491841618108
0.479995,-0.00016251608392919446
0.499995,-0.00014906620048517826
0.519995,-0.00010239953382874178
0.539994,0.00044888251743948005
0.559994,0.0003428452214096678
0.579994,0.0002743137528842717
0.599994,0.00046345128202976286
0.619994,0.0004952927738459838
0.639993,0.0009434046619347471
0.659993,0.0007120526805838634
0.679993,0.00012326480181122561
0.699993,-0.0003443109557505669
0.719993,-0.0002549403263559423
0.739992,0.0002936144521982525
0.759992,0.0003064116550060762
0.779992,7.717016288575598e-06
0.799992,-0.00034211981355912664
0.819992,0.00016813659666248173
0.839991,0.000756691375207908
0.859991,0.000507180885712031
0.879991,0.0004316331001806123
0.899991,9.209930066504886e-05
0.919991,0.0004976703962303233
0.939991,0.0007506773892456763
0.95999,0.0002159920745444787
0.97999,-0.0003345673660193871
0.99999,-0.0005441477855921959
1.01999,-2.5896037354625182e-05
1.039989,6.66447551857284e-05
1.059989,2.9372027908523965e-05
1.079989,0.00037774032626914196
1.099989,0.00017263543117009808
1.119989,0.0004127519812756125
1.139988,0.0003720993006481886
1.159988,0.0003675771561289812
1.179988,0.0003959221444813767
1.199988,0.0010523090908705639
1.219988,0.001040770629345334
1.239988,0.0008848498834122632
1.259987,0.0009206307691796622
1.279987,0.0008101412586988062
1.299987,0.0006331016316795039
1.319987,0.0003487193473023534
1.339987,-5.9788811181438485e-05
1.359986,-6.887972026529553e-05
1.379986,-0.00013703822842715303
1.399986,0.0006313300699526957
1.419986,0.000403497902144009
1.439986,0.0003930083916412314
1.459985,0.000719535198155611
1.479985,0.0006480666666560468
1.499985,0.0003423324009098023
1.519985,-0.0002117235431735396
1.539984,-0.0006212806527354348
1.559984,-0.0005483668998271583
1.579984,-0.0004865254079896885
1.599984,-0.00029006853154279956
1.619984,-0.000711630303084348
1.639983,-0.000731094172557377
1.659983,-0.0006872713287285732
1.679983,-0.0008584368299108408
1.699983,-0.0009954764569389118
1.719983,-0.0008612107226703099
1.739982,-0.0006310242424554843
1.759982,-0.00018228298369759856
1.779982,0.0003785561771645544
1.799982,0.0005309104895099856
1.819982,0.00025074731935666725
1.839982,-4.622237761268623e-05
1.859981,2.3917482536121027e-05
1.879981,8.251888110404736e-05
1.899981,-0.0002829822844018324
1.919981,-0.00034880979024705296
1.939981,-0.0006655696970186617
1.95998,-0.00043692167835908375
1.97998,-0.00023643216787013198
1.99998,5.044428899383393e-05
2.01998,0.0005523090908688708
2.039979,0.0007893720279533922
2.059979,0.001244034032638276
2.079979,0.0009360620046551489
2.099979,0.0007726820512843532
2.119979,0.0007686960372988628
2.139978,0.0005953860139817275
2.159978,0.00079349790209747
2.179978,0.0006641272727116141
2.199978,0.0007659454545287243
2.219978,0.00109119020979344
2.239977,0.0007449198135333774
2.259977,0.0003442205128281276
2.279977,-9.496363638034769e-05
2.299977,-0.00016144382285063045
2.319977,-0.0006656163170307136
2.339977,-0.000414217715649902
2.359976,-0.00012997529140907848
2.379976,5.263543120753447e-05
2.399976,-0.00038184009325544356
2.419976,-0.0003150335664225436
2.439976,-0.00029542983681318786
2.459975,-0.0002820032633918927
2.479975,-0.00017699160836181176
2.499975,-0.00024139720276539052
2.519975,-6.654871793752836e-05
2.539974,0.0003496517482668509
2.559974,0.0007865048951030383
2.579974,0.001235922144519838
2.599974,0.0011551762237546471
2.619974,0.0012591156176839037
2.639973,0.001353474592052159
2.659973,0.000602658741237683
2.679973,0.0005671808857656591
2.699973,0.0002732181817718564
2.719973,-0.00037459067603333945
2.739972,-0.0009096722611207969
2.759972,-0.0009151734266388137
2.779972,-0.0006231221445637972
2.799972,-0.0002903715618159144
2.819972,4.016456871780698e-05
2.839971,0.0002466913752584927
2.859971,5.009463867527682e-05
2.879971,0.0005279501165242263
2.899971,0.00039802004659306254
2.919971,0.00015582890439858358
2.93997,-0.00043610582755271293
2.95997,-0.0005579240093543085
2.97997,-0.0005851734265942885
2.99997,-0.0003074344988596221
3.01997,-0.00019913613057020627
3.039969,0.00023440699298392517
3.059969,0.0001565515151474604
3.079969,0.00018566573426078434
3.099969,-6.887972025416533e-05
3.119969,5.242564104756479e-05
3.139968,-0.000648017249397638
3.159968,-0.0005570382284352533
3.179968,-0.0010227491841793526
3.199968,-0.0009080871795201069
3.219968,-0.0008703249417657578
3.239968,-0.0001337748252350599
3.259967,-0.00041149044294700517
3.279967,-0.0003694158508779395
3.299967,-0.0006303482517854405
3.319967,-0.00013934592077671955
3.339967,-0.00026904289048067183
3.359966,-2.3355244822367426e-05
3.379966,-0.00042239953385876395
3.399966,-0.0002907212121678619
3.419966,-4.328531474981969e-05
3.439965,0.0003780200465417962
3.459965,-0.00036086107231666934
3.479965,-0.0004463855478510002
3.499965,-0.0003832153846627732
3.519965,6.95818181487666e-05
3.539964,-8.983543124812968e-05
3.559964,-1.840093249704639e-06
3.579964,0.0002117729603651672
3.599964,0.00011526946385091422
3.619964,-0.00010661864805257397
3.639963,-0.00019752773894679521
3.659963,-0.0007790662004861987
3.679963,-0.0004194158508502834
3.699963,-5.1723543152963435e-05
3.719963,4.687785546184506e-05
3.739962,0.00011387086248764442
3.759962,-6.419440558703991e-05
3.779962,0.00024883589743788116
3.799962,-0.00042291235431410877
3.819962,-0.0006689263403461601
3.839962,-0.000492469463894887
3.859961,6.566573422030935e-05
3.879961,0.0003098149183790169
3.899961,0.00038452354309247383
3.919961,0.0005059687645305305
3.93996,0.0003929151514946959
3.95996,2.5339393910981723e-05
3.97996,0.00019697109554767263
3.99996,0.018689208857765923
4.01996,-0.00388556969704737
4.039959,-0.022846222377712153
4.059959,-0.03720549976698742
4.079959,-0.047774054545526565
4.099959,-0.05356577948723852
4.119959,-0.053835616317083085
4.139959,-0.04849976550121474
4.159958,-0.03260288904434121
4.179958,-0.020916012587446582
4.199958,-0.0022778074592447175
4.219958,-0.021220931002356253
4.239957,-0.027059975291387855
4.259957,-0.02938631561771505
4.279957,-0.03312396130537203
4.299957,-0.034147854079251326
4.319957,-0.03502207319350148
4.339957,-0.03324093100236282
4.359956,-0.02972804055948459
4.379956,-0.035345919347369005
4.399956,-0.03521100093245096
4.419956,-0.03338230629374953
4.439955,-0.03590981212124897
4.459955,-0.03452934592077429
4.479955,-0.03592533659676658
4.499955,-0.035624031235441236
4.519955,-0.0364195324009358
4.539954,-0.03568214312352619
4.559954,-0.03551081445220342
4.579954,-0.03528225967366918
4.599954,-0.035152469463887594
4.619954,-0.0345401151515635
4.639954,-0.03402202657349028
4.659953,-0.03437871655020351
4.679953,-0.0345621664336508
4.699953,-0.03487172354320441
4.719953,-0.0342199286714026
4.739953,-0.03408936923084365
4.759952,-0.03454100093245871
4.779952,-0.03461549976692527
4.799952,-0.03514813379953956
4.819952,-0.034777574358970685
4.839952,-0.035451094172494535
4.859951,-0.03593512680654267
4.879951,-0.03574766759908823
4.899951,-0.03577612913758338
4.91995,-0.035718413519886805
4.93995,-0.03544526666676018
4.95995,-0.035200418181895454
4.97995,-0.03450323869469217
4.99995,-0.034480021911447084
5.01995,-0.03402652540794701
5.039949,-0.034725196736600225
5.059949,-0.03486985874124361
5.079949,-0.03529750442889612
5.099949,-0.035546385547781174
5.119949,-0.036445406526799194
5.139948,-0.03657932261074393
5.159948,-0.03632860000002416
5.179948,-0.036079882051324653
5.199948,-0.03554440419585147
5.219948,-0.035473355244826074
5.239947,-0.03550156037299815
5.259947,-0.03478284242425884
5.279947,-0.034512586014000514
5.299947,-0.03490906620047081
5.319947,-0.03571591934733321
5.339947,-0.03625426433569703
5.359946,-0.03626235291380812
5.379946,-0.036403331934800616
5.399946,-0.03580715477863934
5.419945,-0.03537580279728725
5.439945,-0.0349303948718405
5.459945,-0.03423482377625267
5.479945,-0.034059019580440233
5.499945,-0.03395151375294242
5.519945,-0.034227411188847666
5.539944,-0.034835429836860825
5.559944,-0.035020418181855945
5.579944,-0.03497801724944758
5.599944,-0.03498598927743287
5.619944,-0.03527603589749239
5.639943,-0.03588790069934994
5.659943,-0.03597160699304577
5.679943,-0.03626237622381547
5.699943,-0.03560552307698246
5.719943,-0.03573862331006942
5.739942,-0.03541762097904596
5.759942,-0.03507216643358909
5.779942,-0.034860861072300464
5.799942,-0.03470419440563502
5.819942,-0.03456911282057647
5.839942,-0.03471209650354419
5.859941,-0.03474060466203655
5.879941,-0.03541449743593189
5.899941,-0.035372446153899326
5.91994,-0.036117924009370736
5.93994,-0.036527620979066304
5.95994,-0.036730021911461325
5.97994,-0.03641955571098343
5.99994,-0.036011630303046466
6.01994,-0.03544246946388259
6.039939,-0.034881373892763086
6.059939,-0.03451622237759537
6.079939,-0.034666432167808056
6.099939,-0.03497515011654741
6.119939,-0.035341560372984464
6.139939,-0.03555368158512133
6.159938,-0.035511467132897385
6.179938,-0.03543853006995526
6.199938,-0.03524235291380275
6.219938,-0.03503277249421404
6.239937,-0.03477475384618856
6.259937,-0.034536991608425056
6.279937,-0.03472039487183327
6.299937,-0.03517277249421569
6.319937,-0.03489333193477415
6.339936,-0.034850255011685136
6.359936,-0.03515020839162163
6.379936,-0.03514787738929386
6.399936,-0.03509668857811822
6.419935,-0.03497953240097216
6.439935,-0.034586199067658266
6.459935,-0.0341930988345716
6.479935,-0.03420906620052515
6.499935,-0.034553495104923455
6.519934,-0.03434400792541927
6.539934,-0.03492622237761759
6.559934,-0.03475992867129535
6.579934,-0.03492058135194098
6.599934,-0.03509391468529197
6.619934,-0.035116688578091575
6.639934,-0.03527839020980419
6.659933,-0.0355240545454509
6.679933,-0.035606548717931306
6.699933,-0.035935686247079504
6.719933,-0.035679858741259236
6.739932,-0.035366688578097986
6.759932,-0.03449911282051257
6.779932,-0.03415258601399145
6.799932,-0.03382727132866971
6.819932,-0.03414915944055127
6.839931,-0.03420055804194253
6.859931,-0.0344916069929849
6.879931,-0.034909648951051024
6.899931,-0.03515780745922907
6.91993,-0.03565277249421169
6.93993,-0.03525580279726426
6.95993,-0.03519018508164579
6.97993,-0.03503974219117463
6.99993,-0.03516386806528127
7.01993,-0.03540396130536406
7.039929,-0.03531365827504947
7.059929,-0.03529918275056119
7.079929,-0.035671537062914045
7.099929,-0.03586827365963359
7.119929,-0.03615925268061891
7.139929,-0.03551508018643613
7.159928,-0.0353587631701168
7.179928,-0.03533074452209363
7.199928,-0.035167224708586506
7.219928,-0.035187131468502365
7.239928,-0.03492046480184964
7.259927,-0.03468687505828413
7.279927,-0.03499645547787954
7.299927,-0.03519491701635836
7.319927,-0.03535955571100062
7.339926,-0.036008763170213606
7.359926,-0.036453262004724936
7.379926,-0.036243984615436375
7.399926,-0.03609002191146753
7.419926,-0.0358965487179846
7.439925,-0.035660954312398296
7.459925,-0.035075056876498735
7.479925,-0.03500361165505528
7.499925,-0.03451934592077993
7.519925,-0.034660674592099996
7.539925,-0.03455927599070299
7.559924,-0.03493631561773411
7.579924,-0.034627644289058214
7.599924,-0.0348945207459377
7.619924,-0.035344404195808914
7.639924,-0.03597468391608259
7.659924,-0.03583710815850967
7.679923,-0.03601461398602792
7.699923,-0.03571125734265489
7.719923,-0.03553780745920142
7.739923,-0.03499848344985628
7.759922,-0.035516735198093854
7.779922,-0.03540165361303675
7.799922,-0.03528062797201881
7.819921,-0.03522876317015404
7.839921,-0.0351203948717901
7.859921,-0.034926338927762465
7.879921,-0.03490790069933687
7.899921,-0.035110301631744605
7.91992,-0.035158972960413364
7.93992,-0.035337620979064024
7.95992,-0.03562440419584983
7.97992,-0.03540832027977563
7.99992,-0.035187271328734095
8.01992,-0.03472741118886155
8.039919,-0.03444023170165716
8.059919,-0.034645546386961754
8.079919,-0.03451699160838969
8.099919,-0.034792958974356206
8.119919,-0.034761630303021304
8.139918,-0.034779369230765265
8.159918,-0.035024986946394096
8.179918,-0.03513827365969
8.199918,-0.03554792400934808
8.219918,-0.03525957902099703
8.239917,-0.03523566293707031
8.259917,-0.03546107086248684
8.279917,-0.03529307552450225
8.299917,-0.035350767832194645
8.319916,-0.03539494032636692
8.339916,-0.03552125734268991
8.359916,-0.03550202657346636
8.379916,-0.03584477715620542
8.399916,-0.035633145454541985
8.419916,-0.03527547645685857
8.439915,-0.0351915603729397
8.459915,-0.03544517342657231
8.479915,-0.035472189743595145
8.499915,-0.0352218400932495
8.519915,-0.035016152447572356
8.539914,-0.03496710815851781
8.559914,-0.03510300559441028
8.579914,-0.03537839020979976
8.599914,-0.03517953240092249
8.619914,-0.03501846013985144
8.639914,-0.03500992867133992
8.659913,-0.03567841351983674
8.679913,-0.03520589603732344
8.699913,-0.03501811048955196
8.719913,-0.0348723529137829
8.739912,-0.03504302890443767
8.759912,-0.0352052899766887
8.779912,-0.03540267925405557
8.799912,-0.035209695571064625
8.819911,-0.03465573286709071
8.839911,-0.03427102424239884
8.859911,-0.034346641958014325
8.879911,-0.03388512680650314
8.899911,-0.0338028424242304
8.91991,-0.03394379813518374
8.93991,-0.03427904289043116
8.95991,-0.03487706153846373
8.97991,-0.03548181678320848
8.99991,-0.03576193333334232
9.019909,-0.035722562703983114
9.039909,-0.035704613986042605
9.059909,-0.03548570955713223
9.079909,-0.03527573286714878
9.099909,-0.035140558041994056
9.119909,-0.03493929930071768
9.139908,-0.03518540652682471
9.159908,-0.035006572028006055
9.179908,-0.03475156037298634
9.199908,-0.03481866993008599
9.219908,-0.03446829696970881
9.239907,-0.034415732867144916
9.259907,-0.03434067459208004
9.279907,-0.03427678181819859
9.299907,-0.03451503356645249
9.319906,-0.035100977622392726
9.339906,-0.03553279580420719
9.359906,-0.035426898368316355
9.379906,-0.03541589603731053
9.399906,-0.03570274918416502
9.419906,-0.03606487039628359
9.439905,-0.03626044149187979
9.459905,-0.03616601258743542
9.479905,-0.03579575617718312
9.499905,-0.035682842424272485
9.519905,-0.036279998601424626
9.539904,-0.03571419440561156
9.559904,-0.035734450815857105
9.579904,-0.0354425627039634
9.599904,-0.035378110489525515
9.619904,-0.03594151375293151
9.639903,-0.035766828438262704
9.659903,-0.0355307212121654
9.679903,-0.03562193333337725
9.699903,-0.035601070862540954
9.719903,-0.03610417109563134
9.739902,-0.03605636223781705
9.759902,-0.036462749184166435
9.779902,-0.03568561631702082
9.799902,-0.03522072121211649
9.819902,-0.03557836689974273
9.839901,-0.03519657202795407
9.859901,-0.03510435757573181
9.879901,-0.03478936923073153
9.899901,-0.03510246946386596
9.9199,-0.03528894965034174
9.9399,-0.03553885641024984
9.9599,-0.03564354172493745
9.9799,-0.03496293566436538
9.9999,-0.03514820372962521
10.0199,-0.03494433426574417
10.039899,-0.034838250349676865
10.059899,-0.034553215384643385
10.079899,-0.03355384475527202
10.099899,-0.03400822703966358
10.119899,-0.03382675850819687
10.139898,-0.03408713146855906
10.159898,-0.03454752773896373
10.179898,-0.03459976550119363
10.199898,-0.03516232960372973
10.219898,-0.03502682843823253
10.239897,-0.03537181678322385
10.259897,-0.03495309883450728
10.279897,-0.03462787738925681
10.299897,-0.035196805128189235
10.319897,-0.03511813379952626
10.339896,-0.0354486233099997
10.359896,-0.03582776083914409
10.379896,-0.035824241025593936
10.399896,-0.035740651282012245
10.419895,-0.03562482377620581
10.439895,-0.03546736456872862
10.459895,-0.03529654871792056
10.479895,-0.03511626899763172
10.499895,-0.03566484708620863
10.519895,-0.03566442750578852
10.539894,-0.0361439146852836
10.559894,-0.03604605920744039
10.579894,-0.03604757435897292
10.599894,-0.035811327272739286
10.619894,-0.03581622237765542
10.639893,-0.03543974219116962
10.659893,-0.03479020839162741
10.679893,-0.03420559300698864
10.699893,-0.03449286573423887
10.719893,-0.034476572027956086
10.739892,-0.03480076783215383
10.759892,-0.03507405454543745
10.779892,-0.035274101165505826
10.799892,-0.03498167692307841
10.819891,-0.03508976550116651
10.839891,-0.03483160699299781
10.859891,-0.03417253939391407
10.879891,-0.03417053473191765
10.899891,-0.03431013846155317
10.919891,-0.034430861072289515
10.93989,-0.03441815710958106
10.95989,-0.0348593226107574
10.97989,-0.03463638554781821
10.99989,-0.03402559300702174
11.019889,-0.034343075524473854
11.039889,-0.03453053473193572
11.059889,-0.034828390209790734
11.079889,-0.03497766759906224
11.099889,-0.03506135058275072
11.119889,-0.03525703822843456
11.139888,-0.0350660358974364
11.159888,-0.03529631561770766
11.179888,-0.03503151375288322
11.199888,-0.03463477715615187
11.219887,-0.03454151375289656
11.239887,-0.03457340186480381
11.259887,-0.03448519673659453
11.279887,-0.03418605920745222
11.299887,-0.03440668857809166
11.319886,-0.03489281911424036
11.339886,-0.035082329603749386
11.359886,-0.03563239953381332
11.379886,-0.03606825034966773
11.399886,-0.03601615244756356
11.419885,-0.03539776083917925
11.439885,-0.035248483449898206
11.459885,-0.035331327272740104
11.479885,-0.035035173426578706
11.499885,-0.03497086107227449
11.519885,-0.035153495104908526
11.539884,-0.035021560372957096
11.559884,-0.035232842424239956
11.579884,-0.035551816783195515
11.599884,-0.034953238694604385
11.619884,-0.0343194624708319
11.639883,-0.03444552307688906
11.659883,-0.034506828438190695
11.679883,-0.034261070862428716
11.699883,-0.03469405454542747
11.719882,-0.035031560372938204
11.739882,-0.03489925268064019
11.759882,-0.03504820372960473
11.779882,-0.03531981212123017
11.799882,-0.03501589603731978
11.819882,-0.035054870396304914
11.839881,-0.035157620979036706
11.859881,-0.03513990536129691
11.879881,-0.03517976550113327
11.899881,-0.03526475384610791
11.91988,-0.03572967226103921
11.93988,-0.03540743449880304
11.95988,-0.035809742191109446
11.97988,-0.03581484708623113
11.99988,-0.03545223636362218
12.01988,-0.03548869324010149
12.039879,-0.03518377482518759
12.059879,-0.03496762097905
12.079879,-0.03486065128207848
12.099879,-0.03443771421913596
12.119879,-0.03482253939394674
12.139879,-0.03483382144520455
12.159878,-0.035442889044253405
12.179878,-0.035273028904391754
12.199878,-0.03536920606055876
12.219877,-0.03565139720276091
12.239877,-0.03597505687642493
12.259877,-0.03623645547784886
12.279877,-0.03620577948717135
12.299877,-0.03583377482517257
12.319876,-0.035835289976680715
12.339876,-0.03578118741257323
12.359876,-0.035454497435867996
12.379876,-0.035192702564070526
12.399876,-0.034967504428856364
12.419876,-0.03512750442885044
12.439875,-0.03527643216776788
12.459875,-0.03515792400927219
12.479875,-0.035061560372926064
12.499875,-0.035502795804184875
12.519875,-0.035613984615395076
12.539875,-0.035698600000014125
12.559874,-0.0357079240093305
12.579874,-0.03575184009323429
12.599874,-0.03537783076920092
12.619874,-0.03524610582745556
12.639873,-0.03469960233094853
12.659873,-0.034360767832122024
12.679873,-0.03387757435895597
12.699873,-0.03422498694637336
12.719872,-0.034082702564111125
12.739872,-0.034268809790226014
12.759872,-0.03482936923078637
12.779872,-0.03530920606062438
12.799872,-0.035356781818195036
12.819872,-0.03502873986015608
12.839871,-0.03510172354314577
12.859871,-0.03513076783219835
12.879871,-0.035008879720327
12.899871,-0.03549685174828339
12.91987,-0.03561971888114454
12.93987,-0.036035593007025524
12.95987,-0.03629971888114441
12.97987,-0.03649253939395404
12.99987,-0.036321933333319734
13.01987,-0.03622225967362795
13.039869,-0.035984147785518325
13.059869,-0.03568668857804745
13.079869,-0.035055359906728
13.099869,-0.03512890303026989
13.119869,-0.03493925268061393
13.139868,-0.034691676923055324
13.159868,-0.03447356503493602
13.179868,-0.03457654871791727
13.199868,-0.034468506759877796
13.219867,-0.034693005594387
13.239867,-0.034402166433557084
13.259867,-0.0347368284381946
13.279867,-0.034412119813493285
13.299867,-0.03457002191138363
13.319866,-0.0346179240092729
13.339866,-0.03433428764564138
13.359866,-0.034742096503459434
13.379866,-0.03488093100230594
13.399866,-0.03517009184149198
13.419866,-0.03535354172496366
13.439865,-0.03567097762239153
13.459865,-0.03622624568764577
13.479865,-0.035437947319359675
13.499865,-0.034575173426575664
13.519864,-0.03382787738926045
13.539864,-0.033733658275029055
13.559864,-0.03388384475521637
13.579864,-0.03376053473190762
13.599864,-0.033860301631683395
13.619864,-0.03429153706292453
13.639863,-0.034829602330987613
13.659863,-0.03521225967364822
13.679863,-0.034851397202807485
13.699863,-0.03475013846154469
13.719862,-0.035209765501143915
13.739862,-0.03605983543120728
13.759862,-0.03580475384612733
13.779862,-0.03557109417248572
13.799862,-0.035837038228428264
13.819861,-0.03572398461537281
13.839861,-0.03549123403263481
13.859861,-0.03511850675991206
13.879861,-0.034580627972056716
13.899861,-0.034745383216807285
13.91986,-0.03494503356645654
13.93986,-0.03511202657343657
13.95986,-0.034728693240095844
13.97986,-0.034502026573439114
13.99986,-0.0347847538461437
14.01986,-0.034216268997648805
14.039859,-0.03429132727270573
14.059859,-0.03435559300698835
14.079859,-0.03441200326340565
14.099859,-0.034985406526797005
14.119859,-0.035133774825176024
14.139858,-0.03536428764566919
14.159858,-0.035482819114200856
14.179858,-0.03508846013986126
14.199858,-0.034971397202776935
14.219857,-0.03442515011652779
14.239857,-0.03423936923076121
14.259857,-0.034555662937071505
14.279857,-0.0349014205128158
14.299857,-0.03519083776223481
14.319857,-0.03510692167831064
14.339856,-0.03503291235428836
14.359856,-0.03507034825173787
14.379856,-0.03435678181816939
14.399856,-0.03443857668994908
14.419856,-0.0343251034964889
14.439855,-0.03464552307692101
14.459855,-0.03561589603728418
14.479855,-0.03607501025639042
14.499855,-0.03646048811188775
14.519854,-0.03658132727270591
14.539854,-0.03640510349648185
14.559854,-0.035709439160826986
14.579854,-0.03518654871793646
14.599854,-0.03491132727272776
14.619853,-0.03491223636364038
14.639853,-0.034791723543129725
14.659853,-0.03530869324008
14.679853,-0.03516990536128954
14.699853,-0.03568780745919954
14.719852,-0.03551167692305842
14.739852,-0.03540829696968507
14.759852,-0.03491298228438283
14.779852,-0.034942096503516824
14.799852,-0.03457976550119537
14.819851,-0.034857620979051054
14.839851,-0.03455636223780243
14.859851,-0.03517272587415858
14.879851,-0.03495559300703173
14.899851,-0.03492643216787137
14.91985,-0.034573914685336535
14.93985,-0.03470396130537918
14.95985,-0.034726851748259
14.97985,-0.03534885641024777
14.99985,-0.03564281911419069
15.01985,-0.03590237622373379
15.039849,-0.03602428764564854
15.059849,-0.036054497435858375
15.079849,-0.03604412447550471
15.099849,-0.03571358834496993
15.119848,-0.035487737529120635
15.139848,-0.0347785300699367
15.159848,-0.03473568624708816
15.179848,-0.03530466060605702
15.199847,-0.03596734125873356
15.219847,-0.03581682843823186
15.239847,-0.03587333193473634
15.259847,-0.0356352200466177
15.279847,-0.035762702564101134
15.299847,-0.03551549976690394
15.319846,-0.03460584941726802
15.339846,-0.033672376223815866
15.359846,-0.03388433426576984
15.379846,-0.03430785407927826
15.399846,-0.03495249277390487
15.419846,-0.03512908951050837
15.439845,-0.03520871655013259
15.459845,-0.03545256270396042
15.479845,-0.03557752773891841
15.499845,-0.035830744522168986
15.519845,-0.03530724801868136
15.539844,-0.035531910023357566
15.559844,-0.03531783076927449
15.579844,-0.035114683916121124
15.599844,-0.03508107086249912
15.619843,-0.0348945906760085
15.639843,-0.03469340186481725
15.659843,-0.034941653613032655
15.679843,-0.03490156037292669
15.699843,-0.0350373179487035
15.719842,-0.03511685174824691
15.739842,-0.03499981212121499
15.759842,-0.03465377482518267
15.779842,-0.03479885641026154
15.799842,-0.03453862331002508
15.819841,-0.0346126792540504
15.839841,-0.03496344848483133
15.859841,-0.03520214312351428
15.879841,-0.03526237622374212
15.899841,-0.035495802797171905
15.91984,-0.03533463729601156
15.93984,-0.03478591934731156
15.95984,-0.034993168764556076
15.97984,-0.035244124475505186
15.99984,-0.03521675850816008
16.01984,-0.03517109417248012
16.039839,-0.03520722470862279
16.059839,-0.035402655944072596
16.079839,-0.03525699160840131
16.099839,-0.03502764428904102
16.119838,-0.03457111748251406
16.139838,-0.03395468391611147
16.159838,-0.03424440419581368
16.179838,-0.03440128065268891
16.199837,-0.03434643216784534
16.219837,-0.03470724801864647
16.239837,-0.03506771421912055
16.259837,-0.03581314545456083
16.279837,-0.035830814452217544
16.299837,-0.03580170023311535
16.319836,-0.036004613986022956
16.339836,-0.03583713146854193
16.359836,-0.035837900699302865
16.379836,-0.03528104755243733
16.399836,-0.03500144382282932
16.419836,-0.03539999860138857
16.439835,-0.03520349510489624
16.459835,-0.035291257342656326
16.479835,-0.034876781818200094
16.499835,-0.03479062797205229
16.519834,-0.03495855337996501
16.539834,-0.03501804055946312
16.559834,-0.03438377482519283
16.579834,-0.0336351967366041
16.599834,-0.033593005594391226
16.619833,-0.03405004522143978
16.639833,-0.034163238694638436
16.659833,-0.0340598354312323
16.679833,-0.03394971888110439
16.699833,-0.03450694498831172
16.719832,-0.03454410116547585
16.739832,-0.03473314545451986
16.759832,-0.03427225967362426
16.779832,-0.0338105347319107
16.799832,-0.03422393799531116
16.819831,-0.03452657202798408
16.839831,-0.03459748111889541
16.859831,-0.03435948578089409
16.879831,-0.0344430988344985
16.899831,-0.03477552307692829
16.91983,-0.035070394871819344
16.939831,-0.03540983543124403
16.95983,-0.035686548717948754
16.97983,-0.03571570955712024
16.99983,-0.03605356503498504
17.01983,-0.03618361165505419
17.039829,-0.03624797062939802
17.059829,-0.03578249277390922
17.079829,-0.035657597669029456
17.099829,-0.03505013846156691
17.119828,-0.03516023170166151
17.139828,-0.03471727132868369
17.159828,-0.034747551048956396
17.179828,-0.034544637296046135
17.199828,-0.03444566293709482
17.219827,-0.034754054545492234
17.239827,-0.03548093100236574
17.259827,-0.0350358727272932
17.279827,-0.035237387878814745
17.299827,-0.035152842424246364
17.319826,-0.03525866993008758
17.339826,-0.035318716550125175
17.359826,-0.03548832027972418
17.379826,-0.03604062797203188
17.399826,-0.03599501025644188
17.419825,-0.0360522596736782
17.439825,-0.03634046480188498
17.459825,-0.03552503356643805
17.479825,-0.035231420512822166
17.499825,-0.035186478787890024
17.519824,-0.034724683916104594
17.539824,-0.03421864662005117
17.559824,-0.034262702564107184
17.579824,-0.034872795804214596
17.599824,-0.03493892634034407
17.619823,-0.03540829696969991
17.639823,-0.03581936923076412
17.659823,-0.03587277249417777
17.679823,-0.035842143123561605
17.699823,-0.03617915944060315
17.719822,-0.035871257342696125
17.739822,-0.035272679254105
17.759822,-0.03538088438231201
17.779822,-0.035276572027981054
17.799822,-0.035409532400932225
17.819822,-0.03564494032631768
17.839821,-0.03532396130533549
17.859821,-0.03491044149182619
17.879821,-0.03474151375293169
17.899821,-0.03469997529142019
17.919821,-0.034636245687683476
17.93982,-0.03466025501167935
17.95982,-0.034132982284413374
17.97982,-0.03430738787878409
17.99982,-0.0345658960373005
18.019819,-0.03500055804194101
18.039819,-0.03493347179487308
18.059819,-0.035183728205154335
18.079819,-0.03580727132871054
18.099818,-0.036124567366022764
18.119818,-0.03662228298371404
18.139818,-0.0368494624708966
18.159818,-0.03627897296040528
18.179818,-0.03641193333333896
18.199818,-0.035666455477879735
18.219817,-0.03533156037298639
18.239817,-0.034652049883484345
18.259817,-0.03474328531470355
18.279817,-0.034925569696961256
18.299817,-0.03505246946387877
18.319816,-0.03517368158508962
18.339816,-0.035626688578099294
18.359816,-0.03571300559442045
18.379816,-0.03552515011655642
18.399816,-0.03521044149187067
18.419815,-0.0355005114219264
18.439815,-0.03493480046619787
18.459815,-0.034945849417227406
18.479815,-0.03492076783213653
18.499815,-0.034692189743569496
18.519814,-0.03446738787877181
18.539814,-0.03461400792540593
18.559814,-0.03489023170163722
18.579814,-0.03502939254080181
18.599813,-0.035527224708643265
18.619813,-0.03571869324009798
18.639813,-0.034863355244751766
18.659813,-0.03481023170160229
18.679813,-0.034728763170124785
18.699813,-0.034377131468484624
18.719812,-0.03441967226102136
18.739812,-0.03463139720277621
18.759812,-0.03517184009320508
18.779812,-0.03544804055943803
18.799812,-0.035824986946388325
18.819811,-0.03585309883450238
18.839811,-0.03521211981351455
18.859811,-0.03471445081584751
18.879811,-0.03446163030305209
18.899811,-0.033900931002363355
18.91981,-0.03404650209793316
18.93981,-0.034157294638723704
18.95981,-0.03438654871797403
18.97981,-0.03481309883452737
18.99981,-0.03509414778555045
19.019809,-0.03526955571096019
19.039809,-0.03521477715618797
19.059809,-0.034930977622395276
19.079809,-0.035064660606077304
19.099809,-0.034990418181838935
19.119808,-0.035481187412601894
19.139808,-0.035459042890446504
19.159808,-0.0356033785547877
19.179808,-0.035980558041938705
19.199808,-0.0359487398601081
19.219808,-0.03574974219113055
19.239807,-0.03558729463867602
19.259807,-0.03519034825173117
19.279807,-0.03487326200465259
19.299807,-0.03511687505827229
19.319806,-0.035378903030318695
19.339806,-0.03543524335667048
19.359806,-0.03547186340333058
19.379806,-0.03600165361311458
19.399806,-0.03636827365974871
19.419805,-0.03622643216789326
19.439805,-0.03577249277393288
19.459805,-0.034961770163220315
19.479805,-0.03440750442892771
19.499804,-0.03491748111888197
19.519804,-0.035060231701626185
19.539804,-0.03502009184150022
19.559804,-0.034935243356653954
19.579804,-0.03534256270396571
19.599804,-0.03542139720282007
19.619803,-0.03546260932401559
19.639803,-0.03507309883451383
19.659803,-0.03466591934734052
19.679803,-0.03478535990676573
19.699803,-0.03559859999999577
19.719802,-0.03560981212120979
19.739802,-0.035446758508177766
19.759802,-0.03538757435899305
19.779802,-0.03542251608395627
19.799802,-0.035323937995384316
19.819801,-0.03543512680658391
19.839801,-0.03533218974364862
19.859801,-0.035812259673693184
19.879801,-0.03595197995339461
19.899801,-0.03597822703964433
19.919801,-0.03576156037297401
19.9398,-0.035664101165520774
19.9598,-0.03592501025643312
19.9798,-0.035717924009325386
19.999799,-0.03532053473193188
20.019799,-0.0351666885781148
20.039799,-0.0356238214452341
20.059799,-0.03598072121210252
20.079799,-0.03575288904427529
20.099798,-0.03558249277390642
20.119798,-0.03576720139862889
20.139798,-0.035789345920792234
20.159798,-0.035835033566488546
20.179798,-0.03510128065273686
20.199797,-0.03445661864809549
20.219797,-0.03436006853155063
20.239797,-0.03443286573433735
20.259797,-0.03383783076929629
20.279797,-0.03329426433571414
20.299797,-0.03371354172499086
20.319796,-0.03385279580423362
20.339796,-0.03403228298370807
20.359796,-0.03457170023308952
20.379796,-0.03490130396269372
20.399796,-0.03550200326338692
20.419795,-0.03574839020977403
20.439795,-0.03577717808858622
20.459795,-0.03547337855480268
20.479795,-0.035663145454550516
20.499794,-0.03617999860140361
20.519794,-0.03557878648018881
20.539794,-0.03544009184148765
20.559794,-0.03565878648015008
20.579794,-0.03585477715614678
20.599794,-0.035886245687611125
20.619793,-0.03573274918410942
20.639793,-0.035753378554742365
20.659793,-0.035884847086215525
20.679793,-0.03632654871790173
20.699793,-0.03624405454542186
20.719792,-0.036247201398574014
20.739792,-0.036494590675959865
20.759792,-0.03609890303027376
20.779792,-0.035776595337980555
20.799792,-0.03552207319345494
20.819791,-0.03509771421910629
20.839791,-0.034765429836839334
20.859791,-0.03458815710958486
20.879791,-0.034884427505856686
20.899791,-0.03518577948722641
20.919791,-0.035252329603764856
20.93979,-0.035260837762260015
20.95979,-0.034946641958046566
20.97979,-0.03532505687643783
20.999789,-0.03583041818175762
21.019789,-0.035419695571038995
21.039789,-0.035298856410210765
21.059789,-0.03550188671323992
21.079789,-0.0359879939393553
21.099788,-0.03577575617714511
21.119788,-0.03534608251747558
21.139788,-0.03550186340326225
21.159788,-0.03558065128204096
21.179788,-0.035636152447536616
21.199788,-0.03600494032630077
21.219787,-0.035938739860108974
21.239787,-0.036160278321662104
21.259787,-0.03649426433563488
21.279787,-0.03656929930067173
21.299787,-0.03610741118879171
21.319786,-0.03582720139858128
21.339786,-0.03518804055943725
21.359786,-0.03453762097901786
21.379786,-0.03428412447551476
21.399786,-0.03485109417247077
21.419785,-0.03500307552445001
21.439785,-0.03529957902096388
21.459785,-0.03564039487177204
21.479785,-0.03607664195801589
21.499785,-0.03637957902093436
21.519784,-0.03602424102560521
21.539784,-0.03584589603727642
21.559784,-0.03532957902096605
21.579784,-0.03520901958041048
21.599783,-0.03497988205127375
21.619783,-0.034720558041955216
21.639783,-0.03465342517482436
21.659783,-0.034615756177165134
21.679783,-0.034925965967376134
21.699783,-0.034570627972027375
21.719782,-0.03400468391609707
21.739782,-0.034593028904440125
21.759782,-0.034283495104927786
21.779782,-0.03442197995340909
21.799782,-0.034325406526833566
21.819781,-0.035045126806545646
21.839781,-0.035317784149207845
21.859781,-0.03593197995342284
21.879781,-0.0360716303030842
21.899781,-0.03577051142196236
21.91978,-0.036010161771584295
21.93978,-0.0365717002331037
21.95978,-0.03633149044290995
21.97978,-0.036248856410263534
21.999779,-0.03573566293707889
22.019779,-0.03592771421911965
22.039779,-0.03552044149187241
22.059779,-0.035327294638739376
22.079779,-0.034927644289098975
22.099778,-0.034734847086298815
22.119778,-0.03457191002333587
22.139778,-0.0346780405594555
22.159778,-0.03478790069930859
22.179778,-0.03497589603727713
22.199778,-0.034940278321645465
22.219777,-0.03545286573420544
22.239777,-0.03559354172488189
22.259777,-0.03584272587406762
22.279777,-0.03589915944052036
22.299777,-0.0360192060605766
22.319777,-0.03601591934730136
22.339776,-0.03577524335662245
22.359776,-0.03546165361302148
22.379776,-0.03499990536127937
22.399776,-0.03476645547784648
22.419775,-0.03496069790209564
22.439775,-0.03507913613052793
22.459775,-0.03523519673660529
22.479775,-0.035189182750608894
22.499775,-0.03581454405596862
22.519774,-0.035701070862508434
22.539774,-0.03568002191142782
22.559774,-0.035497038228437076
22.579774,-0.03545736456877507
22.599773,-0.035252819114231934
22.619773,-0.03514165361307679
22.639773,-0.03536079114218099
22.659773,-0.035296408857811795
22.679773,-0.03510678181818916
22.699773,-0.035192819114222826
22.719772,-0.034946338927757545
22.739772,-0.035243401864812486
22.759772,-0.03494832027974715
22.779772,-0.03553675850819222
22.799772,-0.03546906620050334
22.819771,-0.035820208391647276
22.839771,-0.036211187412610674
22.859771,-0.03591351841493584
22.879771,-0.035490837762248546
22.89977,-0.035429648951040386
22.91977,-0.035415289976671024
22.93977,-0.035495942657310875
22.95977,-0.03576643216779376
22.97977,-0.03595361165497237
22.999769,-0.03615314545451756
23.019769,-0.03632727132864637
23.039769,-0.0362539613053529
23.059769,-0.036054544055929255
23.079769,-0.035607690909083334
23.099768,-0.0355766419580285
23.119768,-0.03534866993004798
23.139768,-0.03519901958039916
23.159768,-0.03519062797201283
23.179768,-0.03517685174825178
23.199768,-0.03547006853146498
23.219768,-0.0352330055944059
23.239767,-0.03482323869465011
23.259767,-0.03485153706294116
23.279767,-0.03450181678323462
23.299767,-0.035248739860163504
23.319766,-0.035083495104915124
23.339766,-0.03530587272728357
23.359766,-0.03564412447551554
23.379766,-0.03639167692306055
23.399765,-0.03686804055939122
23.419765,-0.03666291235426203
23.439765,-0.03640335524470303
23.459765,-0.03636356503492529
23.479765,-0.03572027832165415
23.499765,-0.03605300559438885
23.519764,-0.03556622237761085
23.539764,-0.035721187412585856
23.559764,-0.03555041818180733
23.579764,-0.03536160699300697
23.599763,-0.03567720139858316
23.619763,-0.0353354997668745
23.639763,-0.035379579020944754
23.659763,-0.035296921678309535
23.679763,-0.03469601258739488
23.699763,-0.03477279580418352
23.719762,-0.034916152447549226
23.739762,-0.03522174685316286
23.759762,-0.03502985874127267
23.779762,-0.03516825034965832
23.799762,-0.0358943575757444
23.819761,-0.03657062797199652
23.839761,-0.037183215384587576
23.859761,-0.03735197995338345
23.879761,-0.037282586013992994
23.899761,-0.037433984615385656
23.91976,-0.03741629230768395
23.93976,-0.03702223636364239
23.95976,-0.036572119813526996
23.97976,-0.03635846013986668
23.999759,-0.03625076783217385
24.019759,-0.03661191002329836
24.039759,-0.0361300918414946
24.059759,-0.03592412447552678
24.079759,-0.036297131468512114
24.099758,-0.035780814452165174
24.11976,-0.03557873986008401
24.139758,-0.035464031235377204
24.159758,-0.03554023170158827
24.179758,-0.03549643216778696
24.199757,-0.035621933333308355
24.219757,-0.03576188671326084
24.239757,-0.03548489370629088
24.259757,-0.03600048811187464
24.279757,-0.03599808717945857
24.299757,-0.0351036582750417
24.319756,-0.035486735198138324
24.339756,-0.03559708484849292
24.359756,-0.035899415850834955
24.379756,-0.035808273659697624
24.399755,-0.03566114079258642
24.419755,-0.0353543808858166
24.439755,-0.034908273659690334
24.459755,-0.03534053473191795
24.479755,-0.03513857668993556
24.499754,-0.035093448484819524
24.519754,-0.035390464801856585
24.539754,-0.03530165361305232
24.559754,-0.03522659533800599
24.579754,-0.03500584941727891
24.599753,-0.034915779487212195
24.619753,-0.035009532400959484
24.639753,-0.03495361165501987
24.659753,-0.03504883310023411
24.679753,-0.03519953240093135
24.699753,-0.035458716550136354
24.719752,-0.035739509090923285
24.739752,-0.03598379813521567
24.759752,-0.03579032494174016
24.779752,-0.03566566293707171
24.799752,-0.03602687505827447
24.819751,-0.03626790069930903
24.839751,-0.03628288904430936
24.859751,-0.03582426433568397
24.879751,-0.03590731794874042
24.89975,-0.03585988205130504
24.91975,-0.03606258601398536
24.93975,-0.03594239953381983
24.95975,-0.03594319207461355
24.97975,-0.035485732867143294
24.999749,-0.03557964895104434
25.019749,-0.03543939254081608
25.039749,-0.035280301631729336
25.059749,-0.03503860000001624
25.079749,-0.03518463729604576
25.099749,-0.03508946247086637
25.119748,-0.03520519673659464
25.139748,-0.03549188671329644
25.159748,-0.035734287645712376
25.179748,-0.03516025501166091
25.199748,-0.03544636223776818
25.219747,-0.0354674344988466
25.239747,-0.03527298228437706
25.259747,-0.035782306293695644
25.279747,-0.036142213053600575
25.299747,-0.03577158368298527
25.319746,-0.03605673519812759
25.339746,-0.03612969557109138
25.359746,-0.035537597669026616
25.379746,-0.034808017249444836
25.399746,-0.03473302890446614
25.419745,-0.03422494032637562
25.439745,-0.03468368158509872
25.459745,-0.03529389137530013
25.479745,-0.03586088438228523
25.499745,-0.03562393799533763
25.519744,-0.036064264335643546
25.539744,-0.03583323869463355
25.559744,-0.03518358834500317
25.579744,-0.034883984615376756
25.599744,-0.034816035897433165
25.619743,-0.03474948578088624
25.639743,-0.03488605920747049
25.659743,-0.035028833100244315
25.679743,-0.035215896037309326
25.699743,-0.03510927599068657
25.719742,-0.03517932261074502
25.739742,-0.03474890303034365
25.759742,-0.034497411188849164
25.779742,-0.034656525407955455
25.799742,-0.034863425174847494
25.819741,-0.035394287645709
25.839741,-0.03543170023312306
25.859741,-0.03620253939392884
25.879741,-0.03610230629369387
25.89974,-0.036512562703936866
25.91974,-0.03598901958041757
25.93974,-0.03544538321679587
25.95974,-0.035010884382324484
25.97974,-0.03474829696975449
25.99974,-0.03496624568767659
26.019739,-0.03544079114222758
26.039739,-0.035498879720299886
26.059739,-0.036283238694645406
26.079739,-0.036219718881127495
26.099739,-0.03649573286712461
26.119738,-0.03627811048952273
26.139738,-0.03599911282052614
26.159738,-0.03564505687650495
26.179738,-0.03548757435901935
26.199738,-0.03523946247088251
26.219737,-0.034554054545498966
26.239737,-0.034793192074629525
26.259737,-0.035115313286747316
26.279737,-0.03530517342659292
26.299736,-0.03556682843821803
26.319736,-0.03588605920743253
26.339736,-0.03570335524472503
26.359736,-0.03598584941723845
26.379735,-0.03620326200464009
26.399735,-0.035915662937064344
26.419735,-0.0359578074592339
26.439735,-0.03626382144524697
26.459735,-0.03599811048954383
26.479735,-0.036231303962731026
26.499735,-0.036001583682993415
26.519734,-0.03563202657341427
26.539734,-0.034837854079263576
26.559734,-0.035108460139868014
26.579734,-0.035368390209787375
26.599733,-0.035566362237788515
26.619733,-0.035754800466225346
26.639733,-0.03559762097905155
26.659733,-0.03574097762240666
26.679733,-0.036049742191159126
26.699733,-0.03583685174828094
26.719732,-0.03547582610724353
26.739732,-0.03547836689979221
26.759732,-0.03611601258741379
26.779732,-0.03655631561771606
26.799731,-0.03642647878790334
26.819731,-0.03619013846155762
26.839731,-0.036258180419595276
26.859731,-0.035996851748256994
26.879731,-0.035755243356641146
26.89973,-0.035325150116567935
26.91973,-0.03531778414918082
26.93973,-0.0356548237762101
26.95973,-0.0358837515151312
26.97973,-0.03581629230769178
26.99973,-0.03621270256409126
27.019729,-0.03655962564100819
27.039729,-0.03664736456875138
27.059729,-0.03603934592073822
27.079729,-0.03571570955710168
27.099729,-0.03515197995339296
27.119728,-0.03518391468533345
27.139728,-0.034968576690013894
27.159728,-0.035261840093284195
27.179728,-0.035760068531496006
27.199727,-0.0368123529137477
27.219727,-0.037037760839157885
27.239727,-0.03729580279718806
27.259727,-0.03700864662000904
27.279727,-0.0370921664335125
27.299726,-0.03613270256406428
27.319726,-0.0357448004661642
27.339726,-0.035348739860115615
27.359726,-0.03525174685311521
27.379726,-0.03507503356640817
27.399725,-0.034802329603721725
27.419725,-0.03494908951051126
27.439725,-0.035529858741278605
27.459725,-0.03605748111889283
27.479725,-0.036231746853157956
27.499724,-0.03613531328671664
27.519724,-0.036508600000001126
27.539724,-0.036475616317018573
27.559724,-0.03603636223776896
27.579724,-0.03574962564104185
27.599724,-0.03566358834500766
27.619723,-0.03574258601401258
27.639723,-0.03570349510491065
27.659723,-0.03549825034964878
27.679723,-0.03480915944055022
27.699723,-0.03532440419577196
27.719722,-0.03560841351978345
27.739722,-0.03578475384612377
27.759722,-0.035789648951025065
27.779722,-0.036024497435870516
27.799721,-0.036126152447533345
27.819721,-0.03627209650349
27.839721,-0.03628004522144197
27.859721,-0.0360697188811193
27.879721,-0.03576330862473799
27.89972,-0.035947784149227946
27.91972,-0.036107690909133794
27.93972,-0.03650349510492661
27.95972,-0.036075336596763645
27.97972,-0.035693518414955445
27.999719,-0.0355830289044608
28.019719,-0.03542204988348859
28.039719,-0.03541584941728576
28.059719,-0.034983425174876834
28.079719,-0.034617690909149575
28.099718,-0.03491417109563277
28.119718,-0.035360441491859254
28.139718,-0.03583034825175252
28.159718,-0.035849555710947
28.179718,-0.03570594265733189
28.199718,-0.03594391468529458
28.219717,-0.03558072121211283
28.239717,-0.03522454405594187
28.259717,-0.0346530055944122
28.279717,-0.03447771421912348
28.299716,-0.035004753846151655
28.319716,-0.03511048811188609
28.339716,-0.03546897296038383
28.359716,-0.035712026573437014
28.379716,-0.03616461398600431
28.399715,-0.03616580279719489
28.419715,-0.03615477715618066
28.439715,-0.036101537062934
28.459715,-0.036227317948703666
28.479715,-0.03616624568764249
28.499714,-0.036397224708618184
28.519714,-0.03619764428906093
28.539714,-0.03588225967367652
28.559714,-0.0355836582750817
28.579714,-0.03556417109558012
28.599714,-0.0352276909091041
28.619713,-0.03505400792543614
28.639713,-0.035162469463895736
28.659713,-0.035065523076945014
28.679713,-0.03517901958043693
28.699712,-0.03551083776224417
28.719712,-0.03559629230768913
28.739712,-0.03570853006991913
28.759712,-0.0360061524475358
28.779712,-0.035684613985994526
28.799711,-0.035597551048926146
28.819711,-0.035206315617700094
28.839711,-0.03509013846153959
28.859711,-0.03480253939395378
28.879711,-0.03496636223779285
28.899711,-0.03503393799538668
28.91971,-0.03490666526813158
28.93971,-0.034952516083988014
28.95971,-0.035383308624762994
28.97971,-0.035153774825208206
28.99971,-0.03553337855478423
29.019709,-0.0364900219113915
29.039709,-0.036913401864772086
29.059709,-0.03699191002329669
29.079709,-0.036861606992999334
29.099709,-0.0366168284382404
29.119708,-0.03550242284384572
29.139708,-0.03469265594408594
29.159708,-0.03437862331006227
29.179708,-0.03410832027977547
29.199708,-0.034209229370679425
29.219707,-0.03487239953383099
29.239707,-0.03490780745926241
29.259707,-0.03516435757580293
29.279706,-0.035453215384640066
29.299706,-0.03586323869464632
29.319706,-0.03602027832165941
29.339706,-0.036329345920721554
29.359706,-0.03667790069928567
29.379705,-0.03663020839160618
29.399705,-0.03648885641023584
29.419705,-0.036403541724913946
29.439705,-0.03603850675990595
29.459705,-0.03595482377621695
29.479705,-0.03588932261070625
29.499704,-0.036039625640994444
29.519704,-0.03608076783212286
29.539704,-0.03617484708619727
29.559704,-0.0367536116549666
29.579704,-0.03665839020975766
29.599703,-0.03667368158504064
29.619703,-0.03627039487177889
29.639703,-0.035558972960385564
29.659703,-0.03512377482520127
29.679703,-0.034921467132891834
29.699703,-0.03494195664338845
29.719702,-0.034427970629401075
29.739702,-0.0345409076923233
29.759702,-0.03548857668997092
29.779702,-0.03596880979019309
29.799701,-0.03620869324008252
29.819701,-0.03625983543125406
29.839701,-0.03597454405596694
29.859701,-0.03595149044290952
29.879701,-0.03602370489513404
29.8997,-0.03578512680656469
29.9197,-0.03525170023314343
29.9397,-0.03525869324011826
29.9597,-0.035151140792552736
29.9797,-0.03512573286714324
29.999699,-0.03546137389279388
30.019699,-0.035900651282072565
30.039699,-0.03613797062937681
30.059699,-0.03664284242423853
30.079699,-0.03670671188810839
30.099698,-0.036329579020986394
30.119698,-0.035965732867149366
30.139698,-0.03606769090912189
30.159698,-0.03561839020982505
30.179698,-0.035426525407953345
30.199697,-0.035506711888117576
30.219697,-0.0359927025640902
30.239697,-0.036222399533778586
30.259697,-0.036206921678289455
30.279697,-0.036043541724884214
30.299696,-0.035982772494125306
30.319696,-0.03576237622372632
30.339696,-0.036025080186431656
30.359696,-0.035727457808833
30.379696,-0.035514777156155065
30.399695,-0.03566605920742511
30.419695,-0.03602291235430004
30.439695,-0.03590906620047843
30.459695,-0.035915359906784336
30.479695,-0.03565650209793135
30.499694,-0.03605997529140402
30.519694,-0.0359830522144711
30.539694,-0.03582664195804233
30.559694,-0.03557568624709058
30.579694,-0.03563685174823415
30.599693,-0.03584859999997038
30.619693,-0.035771746853127354
30.639693,-0.035340418181803286
30.659693,-0.03540720139859545
30.679693,-0.03509139720281158
30.699692,-0.03582048811189926
30.719692,-0.03580466060606348
30.739692,-0.03562230629369044
30.759692,-0.03594118741256413
30.779691,-0.036360394871774795
30.799691,-0.03672762097899384
30.819691,-0.03646398461536164
30.839691,-0.035837807459171166
30.859691,-0.03573706153844587
30.879691,-0.03543365827506026
30.89969,-0.03528027832166103
30.91969,-0.03503566293703571
30.93969,-0.03452808717947739
30.95969,-0.034688693240093486
30.97969,-0.034953355244784774
30.999689,-0.03504321538465548
31.019689,-0.034753728205180495
31.039689,-0.034759439160890276
31.059689,-0.03474053473199224
31.079689,-0.03487239953382887
31.099689,-0.03511167692308409
31.119688,-0.0353167585081636
31.139688,-0.0349225860139957
31.159688,-0.035084683916094046
31.179688,-0.03517232960373576
31.199687,-0.03486783076924408
31.219687,-0.03489862331004315
31.239687,-0.035220651282076944
31.259687,-0.03535461398603639
31.279687,-0.03580484708625744
31.299686,-0.036256688578099786
31.319686,-0.0365619566433492
31.339686,-0.03645372820510675
31.359686,-0.03674137389275072
31.379686,-0.036891886713228045
31.399685,-0.03668859999995743
31.419685,-0.03712244615381754
31.439685,-0.03674188671327603
31.459685,-0.036150488111900324
31.479685,-0.03537016177158679
31.499685,-0.03506769090911055
31.519684,-0.03436447412588945
31.539684,-0.034228693240099986
31.559684,-0.034490954312350816
31.579684,-0.03534468391604765
31.599683,-0.03618696829831861
31.619683,-0.03719270256403278
31.639683,-0.03728901958035731
31.659683,-0.037267131468484184
31.679682,-0.037020045221426566
31.699682,-0.03681657202795087
31.719682,-0.035848320279736945
31.739682,-0.035870161771582657
31.759682,-0.03531703822846858
31.779682,-0.03557512680654368
31.799681,-0.035679998601389734
31.819681,-0.03559549976686043
31.839681,-0.035386292307657524
31.859681,-0.035516012587363
31.879681,-0.03572149044283618
31.89968,-0.035602306293640765
31.91968,-0.03574473053609869
31.93968,-0.036315220046584176
31.95968,-0.036314450815837555
31.97968,-0.037014893706265796
31.999679,-0.03667904289042074
32.019679,-0.036469509090896024
32.039679,-0.036563774825168094
32.059679,-0.036391024242408455
32.079679,-0.03625440419579202
32.099679,-0.03587594265733782
32.119678,-0.03570060466201161
32.139678,-0.035297784149185205
32.159678,-0.035193005594403005
32.179677,-0.03500559300697757
32.199677,-0.03409736456878329
32.219677,-0.034494986946432105
32.239677,-0.03480466060610568
32.259677,-0.0349470149184578
32.279677,-0.03551883310026331
32.299676,-0.036081350582742304
32.319676,-0.03618384475522045
32.339676,-0.0365545906759589
32.359676,-0.03660114079249696
32.379676,-0.03653752773888604
32.399676,-0.036581327272690006
32.419675,-0.03702302890438735
32.439675,-0.03694109417246497
32.459675,-0.0366258261072074
32.479675,-0.0362187165500996
32.499674,-0.036304963636331934
32.519674,-0.035779089510492815
32.539674,-0.036068600000024445
32.559674,-0.03574426433571369
32.579674,-0.03619570955716766
32.599673,-0.03617645547791025
32.619673,-0.0363687398601851
32.639673,-0.0362202317016687
32.659673,-0.036033378554803944
32.679673,-0.03543349510489272
32.699672,-0.035464217715589184
32.719672,-0.03499720139855945
32.739672,-0.035056641957992504
32.759672,-0.03469743449881797
32.779672,-0.034883238694656565
32.799671,-0.03500482377625745
32.819671,-0.0354584601399055
32.839671,-0.03573694498837414
32.859671,-0.036625849417277825
32.879671,-0.03659608251748856
32.89967,-0.037130791142164776
32.91967,-0.03701855337989768
32.93967,-0.03649906620040607
32.95967,-0.035860697902052575
32.97967,-0.03571163030299245
32.999669,-0.035464753846129786
33.019669,-0.035120581351989894
33.039669,-0.03516193333334347
33.059669,-0.035574264335688686
33.079669,-0.035679182750608274
33.099668,-0.036145593007006975
33.119668,-0.03644293566433722
33.139668,-0.035883308624714866
33.159668,-0.035838203729618906
33.179668,-0.03620692167833557
33.199667,-0.03577985874128237
33.219667,-0.03567533659674215
33.239667,-0.035622306293701576
33.259667,-0.035577434498826464
33.279666,-0.035302399533786284
33.299666,-0.03577629230768041
33.319666,-0.036397038228425806
33.339666,-0.036148110489513864
33.359666,-0.03634890303033529
33.379666,-0.03658188671333124
33.399665,-0.036222166433601724
33.419665,-0.036047924009361965
33.439665,-0.035804893706339457
33.459665,-0.03536671188816099
33.479665,-0.0354414205128506
33.499664,-0.036349672261086145
33.519664,-0.03643643216782788
33.539664,-0.03657946247083998
33.559664,-0.03652967226106789
33.579664,-0.036496105827509354
33.599663,-0.03641498694639652
33.619663,-0.036062166433607656
33.639663,-0.03577107086251402
33.659663,-0.03572834358977484
33.679662,-0.03650964895105591
33.699662,-0.03694438088577147
33.719662,-0.0369626559440412
33.739662,-0.03717053473190449
33.759662,-0.03689757435895857
33.779662,-0.03659146713284349
33.799661,-0.03655358834496493
33.819661,-0.03626596596735852
33.839661,-0.036081117482505025
33.859661,-0.03655939254075288
33.879661,-0.03677720139855191
33.89966,-0.03675072121209246
33.91966,-0.03633025501163524
33.93966,-0.03634657202795558
33.95966,-0.03583759766899742
33.97966,-0.03512988205129149
33.999659,-0.03485596596737903
34.019659,-0.03466228298371386
34.039659,-0.035243984615399064
34.059659,-0.0357833086247034
34.079659,-0.03633018508156761
34.099658,-0.037016502097908285
34.119658,-0.036712912354326596
34.139658,-0.03707466060607631
34.159658,-0.03668703822845949
34.179657,-0.03591801724945723
34.199657,-0.03528272587414322
34.219657,-0.034914287645704506
34.239657,-0.034940627972035045
34.259657,-0.03459356503498391
34.279657,-0.03517093100236082
34.299656,-0.035597271328725574
34.319656,-0.0355925160839871
34.339656,-0.03577039487186094
34.359656,-0.036007341258808
34.379656,-0.0359662223776864
34.399655,-0.03584307552452293
34.419655,-0.03580776083919776
34.439655,-0.035788763170185506
34.459655,-0.0358261757575736
34.479655,-0.03619722470860955
34.499654,-0.036625616316986485
34.519654,-0.03702209650343769
34.539654,-0.03642573286708192
34.559655,-0.03626589603725007
34.579654,-0.03593722470857274
34.599653,-0.035474870396243585
34.619653,-0.035080837762224745
34.639653,-0.03513328531469358
34.659653,-0.035575476456869655
34.679652,-0.03598058135199376
34.699652,-0.036391770163188
34.719652,-0.03631046480187327
34.739652,-0.03574498694642706
34.759652,-0.03590265594409231
34.779652,-0.03510482377626892
34.799651,-0.03469246946392908
34.819651,-0.03505421771566819
34.839651,-0.03544962564107211
34.859651,-0.03588866993009443
34.87965,-0.03621013846154423
34.89965,-0.03653160699300356
34.91965,-0.036604264335632755
34.93965,-0.0370984135197788
34.95965,-0.03714279580416298
34.97965,-0.036676711888101454
34.999649,-0.036599835431235704
35.019649,-0.036570091841484534
35.039649,-0.035864870396278135
35.059649,-0.035480255011661244
35.079648,-0.0350352666666627
35.099648,-0.035234567365955774
35.119648,-0.03586020839156907
35.139648,-0.03660631561768522
35.159648,-0.036718343589734574
35.179647,-0.03697083776222939
35.199647,-0.03705172354313674
35.219647,-0.037106898368296816
35.239647,-0.036763704895115976
35.259647,-0.03689547645689299
35.279647,-0.03645727132869446
35.299646,-0.03652321538461831
35.319646,-0.03687291235430106
35.339646,-0.03690200326338424
35.359646,-0.036120767832150666
35.379646,-0.035451770163133306
35.399645,-0.03585260932396746
35.419645,-0.03582160699293423
35.439645,-0.03533908951041861
35.459645,-0.035269812121170904
35.479645,-0.03505232960371542
35.499644,-0.03504379813518959
35.519644,-0.035293098834495815
35.539644,-0.0355921897435858
35.559644,-0.03477125734267704
35.579643,-0.03497151375293824
35.599643,-0.03592673519814045
35.619643,-0.03620151375288459
35.639643,-0.03623344848481766
35.659643,-0.03620757435897017
35.679642,-0.03636515011655461
35.699642,-0.03640573286712076
35.719642,-0.0364811407925238
35.739642,-0.03649570955709288
35.759642,-0.036110185081570254
35.779642,-0.03619547645687101
35.799641,-0.03632841351981059
35.819641,-0.03641752773892719
35.839641,-0.03563818041958703
35.859641,-0.035448763170185846
35.879641,-0.03527519673660447
35.89964,-0.03526202657341614
35.91964,-0.03520470722609576
35.93964,-0.035422539393910615
35.95964,-0.03555836689972326
35.97964,-0.03596370489507776
35.999639,-0.0362892759906611
36.019639,-0.03666333193473302
36.039639,-0.03670729463869285
36.059639,-0.03713601258741703
36.079638,-0.036792702564095024
36.099638,-0.036565336596720094
36.119638,-0.036637597668954545
36.139638,-0.03635053473186535
36.159638,-0.035644870396206584
36.179637,-0.03573598927733869
36.199637,-0.03542622237761451
36.219637,-0.03575347179488784
36.239637,-0.035997737529178175
36.259637,-0.035916875058339126
36.279636,-0.0360228424243029
36.299636,-0.0361167818182187
36.319636,-0.036337481118902996
36.339636,-0.03589130396272288
36.359636,-0.0354133319347333
36.379636,-0.035321793473193266
36.399635,-0.03504018508159997
36.419635,-0.03513293566433633
36.439635,-0.035182469463874926
36.459635,-0.03518878648021574
36.479635,-0.0355858960373207
36.499634,-0.03566542983683814
36.519634,-0.03600286573428124
36.539634,-0.036360394871798644
36.559634,-0.03685727132865924
36.579633,-0.0370858027972068
36.599633,-0.0373621431235411
36.619633,-0.03730566293705458
36.639633,-0.037271327272717626
36.659633,-0.03714892634034959
36.679632,-0.03721466060606789
36.699632,-0.036902539393947636
36.719632,-0.036915220046614294
36.739632,-0.03665321538461657
36.759632,-0.03683428764570391
36.779632,-0.03654692167834742
36.799631,-0.03638321538464741
36.819631,-0.036432772494203944
36.839631,-0.036877154778563515
36.859631,-0.03719575617716667
36.879631,-0.0374176909090769
36.89963,-0.03704880979022451
36.91963,-0.036913355244755267
36.93963,-0.036456245687653384
36.95963,-0.036555359906763285
36.97963,-0.03628333193471774
36.999629,-0.035762586013969505
37.019629,-0.03591757435895398
37.039629,-0.03611232960368657
37.059629,-0.03638316876451663
37.079628,-0.036140907692249216
37.099629,-0.03623575617712483
37.119628,-0.036157411188792135
37.139628,-0.0361478540792475
37.159628,-0.03644025501165008
37.179627,-0.03608118741258379
37.199627,-0.035302679254087026
37.219627,-0.03550253939396145
37.239627,-0.03544417109560218
37.259627,-0.03574454405597151
37.279626,-0.03593708484852121
37.299626,-0.03631759766903848
37.319626,-0.0367899752914234
37.339626,-0.037110045221492964
37.359626,-0.03779242284386551
37.379626,-0.03743883310027755
37.399625,-0.03722473053615108
37.419625,-0.03712713146853766
37.439625,-0.036597760839163704
37.459625,-0.03659337855476545
37.479625,-0.036425965967330866
37.499624,-0.03598237622372421
37.519624,-0.03618188671323184
37.539624,-0.03596652540788161
37.559624,-0.03616811048946336
37.579623,-0.03608270256407179
37.599623,-0.03626344848482248
37.619623,-0.03639104755244814
37.639623,-0.036392562703966354
37.659623,-0.03666326200466115
37.679622,-0.036316222377604644
37.699622,-0.035998646620031965
37.719622,-0.035568809790217704
37.739622,-0.035251700233120645
37.759622,-0.03497650209793732
37.779622,-0.035014310955759895
37.799621,-0.035452329603776665
37.819621,-0.0357461524476193
37.839621,-0.03608349510493706
37.859621,-0.036408903030339626
37.879621,-0.03630813379956458
37.89962,-0.036328856410282044
37.91962,-0.0363636815850972
37.93962,-0.03639701491841263
37.95962,-0.03604526666666787
37.97962,-0.0361902550116389
37.999619,-0.03665932261070361
38.019619,-0.03636922937061455
38.039619,-0.03660221305358401
38.059619,-0.036686432167819985
38.079618,-0.03644041818181125
38.099618,-0.036066711888109296
38.119618,-0.03588246946387465
38.139618,-0.03595717808859605
38.159618,-0.03579426433569293
38.179617,-0.036310091841530404
38.199617,-0.036588296969743334
38.219617,-0.03654566293709875
38.239617,-0.03705260932403831
38.259617,-0.036903681585107616
38.279616,-0.03660950909091568
38.299616,-0.03601403123542385
38.319616,-0.035569439160823224
38.339616,-0.0358751034964801
38.359616,-0.03562591934729172
38.379616,-0.035846082517447066
38.399615,-0.035749089510477394
38.419615,-0.03586202657342083
38.439615,-0.03595990536131856
38.459615,-0.0356904881119047
38.479614,-0.0361228657342719
38.499614,-0.0361993459207376
38.519614,-0.036230837762232085
38.539614,-0.03693755104893238
38.559614,-0.036529672261043505
38.579613,-0.036597620978987624
38.599613,-0.036420674592062385
38.619613,-0.03636731794870424
38.639613,-0.03623027832166769
38.659613,-0.036027271328666025
38.679613,-0.03595454405595277
38.699612,-0.035917271328694114
38.719612,-0.03618860000003736
38.739612,-0.036567014918445585
38.759612,-0.0363163622377998
38.779612,-0.036529648951072725
38.799611,-0.03662734125875742
38.819611,-0.03724573286712794
38.839611,-0.0373093692307441
38.859611,-0.036979066200451896
38.879611,-0.03671846013983334
38.89961,-0.036665289976657495
38.91961,-0.03662612913750596
38.93961,-0.036436711888093644
38.95961,-0.03619974219112704
38.979609,-0.03616067459203352
38.999609,-0.03614424102559374
39.019609,-0.03678932261066531
39.039609,-0.03679647878781772
39.059609,-0.03679109417246419
39.079608,-0.036728040559404415
39.099608,-0.03608424102562969
39.119608,-0.035920278321701464
39.139608,-0.036030884382324546
39.159608,-0.03643545314689903
39.179608,-0.03676589603733339
39.199607,-0.036974380885820814
39.219607,-0.03715090769234078
39.239607,-0.03722911282051806
39.259607,-0.037045173426572424
39.279606,-0.03672314545451637
39.299606,-0.03583349510486599
39.319606,-0.03565025501162743
39.339606,-0.03546769090907534
39.359606,-0.03567978881117093
39.379606,-0.035704707226101695
39.399605,-0.035844544055946934
39.419605,-0.03590354172492656
39.439605,-0.03611372820509807
39.459605,-0.0364285300698816
39.479604,-0.03663344848479941
39.499604,-0.03667960233094909
39.519604,-0.036572143123482934
39.539604,-0.03639428764563394
39.559604,-0.03622836689972028
39.579603,-0.036059695571065115
39.599603,-0.036343518414869394
39.619603,-0.03599123403258509
39.639603,-0.03603258601396146
39.659603,-0.03601892634029917
39.679602,-0.03603137389276724
39.699602,-0.036101070862448834
39.719602,-0.03579626899764589
39.739602,-0.03526307552446827
39.759602,-0.03524398461540755
39.779602,-0.03589687505829528
39.799601,-0.03656659533800109
39.819601,-0.03656263263405157
39.839601,-0.03707239953382519
39.859601,-0.037116245687662405
39.8796,-0.03716368158509514
39.8996,-0.036877224708617894
39.9196,-0.03647034825173784
39.9396,-0.03586244615385949
39.959599,-0.035863798135221836
39.979599,-0.035813565034973516
39.999599,-0.03558230629373048
40.019599,-0.03516298228441309
40.039599,-0.034990837762261695
40.059599,-0.03507102424242858
40.079598,-0.03524445081583865
40.099598,-0.03543223636361914
40.119598,-0.035954520745874394
40.139598,-0.036164544055922364
40.159598,-0.03628673519809969
40.179598,-0.036324777156139944
40.199597,-0.03681039487178401
40.219597,-0.0367926792540776
40.239597,-0.036603611655010346
40.259597,-0.03637228298368696
40.279596,-0.03638799393939322
40.299597,-0.0358402317016301
40.319596,-0.035781816783204724
40.339596,-0.03553587272727422
40.359596,-0.03572906620045058
40.379595,-0.035972166433533834
40.399595,-0.036535103496453614
40.419595,-0.036373961305328176
40.439595,-0.03611652540790146
40.459594,-0.036283401864781135
40.479594,-0.03624083776220789
40.499594,-0.03573246946384525
40.519594,-0.035594940326329434
40.539594,-0.035924404195804734
40.559594,-0.03621785407925362
40.579593,-0.03572151375289017
40.599593,-0.03603013846150949
40.619593,-0.03618911282049588
40.639593,-0.036461606992990024
40.659593,-0.036640511421908106
40.679592,-0.036202702564114383
40.699592,-0.03639873986016872
40.719592,-0.03607417109562706
40.739592,-0.036289299300761205
40.759592,-0.036024520745977506
40.779592,-0.035538366899791785
40.799591,-0.03630871655012731
40.819591,-0.03635305221442736
40.839591,-0.03640820372956736
40.859591,-0.03669794731931083
40.879591,-0.03675971888109604
40.89959,-0.03708974219113996
40.91959,-0.03683603589744987
40.93959,-0.03666666526809345
40.95959,-0.0362481571096137
40.979589,-0.03585330862476252
40.999589,-0.036237271328714064
41.019589,-0.0360336815851025
41.039589,-0.03648992867132235
41.059589,-0.03671913613051081
41.079588,-0.03638661864799968
41.099588,-0.036736851748218266
41.119588,-0.03678731794867683
41.139588,-0.03642109417247296
41.159588,-0.035651420512829206
41.179587,-0.03543274918415134
41.199587,-0.03535114079253911
41.219587,-0.035327947319349066
41.239587,-0.035225616317013014
41.259587,-0.034681840093241205
41.279586,-0.034886129137546074
41.299586,-0.03562501025642043
41.319586,-0.03562748111888983
41.339586,-0.03557065128204341
41.359586,-0.03566062797202402
41.379586,-0.03619836689974197
41.399585,-0.03633160699297374
41.419585,-0.03675468391602926
41.439585,-0.03654797062930681
41.459584,-0.03658461398595252
41.479584,-0.03715496363633189
41.499584,-0.03746967226104521
41.519584,-0.03701538321677103
41.539584,-0.03687808717946017
41.559584,-0.03673818041957856
41.579583,-0.03657778414920088
41.599583,-0.03613535990678063
41.619583,-0.03575729463869149
41.639583,-0.03544603589742305
41.659583,-0.03595263263402179
41.679582,-0.03608841351981232
41.699582,-0.03641549976689533
41.719582,-0.03669368158509668
41.739582,-0.03679570955710927
41.759582,-0.03704659533801884
41.779581,-0.03700685174827754
41.799581,-0.03654976550118672
41.819581,-0.03634988205127686
41.839581,-0.036283751515139975
41.859581,-0.03666435757572957
41.87958,-0.03612020839156667
41.89958,-0.03562053473190427
41.91958,-0.0360322596736529
41.93958,-0.0359970848484858
41.95958,-0.036446245687659556
41.979579,-0.03638603589745602
41.999579,-0.03616018508164277
42.019579,-0.03618675850822066
42.039579,-0.036203425174886054
42.059579,-0.03657333193476574
42.079578,-0.03637834358974233
42.099578,-0.035921443822829045
42.119578,-0.03605626899764295
42.139578,-0.03546703822840204
42.159578,-0.03537076783212825
42.179577,-0.0352712340326046
42.199577,-0.03492834358976736
42.219577,-0.03502368158512171
42.239577,-0.03539023170167124
42.259577,-0.03613034825175884
42.279576,-0.03633563962703329
42.299576,-0.03649498694637475
42.319576,-0.0365838214452065
42.339576,-0.03667239953378568
42.359576,-0.03718111748250133
42.379575,-0.037071933333332606
42.399575,-0.037018063869499504
42.419575,-0.03702526666671062
42.439575,-0.03681419440563278
42.459575,-0.03688191002333272
42.479574,-0.03669922937065908
42.499574,-0.03634293566436974
42.519574,-0.03629197995339745
42.539574,-0.03623242284382376
42.559574,-0.036164264335648656
42.579573,-0.036120558041955714
42.599573,-0.03666060466199779
42.619573,-0.036694870396248566
42.639573,-0.03662377482514434
42.659573,-0.0366896256409932
42.679572,-0.03673382144519349
42.699572,-0.036628599999982775
42.719572,-0.0366249636363487
42.739572,-0.03651249277387825
42.759572,-0.03677048811188048
42.779571,-0.03670601258742358
42.799571,-0.03652957902098708
42.819571,-0.036451397202787464
42.839571,-0.036386618647997554
42.859571,-0.0363368517482079
42.87957,-0.03656738787872327
42.89957,-0.03669347179482169
42.91957,-0.03656540652676388
42.93957,-0.03677836689973407
42.95957,-0.03698326200463393
42.979569,-0.036801327272713326
42.999569,-0.036312772494174604
43.019569,-0.03647580279718762
43.039569,-0.036397737529115924
43.059569,-0.03626484708622709
43.079569,-0.03604491701630638
43.099568,-0.0354181337995612
43.119568,-0.03552267925410399
43.139568,-0.03581195664339622
43.159568,-0.036289206060622616
43.179567,-0.03665727132867552
43.199567,-0.03665790069928582
43.219567,-0.03664006853143454
43.239567,-0.03662538321676616
43.259567,-0.03659424102563476
43.279566,-0.03649074452214515
43.299566,-0.0362511174825295
43.319566,-0.036411886713302526
43.339566,-0.03640850675991786
43.359565,-0.03658041818179964
43.379565,-0.03638510349649312
43.399565,-0.03638279580416634
43.419565,-0.03572030163169065
43.439565,-0.03609428764570023
43.459565,-0.03633992867135285
43.479564,-0.03656673519815916
43.499564,-0.036788040559471824
43.519564,-0.03653433426575894
43.539564,-0.03672410116550147
43.559564,-0.036749159440544174
43.579563,-0.036575849417231805
43.599563,-0.03624496363633554
43.619563,-0.035650558041945064
43.639563,-0.036441956643360134
43.659563,-0.036580441491884906
43.679563,-0.03693011515155713
43.699562,-0.037020534731990636
43.719562,-0.03680204988349135
43.739562,-0.036923028904443184
43.759562,-0.03708841351980246
43.779561,-0.03705589603726107
43.799561,-0.03666426433562808
43.819561,-0.036617364568729605
43.839561,-0.0366279706293322
43.859561,-0.03640871655010645
43.87956,-0.03639228298367462
43.89956,-0.03605454405593243
43.91956,-0.0363364088577974
43.93956,-0.036724847086211584
43.959559,-0.03714990536127048
43.979559,-0.03743137389272799
43.999559,-0.03759223636358077
44.019559,-0.03748899627035117
44.039559,-0.03689755104891783
44.059559,-0.036483658275066194
44.079558,-0.035797900699334424
44.099558,-0.035509182750627255
44.119558,-0.03594328531475266
44.139558,-0.03575722470868375
44.159558,-0.03565002191148608
44.179557,-0.03603216643361555
44.199557,-0.03651470722611891
44.219557,-0.036570068531484604
44.239557,-0.036725662937062475
44.259557,-0.03647822703964814
44.279556,-0.036388833100246695
44.299556,-0.03643661864802555
44.319556,-0.03660563962704274
44.339556,-0.03614589603729016
44.359555,-0.0363682969696951
44.379555,-0.036798087179494135
44.399555,-0.03673610582749278
44.419555,-0.036573868065265
44.439555,-0.03673692167830392
44.459555,-0.036954124475530745
44.479554,-0.03709487039626741
44.499554,-0.036706991608383165
44.519554,-0.03678041818178813
44.539554,-0.036632236363605714
44.559554,-0.03625729463866986
44.579553,-0.03623104755243392
44.599553,-0.03547503356642701
44.619553,-0.03535834358973538
44.639553,-0.03540843682983889
44.659553,-0.035636432167844255
44.679552,-0.03605638554777988
44.699552,-0.036232749184129664
44.719552,-0.03666552307688047
44.739552,-0.036990558041906776
44.759552,-0.0366402783216279
44.779551,-0.03708048811183134
44.799551,-0.036992772494121466
44.819551,-0.037206525407872136
44.839551,-0.037358390209760034
44.85955,-0.037489975291348385
44.87955,-0.03783794731931957
44.89955,-0.037630488111881695
44.91955,-0.03762731794871106
44.93955,-0.03714873986012489
44.95955,-0.03624363496502559
44.979549,-0.036106641958023884
44.999549,-0.03590300559439709
45.019549,-0.03605587272726994
45.039549,-0.035901816783218694
45.059549,-0.03601922937061681
45.079548,-0.03653368158505013
45.099548,-0.03684487039623609
45.119548,-0.03731643216777489
45.139548,-0.037120884382225786
45.159548,-0.03713682843817093
45.179548,-0.037136572027913047
45.199547,-0.036846478787831406
45.219547,-0.03650535990672999
45.239547,-0.03598699160835338
45.259547,-0.035842912354284905
45.279546,-0.03601897296034674
45.299546,-0.03594053473192369
45.319546,-0.03592528997669252
45.339546,-0.03602505687646458
45.359546,-0.036103868065271306
45.379545,-0.03638941585080996
45.399545,-0.03626030163170371
45.419545,-0.03619925268065519
45.439545,-0.03616137389273954
45.459545,-0.03650878648015587
45.479544,-0.03672755104892568
45.499544,-0.03695843682980624
45.519544,-0.03685939254076503
45.539544,-0.0372090428903981
45.559544,-0.03714284242421373
45.579543,-0.03736556969695319
45.599543,-0.036594986946404236
45.619543,-0.03638121072264303
45.639543,-0.03626636223779619
45.659543,-0.036319019580466336
45.679542,-0.035881280652734944
45.699542,-0.035890371561818804
45.719542,-0.03578678181820651
45.739542,-0.03620776083916148
45.759542,-0.03651230629371026
45.779541,-0.03676314545452509
45.799541,-0.03689274918412809
45.819541,-0.037782446153821786
45.839541,-0.037778040559416186
45.859541,-0.037474707226095555
45.87954,-0.03717957902097417
45.89954,-0.036984241025631144
45.91954,-0.03692687505824836
45.93954,-0.03683083776221821
45.95954,-0.03691682843820432
45.979539,-0.03666939254075129
45.999539,-0.03674853006988778
46.019539,-0.03748738787875903
46.039539,-0.03705953240090786
46.059539,-0.03682580279719172
46.079538,-0.0362926559440516
46.099538,-0.03570920606059394
46.119538,-0.03504139720278571
46.139538,-0.03491496363633374
46.159538,-0.03488032494168445
46.179538,-0.03477855337992444
46.199537,-0.03523293566431388
46.219537,-0.03623876317012953
46.239537,-0.03626936923073517
46.259537,-0.03652170023308684
46.279536,-0.03658351841492066
46.299536,-0.03642752773892685
46.319536,-0.036695243356620055
46.339536,-0.03700757435893154
46.359536,-0.037088763170124724
46.379535,-0.036873262004616436
46.399535,-0.03670032494166443
46.419535,-0.03630235291368169
46.439535,-0.03587309883444764
46.459535,-0.036085919347279394
46.479534,-0.036319648951013556
46.499534,-0.036760674592051984
46.519534,-0.03754545314681762
46.539534,-0.03757102424240895
46.559534,-0.0383480172493965
46.579533,-0.038302795804168926
46.599533,-0.03755200326338194
46.619533,-0.03698011515149767
46.639533,-0.03623769090908435
46.659533,-0.03633692167832059
46.679533,-0.03631510349652357
46.699532,-0.03629605920750775
46.719532,-0.03626582610726989
46.739532,-0.03647706153850201
46.759531,-0.03680995198137509
46.779531,-0.03700181678321076
46.799531,-0.03678843682980455
46.819531,-0.03684869324004716
46.839531,-0.03638214312349464
46.859531,-0.03703678181812356
46.87953,-0.03706535990671854
46.89953,-0.037080045221409175
46.91953,-0.03697006853143879
46.93953,-0.0369457328670893
46.95953,-0.036704450815807976
46.979529,-0.03685848344983385
46.999529,-0.03665195664331702
47.019529,-0.03638612913749974
47.039529,-0.03597424102563658
47.059529,-0.036073728205135464
47.079528,-0.036051350582761335
47.099528,-0.03612864662004667
47.119528,-0.035939742191144285
47.139528,-0.036199485780882404
47.159528,-0.0364578773892603
47.179528,-0.03666447412584371
47.199527,-0.03671563962700988
47.219527,-0.03653337855475264
47.239527,-0.036313331934734745
47.259526,-0.03657671188812019
47.279526,-0.03652619906761141
47.299526,-0.03672633892775477
47.319526,-0.036738366899770405
47.339526,-0.03721547645688274
47.359525,-0.03730853006990176
47.379525,-0.03756519673655959
47.399525,-0.03776853006988572
47.419525,-0.03797762097897343
47.439525,-0.03808170023306604
47.459525,-0.038158809790186564
47.479524,-0.03785997529135394
47.499524,-0.03778288904426144
47.519524,-0.03735512680649003
47.539524,-0.03689494032631953
47.559524,-0.03633424102560377
47.579523,-0.03614577948715694
47.599523,-0.03616682843820098
47.619523,-0.036228833100197505
47.639523,-0.036233518414886354
47.659523,-0.03663748111884571
47.679522,-0.036996478787831646
47.699522,-0.037205593006941554
47.719522,-0.03712132727269777
47.739522,-0.03674629230768958
47.759522,-0.036820931002331164
47.779521,-0.03652978881122178
47.799521,-0.036361024242460876
47.819521,-0.03594843682988958
47.839521,-0.03571149044294888
47.85952,-0.036094427505882674
47.87952,-0.036269369230794005
47.89952,-0.03679300559440842
47.91952,-0.0367444741258691
47.93952,-0.036780138461501695
47.959519,-0.03717074452209096
47.979519,-0.036693122144450134
47.999519,-0.03666361165495162
48.019519,-0.03646207319343544
48.039519,-0.03623200326337927
48.059519,-0.03631102424239843
48.079518,-0.036558366899735656
48.099518,-0.03682969557107625
48.119518,-0.036946968298353415
48.139518,-0.037203774825148105
48.159518,-0.03702612913753063
48.179517,-0.03670142051282031
48.199517,-0.03651225967367117
48.219517,-0.03620438088577893
48.239517,-0.03638701491841827
48.259516,-0.036365033566424565
48.279516,-0.03684752773891746
48.299516,-0.03691813379953183
48.319516,-0.03737552307690847
48.339516,-0.03728079114217668
48.359515,-0.03725927599068193
48.379515,-0.03695253939395868
48.399515,-0.03643079114220163
48.419515,-0.03646890303029679
48.439515,-0.037091723543102535
48.459514,-0.03717834358972861
48.479514,-0.03766515011653569
48.499514,-0.03773626899767588
48.519514,-0.03796167692309242
48.539514,-0.03795468391611388
48.559514,-0.03781421771563981
48.579513,-0.037152026573454185
48.599513,-0.03693512680654182
48.619513,-0.03650738787877458
48.639513,-0.03606619906757498
48.659513,-0.03564755104891068
48.679512,-0.035744567365935925
48.699512,-0.035549555710946514
48.719512,-0.03558752773892973
48.739512,-0.036065756177131085
48.759511,-0.0363290662004383
48.779511,-0.03659657202793602
48.799511,-0.03706391468528703
48.819511,-0.03717685174821509
48.839511,-0.036999485780842715
48.85951,-0.037245196736546526
48.87951,-0.03734251608392069
48.89951,-0.03707638554779796
48.91951,-0.03725428764570512
48.93951,-0.03789018508159716
48.95951,-0.03812573286716824
48.979509,-0.03814920606062775
48.999509,-0.03812151375295713
49.019509,-0.03744661864803919
49.039509,-0.03660862331003479
49.059509,-0.03643694498834789
49.079508,-0.03607356503496528
49.099508,-0.036497248018631696
49.119508,-0.03723918275057423
49.139508,-0.03754065128206445
49.159508,-0.03723412447555363
49.179507,-0.03687911282055318
49.199507,-0.0362506279721043
49.219507,-0.035523518414979194
49.239507,-0.0352767118881725
49.259506,-0.0353124694638875
49.279506,-0.03503321538459646
49.299506,-0.035584940326296374
49.319506,-0.03604866993003286
49.339506,-0.036042586013976495
49.359506,-0.03595228298366719
49.379505,-0.03616871655011878
49.399505,-0.03639554638696052
49.419505,-0.03636433426576838
49.439505,-0.036450488111927304
49.459505,-0.036895056876485074
49.479504,-0.03684379813522007
49.499504,-0.036959648951061935
49.519504,-0.03722174685317811
49.539504,-0.037177364568785454
49.559504,-0.03726307552446657
49.579504,-0.03736612913752606
49.599503,-0.037610301631683635
49.619503,-0.037195499766890766
49.639503,-0.03740657202794899
49.659503,-0.03791328531467246
49.679502,-0.037489415850799374
49.699502,-0.036971956643348625
49.719502,-0.03714468391606859
49.739502,-0.036807201398591706
49.759501,-0.036570721212109664
49.779501,-0.03654193333332557
49.799501,-0.037038530069916156
49.819501,-0.0369396023309912
49.839501,-0.03747871655011913
49.8595,-0.037269998601402905
49.8795,-0.037083168764570414
49.8995,-0.03691822703962165
49.9195,-0.036902096503482015
49.9395,-0.03645566293705939
49.959499,-0.03618941585079126
49.979499,-0.03629396130530543
49.999499,-0.03636515011649259
50.019499,-0.035985802797157504
50.039499,-0.03643542983679204
50.059499,-0.036332982284353506
50.079498,-0.0366772713286563
50.099498,-0.03647302890441066
50.119498,-0.0366984135197997
50.139498,-0.037025942657306465
50.159497,-0.03718456736591759
50.179497,-0.03733549976682403
50.199497,-0.037220091841411736
50.219497,-0.03686929930063035
50.239497,-0.037035709557033336
50.259497,-0.03672104755239461
50.279496,-0.03666009184144493
50.299496,-0.03643032494167936
50.319496,-0.03630659533794838
50.339496,-0.0362381571094879
50.359496,-0.03592659533794529
50.379495,-0.03572617575751867
50.399495,-0.03578647878781627
50.419495,-0.03599967226103328
50.439495,-0.03640549976686439
50.459495,-0.03680456736593676
50.479494,-0.037211979953355304
50.499495,-0.03749542983679605
50.519494,-0.0370624461538132
50.539494,-0.036739066200410696
50.559494,-0.0363373878787395
50.579494,-0.03630058135192679
50.599493,-0.03638948578084314
50.619493,-0.036711933333312415
50.639493,-0.03643640885779668
50.659492,-0.03658090769229905
50.679492,-0.03656703822844605
50.699492,-0.036730558041972255
50.719492,-0.036152376223792144
50.739492,-0.03565615244755291
50.759491,-0.03579237622377248
50.779491,-0.03629985874124893
50.799491,-0.03613887972028255
50.819491,-0.03599822703962404
50.839491,-0.03567263263402646
50.859491,-0.03603440419579891
50.87949,-0.03668263263403163
50.89949,-0.03695522004663203
50.91949,-0.036700348251744924
50.93949,-0.03631214312353357
50.95949,-0.0365475277389244
50.979489,-0.03669741118879778
50.999489,-0.03605612913752677
51.019489,-0.035902446153828455
51.039489,-0.036399509090877184
51.059489,-0.03687277249414247
51.079488,-0.03757356503492584
51.099488,-0.037424310955671225
51.119488,-0.037436478787824246
51.139488,-0.03699559300695659
51.159487,-0.03692496363635184
51.179487,-0.03698489370629119
51.199487,-0.036821467132891916
51.219487,-0.03674755104897641
51.239487,-0.03709922937065619
51.259487,-0.0363930755244959
51.279486,-0.03617002191141872
51.299486,-0.03566328531466776
51.319486,-0.03563146713284352
51.339486,-0.035558390209768774
51.359486,-0.036166292307670975
51.379485,-0.036717341258725236
51.399485,-0.03737013846153321
51.419485,-0.03764055804195217
51.439485,-0.03768090769231072
51.459485,-0.037205313286718195
51.479484,-0.0370860825174837
51.499484,-0.03684692167832883
51.519484,-0.03654971888111901
51.539484,-0.03675776083914665
51.559484,-0.03722687505825892
51.579483,-0.03772211981350889
51.599483,-0.038398343589739946
51.619483,-0.03885463729604235
51.639483,-0.03869009184150634
51.659482,-0.0386624694638954
51.679482,-0.03868855337997653
51.699482,-0.03804834358976924
51.719482,-0.0372061757575875
51.739482,-0.03669090769231389
51.759482,-0.03662482377622986
51.779481,-0.03708764428906432
51.799481,-0.037682049883474934
51.819481,-0.038354893706296946
51.839481,-0.038279718881127474
51.85948,-0.03822319207459233
51.87948,-0.038585732867127825
51.89948,-0.0374716769230729
51.91948,-0.037013961305353775
51.93948,-0.036425383216761774
51.959479,-0.036404031235414414
51.97948,-0.03653596596734941
51.999479,-0.03705971888109387
52.019479,-0.03719643216779006
52.039479,-0.0372655230768984
52.059479,-0.03728027832165562
52.079479,-0.03731559300697919
52.099478,-0.03705067459208143
52.119478,-0.03670650209790284
52.139478,-0.03662587272726875
52.159477,-0.03698062797202987
52.179477,-0.036997551048954205
52.199477,-0.037446572027966196
52.219477,-0.03693878648018059
52.239477,-0.03699601258739737
52.259476,-0.03715391468530255
52.279476,-0.03685887972026464
52.299476,-0.03690908951046214
52.319476,-0.03622032494167743
52.339476,-0.03623780745915821
52.359475,-0.03686587272723362
52.379475,-0.0371288097901879
52.399475,-0.03738461398599551
52.419475,-0.03689713146853747
52.439475,-0.03701412447553243
52.459474,-0.03718417109558751
52.479474,-0.036810208391604884
52.499474,-0.03681426433564105
52.519474,-0.03648934592070238
52.539474,-0.03651300559435002
52.559474,-0.03724584941719597
52.579473,-0.03746647878783277
52.599473,-0.03741321538459094
52.619473,-0.037132003263393984
52.639473,-0.037019998601393315
52.659472,-0.03687293566434074
52.679472,-0.03700475384615472
52.699472,-0.03725636223776016
52.719472,-0.037419206060569685
52.739472,-0.03741894965031815
52.759472,-0.03741114079250516
52.779471,-0.03709403123539592
52.799471,-0.037141467132850915
52.819471,-0.03685431095568726
52.839471,-0.03702738787878143
52.859471,-0.03740897296037567
52.87947,-0.03807878648019887
52.89947,-0.038229019580410424
52.91947,-0.03854209650347548
52.93947,-0.03872151375289344
52.959469,-0.038469159440540246
52.979469,-0.03798396130534121
52.999469,-0.03797510349648138
53.019469,-0.03765776083913592
53.039469,-0.037666735198116766
53.059469,-0.03770284242420385
53.079468,-0.03732731794868248
53.099468,-0.0373242410255847
53.119468,-0.037281910023257224
53.139468,-0.03719724801860015
53.159467,-0.036714404195776505
53.179467,-0.03636582610718702
53.199467,-0.036311140792496144
53.219467,-0.036136432167799305
53.239467,-0.03604109417246934
53.259466,-0.03638207319344715
53.279466,-0.03662915944052968
53.299466,-0.037038483449851105
53.319466,-0.036907877389240354
53.339466,-0.03723482377619816
53.359465,-0.037554334265715
53.379465,-0.038139439160807066
53.399465,-0.038350418181779714
53.419465,-0.038202376223756954
53.439465,-0.03758337855478243
53.459465,-0.03729573286714905
53.479464,-0.03699002191144673
53.499464,-0.03632827365969652
53.519464,-0.03627256270397358
53.539464,-0.036356711888119134
53.559464,-0.036699229370633635
53.579463,-0.0371812340326303
53.599463,-0.03728999860137414
53.619463,-0.03721855337993864
53.639463,-0.03702857668996247
53.659462,-0.03691866993004222
53.679462,-0.03727496363633739
53.699462,-0.037655756177118825
53.719462,-0.037711117482481335
53.739462,-0.03785016177153286
53.759461,-0.03833452074590704
53.779461,-0.038263774825180744
53.799461,-0.03772025501167212
53.819461,-0.03760563962706944
53.839461,-0.037619275990690995
53.85946,-0.03701410116549487
53.87946,-0.037075872727251456
53.89946,-0.037346105827469035
53.91946,-0.0374164787878159
53.93946,-0.03768904289037078
53.95946,-0.037249532400865946
53.979459,-0.03700466060599758
53.999459,-0.03639442750578087
54.019459,-0.03645570955708098
54.039459,-0.03627475384612209
54.059458,-0.03607953240091175
54.079458,-0.03659685174823464
54.099458,-0.03699244615384153
54.119458,-0.03771682843820914
54.139458,-0.03778305221443214
54.159457,-0.037242725874106285
54.179457,-0.0374882969696706
54.199457,-0.036954986946381496
54.219457,-0.03703757435899837
54.239457,-0.036708180419598654
54.259457,-0.036447993939424064
54.279456,-0.036270021911445564
54.299456,-0.03610787738930602
54.319456,-0.03636822703962376
54.339456,-0.03647489370626969
54.359455,-0.03671612913749603
54.379455,-0.03705999860135116
54.399455,-0.03728771421907592
54.419455,-0.03773326200463355
54.439455,-0.03741699160836452
54.459455,-0.037323868065256144
54.479454,-0.0369599286713171
54.499454,-0.0367967818181926
54.519454,-0.03678815710955045
54.539454,-0.037161583682974446
54.559453,-0.03743438088579788
54.579453,-0.03726121072261867
54.599453,-0.03717319207460653
54.619453,-0.0367016536130666
54.639453,-0.03650316876457513
54.659452,-0.03671885641025299
54.679452,-0.03645892634031031
54.699452,-0.0361349170162901
54.719452,-0.036171257342589025
54.739452,-0.036369555710881234
54.759451,-0.03680901958035918
54.779451,-0.036774683916004205
54.799451,-0.03631074452209345
54.819451,-0.03650932261068481
54.839451,-0.03681466060602519
54.859451,-0.036812003263372965
54.87945,-0.03672904289042541
54.89945,-0.03634284242422268
54.91945,-0.03620286573424481
54.93945,-0.03645554638693253
54.95945,-0.0373843109556837
54.979449,-0.037388460139825594
54.999449,-0.03754811048949104
55.019449,-0.03802081445217816
55.039449,-0.03786398461534042
55.059449,-0.03778650209785159
55.079448,-0.037747807459159774
55.099448,-0.03790678181814351
55.119448,-0.038220021911394134
55.139448,-0.03805752773891059
55.159447,-0.03802335524473374
55.179447,-0.037301350582738806
55.199447,-0.036991327272721766
55.219447,-0.036692865734246315
55.239447,-0.036596362237742666
55.259446,-0.036860907692285894
55.279446,-0.037066711888091484
55.299446,-0.03750528997667582
55.319446,-0.037918390209757055
55.339446,-0.037875662937039076
55.359445,-0.0377506279719933
55.379445,-0.03770074452210065
55.399445,-0.03756692167828601
55.419445,-0.037638553379901685
55.439445,-0.037465359906719356
55.459445,-0.03720510349647183
55.479444,-0.036943145454513715
55.499444,-0.03716389137524239
55.519444,-0.03694570955705757
55.539444,-0.03724901958038039
55.559443,-0.03687363496499163
55.579443,-0.03713682843816616
55.599443,-0.03746934592068736
55.619443,-0.037271910023262335
55.639442,-0.03694755104891667
55.659442,-0.03653657202794812
55.679442,-0.0363893925407655
55.699442,-0.03659729463867112
55.719442,-0.03637041818180195
55.739442,-0.03681939254077857
55.759441,-0.036779136130523624
55.779441,-0.037433401864792715
55.799441,-0.038214917016319086
55.819441,-0.03775386806527875
55.839441,-0.03800654871794103
55.859441,-0.037530791142181504
55.87944,-0.03695165361303167
55.89944,-0.036178063869440905
55.91944,-0.03601002191140345
55.93944,-0.036334683916065154
55.95944,-0.03672312214450266
55.979439,-0.036647690909101804
55.999439,-0.0373211407925506
56.019439,-0.037248110489538785
56.039439,-0.03770114079256694
56.059438,-0.03767794731936047
56.079438,-0.037137737529148215
56.099438,-0.036465709557111384
56.119438,-0.036428530069924005
56.139438,-0.036603914685273395
56.159437,-0.035996828438180216
56.179437,-0.03552258601395693
56.199437,-0.036368879720258894
56.219437,-0.036878296969716076
56.239437,-0.037344031235472294
56.259436,-0.03782281911425977
56.279436,-0.03771223636368008
56.299436,-0.03788918275058835
56.319436,-0.03766321538460478
56.339436,-0.037231420512789715
56.359435,-0.03655249277384669
56.379436,-0.03633288904423931
56.399435,-0.03643286573421639
56.419435,-0.03655589603725302
56.439435,-0.03637820372956095
56.459434,-0.036452819114172925
56.479434,-0.03677377482513557
56.499434,-0.037010977622324616
56.519434,-0.03724314545451315
56.539433,-0.037349765501152855
56.559433,-0.03721354172493858
56.579433,-0.03704300559442384
56.599433,-0.03686762097906279
56.619433,-0.03696274918419887
56.639433,-0.03682069790213204
56.659432,-0.036917993939408214
56.679432,-0.03754384475525886
56.699432,-0.037839462470838844
56.719432,-0.03823270256406927
56.739432,-0.03824811048947857
56.759431,-0.03834335524471341
56.779431,-0.03828797062932128
56.799431,-0.03834720139855834
56.819431,-0.03863097762232035
56.839431,-0.03791037156170194
56.859431,-0.037468553379879865
56.87943,-0.03753985874120925
56.89943,-0.03732678181814081
56.91943,-0.03681859999998538
56.93943,-0.03637752773894338
56.95943,-0.03599326200469646
56.979429,-0.035843588345034975
56.999429,-0.036070837762287825
57.019429,-0.03589172354316101
57.039429,-0.035535103496543506
57.059428,-0.03634006853150772
57.079428,-0.03715941585083753
57.099428,-0.037865103496504696
57.119428,-0.03816195664335621
57.139428,-0.03822825034965691
57.159427,-0.038316711888102345
57.179427,-0.038006199067594906
57.199427,-0.03744337855476171
57.219427,-0.03642885641022991
57.239427,-0.036236875058256256
57.259427,-0.03641016177154431
57.279426,-0.0360676675990414
57.299426,-0.03612279580417882
57.319426,-0.036497061538476955
57.339426,-0.03699692167834497
57.359426,-0.03693237622378387
57.379425,-0.03675815710957531
57.399425,-0.036912003263396095
57.419425,-0.03717566293705313
57.439425,-0.03776375151513937
57.459424,-0.03826060466198466
57.479424,-0.0383107678321293
57.499424,-0.03860372820509628
57.519424,-0.03859382144520128
57.539424,-0.03863496363633499
57.559423,-0.038202236363583525
57.579423,-0.0375162456876044
57.599423,-0.03717414778549888
57.619423,-0.03696519673654749
57.639423,-0.03688771421906343
57.659422,-0.03697535990672104
57.679422,-0.037052213053569365
57.699422,-0.03718552307689845
57.719422,-0.03760195664335389
57.739422,-0.03807652540792866
57.759421,-0.03846258601397759
57.779421,-0.038279835431243726
57.799421,-0.038357690909082844
57.819421,-0.03819873986012659
57.839421,-0.03809312214449781
57.859421,-0.03772477715616218
57.87942,-0.037426525407902346
57.89942,-0.03697442750579311
57.91942,-0.03715298228435289
57.93942,-0.03689927599064478
57.959419,-0.03687025501162233
57.979419,-0.03650661864800093
57.999419,-0.03649699160838336
58.019419,-0.03678894965036749
58.039419,-0.03708827365969846
58.059418,-0.03734524335669884
58.079418,-0.0373058960373438
58.099418,-0.03771857669001712
58.119418,-0.037933378554801896
58.139418,-0.038031187412599664
58.159417,-0.03838818041958972
58.179417,-0.03808424102564865
58.199417,-0.03817396130538409
58.219417,-0.03833720139862969
58.239417,-0.03816750442893451
58.259417,-0.03825848344990802
58.279416,-0.03786074452213288
58.299416,-0.03797759766898357
58.319416,-0.03775612913748906
58.339416,-0.03736006853141663
58.359415,-0.03743943916077448
58.379415,-0.0372697421910793
58.399415,-0.036993634964990765
58.419415,-0.037014637296007916
58.439415,-0.03688577948716645
58.459414,-0.037180534731932766
58.479414,-0.03752682843822986
58.499414,-0.03759256270399692
58.519414,-0.03785664195810163
58.539414,-0.0370354531469053
58.559413,-0.03707417109561189
58.579413,-0.0371896722611103
58.599413,-0.03720342517486029
58.619413,-0.037194310955753714
58.639413,-0.03724309883453396
58.659412,-0.037335826107246006
58.679412,-0.03740400792539879
58.699412,-0.03712734125872625
58.719412,-0.037083168764549215
58.739412,-0.036872982284350674
58.759411,-0.03736111748250586
58.779411,-0.03770211981351963
58.799411,-0.03782391468530964
58.819411,-0.0383058261072345
58.839411,-0.03816722470863959
58.85941,-0.037838693240104415
58.87941,-0.03722939254078064
58.89941,-0.03711794731931257
58.91941,-0.036732865734220056
58.939409,-0.036771886713257
58.959409,-0.036978646620024896
58.979409,-0.03713519673657144
58.999409,-0.03721878648016426
59.019409,-0.038026595337978905
59.039409,-0.03801277249417135
59.059409,-0.038111187412593256
59.079408,-0.03811342517483014
59.099408,-0.038500837762239296
59.119408,-0.03807090769231824
59.139408,-0.03780377482519996
59.159407,-0.03770204988347373
59.179407,-0.03765328531472787
59.199407,-0.037571676923121994
59.219407,-0.03754158368300987
59.239407,-0.037284194405622764
59.259406,-0.03682929930071067
59.279406,-0.03703883310023803
59.299406,-0.03713156037297129
59.319406,-0.03683034825174743
59.339406,-0.03664678181817858
59.359405,-0.0369643808857867
59.379405,-0.037422539393959786
59.399405,-0.03809876317018236
59.419405,-0.037789695571133985
59.439405,-0.037670791142236676
59.459404,-0.03744433426576059
59.479404,-0.03755202657343487
59.499404,-0.03735307552448262
59.519404,-0.037168133799503254
59.539403,-0.03683111748248291
59.559403,-0.03671060466195371
59.579403,-0.037228366899725265
59.599403,-0.03743764428901383
59.619403,-0.03694792400931042
59.639403,-0.03706978881116859
59.659403,-0.03697328531465434
59.679402,-0.036738133799477476
59.699402,-0.03667473053607316
59.719402,-0.036952492773830545
59.739402,-0.036923611654966694
59.759402,-0.037447504428869745
59.779401,-0.03818535990677299
59.799401,-0.038034823776255465
59.819401,-0.038049439160880064
59.839401,-0.03826132727275792
59.8594,-0.03822927599068155
59.8794,-0.0376914438228017
59.8994,-0.037421863403197524
59.9194,-0.03778934592067922
59.9394,-0.03816013846147637
59.959399,-0.03857701491838418
59.979399,-0.038458693240102065
59.999399,-0.03785542983685547
60.019399,-0.03710801724947117
60.039399,-0.03669181678328534
60.059398,-0.03621211981358789
60.079398,-0.03584419440566018
60.099398,-0.03584186340332393
60.119398,-0.03646575617719128
60.139398,-0.03712960233102137
60.159397,-0.037701816783214194
60.179397,-0.0380967118880875
60.199397,-0.03823729463866777
60.219397,-0.03837736456874658
60.239397,-0.038608926340301955
60.259396,-0.038434683916064846
60.279397,-0.03833442750583683
60.299396,-0.037931280652690205
60.319396,-0.03756237622376687
60.339396,-0.0374550102563863
60.359395,-0.037332049883404585
60.379395,-0.036807900699262736
60.399395,-0.03723232960369916
60.419395,-0.0372056163169929
60.439395,-0.036837364568739143
60.459394,-0.0367560125873832
60.479394,-0.03674410116549444
60.499394,-0.036445523076901666
60.519394,-0.03673887972024907
60.539394,-0.03708680512816685
60.559393,-0.037361746853119326
60.579393,-0.037385173426566255
60.599393,-0.03771920606060833
60.619393,-0.037081606993033256
60.639393,-0.03680715477860245
60.659392,-0.03675225967370283
60.679392,-0.036540861072302123
60.699392,-0.0367849170163143
60.719392,-0.03708316876454444
60.739392,-0.03727701491839091
60.759391,-0.0380816536130153
60.779391,-0.03822060466196216
60.799391,-0.038002889044259316
60.819391,-0.03799158368297243
60.839391,-0.03832382144523158
60.85939,-0.037965779487185686
60.87939,-0.038444544055931895
60.89939,-0.03874498694635348
60.91939,-0.038172282983648
60.93939,-0.03824172354310404
60.95939,-0.0381757328671109
60.979389,-0.03734242284381602
60.999389,-0.03673787738929432
61.019389,-0.036883914685348754
61.039389,-0.03685020839165919
61.059388,-0.036488949650388736
61.079388,-0.03702843682987066
61.099388,-0.03685118741260235
61.119388,-0.03691773752915192
61.139388,-0.03759020839160827
61.159387,-0.03763242284381366
61.179387,-0.03748011515151367
61.199387,-0.03784405454545271
61.219387,-0.03799216643356272
61.239387,-0.038129112820499904
61.259386,-0.037790208391586685
61.279386,-0.037891816783188176
61.299386,-0.037358972960337605
61.319386,-0.037325989277352395
61.339386,-0.037698040559398745
61.359385,-0.0376489962703691
61.379385,-0.03761542983682699
61.399385,-0.038325429836835914
61.419385,-0.03827848344991954
61.439384,-0.038327341258774836
61.459384,-0.03804727132872565
61.479384,-0.038080954312389316
61.499384,-0.03750414778557626
61.519384,-0.0371332386946406
61.539383,-0.03668100093241094
61.559383,-0.03651524335665368
61.579383,-0.03645587272727289
61.599383,-0.036674986946381924
61.619383,-0.03664773752912764
61.639382,-0.036930697902074275
61.659382,-0.037250511421878005
61.679382,-0.03766342517477853
61.699382,-0.03779559300694658
61.719382,-0.03776083776219004
61.739382,-0.037245989277358796
61.759381,-0.0373077608391281
61.779381,-0.037449579020936444
61.799381,-0.03744109417243221
61.819381,-0.03723093100225798
61.839381,-0.037631816783156136
61.85938,-0.03773349510483373
61.87938,-0.037824753846100574
61.89938,-0.037772586013940956
61.91938,-0.037780604661977524
61.93938,-0.037319812121186596
61.959379,-0.03746058135196983
61.979379,-0.037951700233094805
61.999379,-0.03795652540790621
62.019379,-0.037940068531463325
62.039379,-0.03809813379953391
62.059378,-0.03790375151513517
62.079378,-0.037514683916050805
62.099378,-0.03698065128202026
62.119378,-0.0365439613053516
62.139378,-0.03630100093239142
62.159377,-0.03654179347319878
62.179377,-0.036732632634032064
62.199377,-0.037185686247061735
62.219377,-0.03747918275056455
62.239377,-0.037532842424208526
62.259376,-0.03770834358970173
62.279376,-0.037975476456827965
62.299376,-0.03769239953375765
62.319376,-0.0377754764568559
62.339375,-0.03775004522143852
62.359375,-0.037653961305375655
62.379375,-0.03741032494174596
62.399375,-0.0375836815850937
62.419375,-0.03678659533800905
62.439375,-0.036599019580415025
62.459374,-0.036906315617700546
62.479374,-0.036754567365925195
62.499374,-0.03684922937056763
62.519374,-0.03734253939388192
62.539373,-0.03762107086241932
62.559373,-0.03761361165496835
62.579373,-0.03765941585078675
62.599373,-0.03751878648015574
62.619373,-0.03709687505825959
62.639373,-0.03697825034963122
62.659372,-0.037102282983662346
62.679372,-0.03684135058273258
62.699372,-0.03709195664334299
62.719372,-0.03742466060607511
62.739372,-0.03759284242426162
62.759371,-0.03719347179487692
62.779371,-0.037197784149191636
62.799371,-0.037048040559446625
62.819371,-0.03733941585082615
62.839371,-0.037317084848467796
62.85937,-0.03742696829835048
62.87937,-0.03778151375288591
62.89937,-0.03781859999997339
62.91937,-0.0381334018647972
62.939369,-0.038068530069918005
62.959369,-0.037893984615363786
62.979369,-0.03782312214451062
62.999369,-0.03785594265735851
63.019369,-0.038004077855490176
63.039369,-0.03767780745922043
63.059368,-0.03738755104896968
63.079368,-0.03736869324009747
63.099368,-0.03685204988344144
63.119368,-0.03671988205125484
63.139368,-0.03666610582746175
63.159367,-0.036800231701572816
63.179367,-0.03668790069924983
63.199367,-0.037066105827467874
63.219367,-0.03731638554774535
63.239367,-0.03714577948714072
63.259366,-0.03725771421907799
63.279366,-0.03760132727271074
63.299366,-0.03761074452213178
63.319366,-0.03831792400929921
63.339366,-0.038503681585073814
63.359365,-0.038551606992996944
63.379365,-0.0384150335664233
63.399365,-0.038552772494156326
63.419365,-0.03844316876455477
63.439365,-0.0379144974358635
63.459364,-0.03774643216780332
63.479364,-0.03769244615384549
63.499364,-0.03780004522144214
63.519364,-0.03800461398600747
63.539364,-0.03768286573428131
63.559363,-0.03783160699301433
63.579363,-0.03812650209790638
63.599363,-0.03835545314684649
63.619363,-0.0384189263403338
63.639363,-0.0378272013986029
63.659362,-0.0371441244755254
63.679362,-0.03686575617715659
63.699362,-0.03680433426570637
63.719362,-0.03657165361302646
63.739362,-0.03648281911418622
63.759361,-0.0364614671328219
63.779361,-0.03673186340323563
63.799361,-0.036912282983644365
63.819361,-0.036981816783198715
63.839361,-0.036837108158503516
63.85936,-0.03673167692308036
63.87936,-0.037541070862485086
63.89936,-0.03779834358976124
63.91936,-0.038112935664380024
63.939359,-0.03803787738931515
63.959359,-0.03773438088580579
63.979359,-0.03734731794873693
63.999359,-0.03691748111887973
64.019359,-0.03670396130535309
64.039358,-0.03665892634031205
64.059358,-0.03653608251747415
64.079358,-0.03733510349652469
64.099358,-0.03745887972032019
64.119358,-0.03826675850821254
64.139358,-0.03805044149187456
64.159357,-0.03793568624709476
64.179357,-0.03786165361305717
64.199357,-0.03750232960372663
64.219357,-0.036940091841467286
64.239357,-0.03653883310019871
64.259356,-0.03699503356641446
64.279356,-0.037417084848499406
64.299356,-0.037648157109580284
64.319356,-0.03845293566435213
64.339355,-0.03837629230768816
64.359355,-0.038708786480178156
64.379355,-0.0388392993006959
64.399355,-0.03816915944055301
64.419355,-0.037367271328654236
64.439355,-0.03678018508158318
64.459355,-0.036747947319352076
64.479354,-0.036171397202823405
64.499354,-0.03614724801868219
64.519354,-0.03655559300703396
64.539354,-0.03652356503499039
64.559355,-0.037067527738960396
64.579353,-0.03766638554781676
64.599353,-0.03797619906761341
64.619353,-0.03809149044290044
64.639353,-0.038268413519817794
64.659352,-0.03808906620044839
64.679352,-0.038071513752885144
64.699352,-0.03798575617713208
64.719352,-0.03797738787876901
64.739352,-0.03786156037292494
64.759351,-0.038047457808838524
64.779351,-0.03817412447550233
64.799351,-0.03859403123539835
64.819351,-0.03876859999997741
64.83935,-0.038662655944040066
64.85935,-0.03838934592073796
64.87935,-0.03806181678322272
64.89935,-0.03762846013987951
64.91935,-0.037077970629391235
64.939349,-0.03684995198137481
64.959349,-0.03639307552450544
64.979349,-0.03647139720281965
64.999349,-0.03698188671328543
65.019349,-0.0372785067598933
65.039349,-0.03732454405592566
65.059348,-0.03736230629369061
65.079348,-0.03717025501165568
65.099348,-0.03738517342656838
65.119348,-0.03702097762238629
65.139348,-0.03696025501166912
65.159347,-0.03720279580422032
65.179347,-0.03754708484850297
65.199347,-0.03773321538461885
65.219347,-0.03802027832168684
65.239347,-0.03813218974359344
65.259346,-0.03812006853148005
65.279346,-0.03788720139861042
65.299346,-0.038235196736607496
65.319346,-0.03788708484849416
65.339346,-0.03782216643356633
65.359345,-0.03797496363637845
65.379345,-0.038066105827509425
65.399345,-0.03787461398601874
65.419345,-0.03780139720281615
65.439345,-0.03755197995338678
65.459344,-0.03762727132868417
65.479344,-0.03758344848486331
65.499344,-0.037939718881137875
65.519344,-0.03762132727273762
65.539343,-0.03764135058276391
65.559343,-0.037309788811217735
65.579343,-0.037601606993022084
65.599343,-0.03719650209791388
65.619343,-0.03693111748252936
65.639343,-0.03686866993007624
65.659342,-0.03739978881121365
65.679342,-0.03762720139863508
65.699342,-0.03806822703964065
65.719342,-0.037855080186491856
65.739341,-0.03809272587413699
65.759341,-0.03774053473193986
65.779341,-0.03814179347317929
65.799341,-0.03775741118877106
65.819341,-0.03732405454540771
65.83934,-0.0368324694638177
65.85934,-0.037198530069892745
65.87934,-0.037245010256380134
65.89934,-0.03723696829835317
65.91934,-0.03725328531468465
65.939339,-0.037412259673678464
65.95934,-0.03722811048953098
65.979339,-0.03766773752915791
65.999339,-0.037546292307691236
66.019339,-0.03704829696967324
66.039338,-0.036969882051245885
66.059338,-0.037542236363597825
66.079338,-0.037775476456840006
66.099338,-0.03776288904425628
66.119338,-0.03788839020974905
66.139338,-0.0376398121211705
66.159337,-0.03763563962700801
66.179337,-0.038031210722578396
66.199337,-0.038237014918388754
66.219337,-0.038062655944021605
66.239336,-0.0382269916083828
66.259336,-0.038189695571087645
66.279336,-0.038384404195798645
66.299336,-0.038158763170171334
66.319336,-0.03787813379954133
66.339336,-0.03771076783217921
66.359335,-0.03792160699302613
66.379335,-0.03822997529139552
66.399335,-0.03826307552449169
66.419335,-0.037916828438229966
66.439334,-0.037823122144524934
66.459334,-0.03814841351981283
66.479334,-0.03826461398602573
66.499334,-0.038295662937093286
66.519334,-0.03854974219116335
66.539334,-0.038568390209821
66.559333,-0.038857900699326126
66.579333,-0.03879554638695964
66.599333,-0.03838132727272154
66.619333,-0.03815859999998472
66.639333,-0.03792713146850751
66.659332,-0.03806967226104883
66.679332,-0.03776818041955762
66.699332,-0.037782282983642064
66.719332,-0.037946851748208214
66.739332,-0.03794090769227175
66.759331,-0.037928903030256575
66.779331,-0.037563634964977916
66.799331,-0.03763076783212944
66.819331,-0.03788095431232928
66.83933,-0.03766184009323296
66.85933,-0.037998786480204744
66.87933,-0.03814107086251256
66.89933,-0.03829920606064866
66.91933,-0.038315989277451515
66.939329,-0.03827333193478209
66.959329,-0.03792706153848758
66.979329,-0.03801584941727283
66.999329,-0.038180954312362625
67.019329,-0.0381925860139957
67.039329,-0.037819555710970676
67.059329,-0.03776687505829159
67.079328,-0.038048110489524535
67.099328,-0.03814006853147831
67.119328,-0.038042749184152916
67.139328,-0.0382199986013889
67.159327,-0.03780915944054607
67.179327,-0.03809832027972099
67.199327,-0.038117084848493826
67.219327,-0.03800722470865771
67.239327,-0.037597341258774536
67.259326,-0.037189089510511
67.279326,-0.03739689836830082
67.299326,-0.037478017249398275
67.319326,-0.03779643216779899
67.339325,-0.03799153706289095
67.359325,-0.03780857668992822
67.379325,-0.03844165361301853
67.399325,-0.038314613986013976
67.419325,-0.03787314545455604
67.439324,-0.03750787738930387
67.459324,-0.036842749184176946
67.479324,-0.036873005594413144
67.499324,-0.03686540652679563
67.519324,-0.03703601258740927
67.539324,-0.03668964895102599
67.559324,-0.03684267925405472
67.579323,-0.03743953240092579
67.599323,-0.03752104755245403
67.619323,-0.037758366899775235
67.639323,-0.03809277249420045
67.659322,-0.03824326200469639
67.679322,-0.038763378554821086
67.699322,-0.03860818041962205
67.719322,-0.038211024242469
67.739322,-0.037687178088613514
67.759321,-0.037708390209830384
67.779321,-0.03749696829842603
67.799321,-0.037578320279770844
67.819321,-0.037407317948758755
67.83932,-0.03745440419582417
67.85932,-0.037716968298377805
67.87932,-0.03767955571096428
67.89932,-0.037439602331006676
67.91932,-0.0376073878787942
67.93932,-0.03771351841492603
67.959319,-0.03784811048951273
67.979319,-0.03733449743590797
67.999319,-0.03725025501166782
68.019319,-0.03712494032635788
68.039318,-0.037131723543125564
68.059318,-0.03722414778555231
68.079318,-0.03692242284383654
68.099318,-0.03720563962707763
68.119318,-0.03763608251754307
68.139318,-0.03796209650355758
68.159317,-0.038257924009369074
68.179317,-0.038239415850838746
68.199317,-0.038629625641041214
68.219317,-0.03890934592076283
68.239316,-0.03875915944057499
68.259316,-0.038682562703976596
68.279317,-0.03859048811189067
68.299316,-0.038682329603738255
68.319316,-0.03858927599070917
68.339315,-0.0383473179487419
68.359315,-0.03809827365968932
68.379315,-0.03787580279720667
68.399315,-0.037754357575768616
68.419315,-0.037797714219143
68.439315,-0.03772414778560965
68.459314,-0.037862725874192975
68.479314,-0.03821344848489295
68.499314,-0.03844724801868521
68.519314,-0.03862790069933759
68.539314,-0.038610534731965115
68.559313,-0.038395150116567786
68.579313,-0.03812661864803058
68.599313,-0.03780494032635351
68.619313,-0.037648063869488865
68.639313,-0.03765598927743667
68.659312,-0.037629322610775846
68.679312,-0.03802594265739359
68.699312,-0.03828992867138886
68.719312,-0.03850100093247148
68.739311,-0.03865915944064144
68.759311,-0.03846093100241209
68.779311,-0.03821533659681128
68.799311,-0.03827347179493591
68.819311,-0.03841561631706235
68.839311,-0.038532982284401766
68.85931,-0.03849645547786277
68.87931,-0.03865971888110883
68.89931,-0.03820365827504955
68.91931,-0.037851210722601426
68.93931,-0.03759617575756481
68.959309,-0.037602912354298176
68.979309,-0.037213308624686456
68.999309,-0.03754267925407299
69.019309,-0.03799177016316056
69.039308,-0.03809505687645363
69.059308,-0.03859037156177706
69.079308,-0.038497574358978826
69.099308,-0.03802393799536643
69.119308,-0.03787009184152974
69.139308,-0.03774013846158911
69.159307,-0.03803361165504694
69.179307,-0.03750508018651373
69.199307,-0.037590115151568265
69.219307,-0.037614334265779766
69.239306,-0.03730197995341164
69.259306,-0.037517597669017626
69.279306,-0.037499672261076
69.299306,-0.03758773752913941
69.319306,-0.0379456396270601
69.339305,-0.03767967226108901
69.359305,-0.03801498694639187
69.379305,-0.03793097762239006
69.399305,-0.038181420512850436
69.419305,-0.03785256270399716
69.439304,-0.03733407785552125
69.459304,-0.0373952433566998
69.479304,-0.037580791142234934
69.499304,-0.03787216643359539
69.519304,-0.03802927599069837
69.539303,-0.03789197995338697
69.559303,-0.038244893706289515
69.579303,-0.03870526666666352
69.599303,-0.03921375151515832
69.619303,-0.0388539846154088
69.639302,-0.03854232960378008
69.659302,-0.03848030163176084
69.679302,-0.03791191002337008
69.699302,-0.037893961305418444
69.719302,-0.037200464801933356
69.739301,-0.03724790069938412
69.759301,-0.03740734125880373
69.779301,-0.037774101165547684
69.799301,-0.03839424102567053
69.819301,-0.038631187412596926
69.839301,-0.039125336596728656
69.8593,-0.03915785407921492
69.8793,-0.03908568624704485
69.8993,-0.0392747072260656
69.9193,-0.0384260125873852
69.939299,-0.037977784149171696
69.959299,-0.037623005594406934
69.979299,-0.03743060466202483
69.999299,-0.03775522004666495
70.019299,-0.038285010256475446
70.039298,-0.03887743449891661
70.059299,-0.0388315137530058
70.079298,-0.039051420512924456
70.099298,-0.03861825034973068
70.119298,-0.03804041818186225
70.139297,-0.03739438088579234
70.159297,-0.037107457808863854
70.179297,-0.03756943916083688
70.199297,-0.03804004522143405
70.219297,-0.038501933333305594
70.239296,-0.03875503356640865
70.259296,-0.038720884382287386
70.279296,-0.03852295897436454
70.299296,-0.0378081804195674
70.319296,-0.03765887972025409
70.339296,-0.03737647878786389
70.359295,-0.0373215836830088
70.379295,-0.03789207319350012
70.399295,-0.03805515011657554
70.419295,-0.038359532400959434
70.439295,-0.038317667599094864
70.459294,-0.03783316876460343
70.479294,-0.03765006853150967
70.499294,-0.03716806386948279
70.519294,-0.037096735198164074
70.539294,-0.03723153706296639
70.559293,-0.03736403123545254
70.579293,-0.0374199752913746
70.599293,-0.03754118741258545
70.619292,-0.03760095431236734
70.639292,-0.03762957902098126
70.659292,-0.037686572027981424
70.679292,-0.03795799393943622
70.699292,-0.03802018508162564
70.719292,-0.03772680512825552
70.739291,-0.037505010256442914
70.759291,-0.0371718400932304
70.779291,-0.03683375151512355
70.799291,-0.037109229370609745
70.819291,-0.03736053473191398
70.83929,-0.03752638554777272
70.85929,-0.03802239953380747
70.87929,-0.038418436829870437
70.89929,-0.03861298228440649
70.91929,-0.03842118741260665
70.939289,-0.03780918275060006
70.959289,-0.03758960233099367
70.979289,-0.03771869324009362
70.999289,-0.03786496363636785
71.019289,-0.03770743449883203
71.039288,-0.03715377482519855
71.059288,-0.03737489370632998
71.079288,-0.03784820372963701
71.099288,-0.03801041818182722
71.119288,-0.03816771421911197
71.139287,-0.03786664195803239
71.159287,-0.03781020839157753
71.179287,-0.03772265594401081
71.199287,-0.03700964895098499
71.219287,-0.036701257342604016
71.239287,-0.036805686247066066
71.259286,-0.037376968298385556
71.279286,-0.03774431095574206
71.299286,-0.03755843682988883
71.319286,-0.03765461398607386
71.339286,-0.0374219100233495
71.359285,-0.037497014918438085
71.379285,-0.037350324941725195
71.399285,-0.03741652540792283
71.419285,-0.03760079114219716
71.439284,-0.037835965967396745
71.459284,-0.03840820372965893
71.479284,-0.03872654871800897
71.499284,-0.03842734125880273
71.519284,-0.03822594265737201
71.539284,-0.03790356503495765
71.559283,-0.03757766759905674
71.579283,-0.037567341258724136
71.599283,-0.037644427505810804
71.619283,-0.03676135058272627
71.639282,-0.03621682843821414
71.659282,-0.036310301631707856
71.679282,-0.03667556969698653
71.699282,-0.03679785407925368
71.719282,-0.03699624568764207
71.739281,-0.03750088438228771
71.759281,-0.03786209650350159
71.779281,-0.038753937995340756
71.799281,-0.03865447412587414
71.819281,-0.038068763170156346
71.83928,-0.03803065128206118
71.85928,-0.038020931002374976
71.87928,-0.03789263263407882
71.89928,-0.03783939254083693
71.91928,-0.03763799393946186
71.93928,-0.037629858741309564
71.95928,-0.03803104755248083
71.979279,-0.038416338927777835
71.999279,-0.03835083776226184
72.019279,-0.0380339379953539
72.039279,-0.03829009184152565
72.059278,-0.037871886713322735
72.079278,-0.03760815710956626
72.099278,-0.03713041818181979
72.119278,-0.03683957902099305
72.139278,-0.036565196736597014
72.159277,-0.03701435757575275
72.179277,-0.03706270256411189
72.199277,-0.03719790069930047
72.219277,-0.037416292307695616
72.239277,-0.03768505687646003
72.259276,-0.03752528997667779
72.279276,-0.03767554638692267
72.299276,-0.037769742191131876
72.319276,-0.03802650209791664
72.339275,-0.038126408857848355
72.359275,-0.038441094172531
72.379275,-0.038110091841542855
72.399275,-0.03769552307698461
72.419275,-0.037632795804239214
72.439274,-0.03736869324013033
72.459275,-0.03712647878791313
72.479274,-0.0368894857809079
72.499274,-0.036829812121228024
72.519274,-0.03677617575757761
72.539274,-0.03741950909090905
72.559273,-0.037877061538433614
72.579273,-0.03797438088574311
72.599273,-0.03773046480181161
72.619273,-0.03811619906754032
72.639272,-0.03786146713282133
72.659272,-0.03747081445218717
72.679272,-0.037228413519788194
72.699272,-0.03683111748251154
72.719271,-0.037011840093243216
72.739272,-0.03756391468532848
72.759271,-0.03772309883450929
72.779271,-0.037897434498837285
72.799271,-0.03740617575754525
72.819271,-0.03732062797199932
72.83927,-0.03715946247084269
72.85927,-0.03707752773891872
72.87927,-0.036921047552440335
72.89927,-0.037461840093261436
72.91927,-0.03808365827510924
72.93927,-0.03851890303036654
72.959269,-0.03871908951054898
72.979269,-0.03923090769233743
72.999269,-0.03902468391608099
73.019269,-0.039069812121215575
73.039268,-0.03947934592074362
73.059268,-0.038817038228416305
73.079268,-0.03849309883449075
73.099268,-0.038441653613065174
73.119267,-0.03828918275060614
73.139268,-0.03771913613055765
73.159267,-0.03769708484850692
73.179267,-0.03792862331003957
73.199267,-0.03754060466203968
73.219267,-0.03723687505831423
73.239266,-0.037521373892804986
73.259266,-0.03737349510493332
73.279266,-0.037749019580476426
73.299266,-0.037722236363702
73.319266,-0.038271070862517714
73.339266,-0.03804773752917213
73.359265,-0.0384479473193891
73.379265,-0.0382671314685888
73.399265,-0.037339765501221034
73.419265,-0.036824520745959016
73.439265,-0.03657347179490789
73.459264,-0.03634913613057416
73.479264,-0.037071257342706554
73.499264,-0.037399089510560105
73.519264,-0.03802230629377118
73.539263,-0.03828794731939079
73.559263,-0.03883004522148427
73.579263,-0.0392439379953836
73.599263,-0.03897256270400764
73.619263,-0.03886032494176704
73.639262,-0.03871137389279455
73.659262,-0.03868480046621348
73.679262,-0.03933191002333704
73.699262,-0.03859172354315054
73.719262,-0.03808277249419019
73.739261,-0.03764069790209751
73.759261,-0.037430791142195476
73.779261,-0.03738943916086415
73.799261,-0.03718370489516277
73.819261,-0.037349089510543235
73.839261,-0.03776163030308022
73.85926,-0.037791117482557084
73.87926,-0.03807794731938674
73.89926,-0.0382431454545743
73.91926,-0.038329112820551466
73.93926,-0.03842857669001809
73.959259,-0.03805242284386151
73.979259,-0.0375330755245004
73.999259,-0.03718911282054538
74.019258,-0.03692538321678891
74.039258,-0.036495686247095066
74.059258,-0.036752073193460646
74.079258,-0.03685755104893402
74.099258,-0.03773549976688634
74.119258,-0.037599858741232665
74.139257,-0.038051280652648005
74.159257,-0.03765890303027681
74.179257,-0.03767862330998865
74.199257,-0.03748853006991158
74.219257,-0.037353914685302164
74.239256,-0.03693680512823074
74.259256,-0.03727535990679042
74.279256,-0.03707601258745191
74.299256,-0.03773715477859653
74.319256,-0.03780090769235596
74.339255,-0.03825184009329151
74.359255,-0.038203262004718935
74.379255,-0.03863309883454592
74.399255,-0.038353937995393994
74.419255,-0.03813256270402005
74.439255,-0.03719832027976192
74.459254,-0.03690561631704276
74.479254,-0.03723724801865551
74.499254,-0.037388763170171854
74.519255,-0.03744009184151721
74.539253,-0.03753295897438679
74.559253,-0.0376784834499191
74.579253,-0.037650418181858436
74.599253,-0.037480138461582505
74.619252,-0.03738750442893272
74.639252,-0.03726468391608521
74.659252,-0.037731700233082616
74.679252,-0.03808743449878742
74.699252,-0.03834421771558642
74.719252,-0.03883333193470703
74.739251,-0.038731676923073347
74.759251,-0.03808591934733069
74.779251,-0.03736545314687987
74.799251,-0.036983028904469785
74.819251,-0.0366060125874614
74.83925,-0.03673086107231691
74.85925,-0.03701468391613763
74.87925,-0.03725020839167804
74.89925,-0.03822769090916514
74.91925,-0.03850335524482197
74.93925,-0.03827062797208602
74.959249,-0.038110744522179045
74.979249,-0.03806074452216218
74.999249,-0.03796202657343377
75.019249,-0.037814590675993805
75.039248,-0.03797904289045429
75.059248,-0.03808657202800504
75.079248,-0.037907877389328014
75.099248,-0.03805114079257846
75.119248,-0.037668087179537416
75.139247,-0.037612865734295856
75.159247,-0.037945056876468757
75.179247,-0.03808167692309367
75.199247,-0.038437690909108764
75.219247,-0.03850552307693133
75.239246,-0.03852487039628015
75.259246,-0.03857461398604708
75.279246,-0.03825351841494864
75.299246,-0.038080791142198464
75.319246,-0.037335919347320994
75.339245,-0.037003961305350934
75.359245,-0.03705386806528433
75.379245,-0.03737216643359051
75.399245,-0.03808323869467482
75.419245,-0.03874538321680811
75.439245,-0.03903081445224481
75.459244,-0.038848693240147746
75.479244,-0.03921074452219072
75.499244,-0.03914834358977031
75.519243,-0.03922363496503589
75.539243,-0.039036199067599406
75.559243,-0.039091187412584064
75.579246,-0.038929602330989826
75.599243,-0.039046944988333034
75.619242,-0.03874062797200763
75.639242,-0.03783316876456897
75.659242,-0.03698351841493103
75.679242,-0.037196175757593666
75.699242,-0.03748356503499407
75.719242,-0.038322889044329095
75.739241,-0.038309392540839635
75.759241,-0.03867664195809412
75.779241,-0.03849631561777096
75.799241,-0.03825741118883582
75.819241,-0.03776976550117686
75.83924,-0.03782242284383958
75.85924,-0.03743957902098396
75.87924,-0.03763911282053021
75.89924,-0.0378785067599425
75.91924,-0.03830041818188051
75.939239,-0.03844720139867315
75.959239,-0.0387218634033641
75.979239,-0.038379345920828936
75.999239,-0.038075872727342294
76.019238,-0.03824801724946772
76.039238,-0.03835375151519103
76.059238,-0.038186641958073544
76.079238,-0.03848368158512219
76.099238,-0.038473052214483085
76.119238,-0.038382259673691334
76.139237,-0.03808480046624484
76.159237,-0.03802542983688259
76.179237,-0.03749505687648498
76.199237,-0.03719573286716514
76.219237,-0.03732223636365294
76.239236,-0.03763932261072993
76.259236,-0.03806379813519324
76.279236,-0.03837172354311768
76.299236,-0.03846605920744413
76.319236,-0.03833295897436459
76.339236,-0.03829528997670377
76.359235,-0.03803960233101666
76.379235,-0.037551723543132604
76.399235,-0.03703619906763874
76.419235,-0.03714412447557734
76.439234,-0.03752892634037812
76.459234,-0.03741962564105604
76.479234,-0.037531070862487546
76.499234,-0.037942469463876215
76.519233,-0.03805540652679103
76.539233,-0.03825463729600321
76.559233,-0.03829137389272602
76.579233,-0.038260138461490484
76.599233,-0.03854396130534512
76.619233,-0.038627294638707094
76.639232,-0.038443308624744627
76.659232,-0.03800463729607047
76.679232,-0.03805687505831308
76.699232,-0.03808971888116515
76.719232,-0.03791573286716207
76.739231,-0.03816734125878288
76.759231,-0.03828617575760515
76.779231,-0.0381851034965273
76.799231,-0.038155639627065745
76.819231,-0.03783142051283786
76.839231,-0.03728668857809156
76.85923,-0.03727384475524147
76.87923,-0.03750274918414568
76.89923,-0.03783025501167106
76.91923,-0.0384020498834655
76.939229,-0.039171700233132115
76.959229,-0.03886647878792549
76.979229,-0.038498903030355025
76.999229,-0.03802491701636471
77.019228,-0.03782573286716404
77.039228,-0.037646595338007086
77.059228,-0.03782326200467663
77.079228,-0.037740278321673495
77.099228,-0.03787524335664812
77.119228,-0.038112213053614716
77.139229,-0.0383439146853096
77.159227,-0.03809570955711526
77.179227,-0.038134054545474735
77.199227,-0.03815818041960012
77.219227,-0.03858577948721195
77.239226,-0.038596688578118946
77.259226,-0.03876755104897986
77.279226,-0.03887724801867389
77.299226,-0.03881314545458848
77.319226,-0.03870055804199328
77.339226,-0.03875999860143217
77.359225,-0.03899146713290514
77.379225,-0.039015359906793244
77.399225,-0.038895453146883405
77.419225,-0.039044171095599
77.439225,-0.038413168764591825
77.459224,-0.03858580279721348
77.479224,-0.03883883310023777
77.499224,-0.03867708484850038
77.519224,-0.03845223636364506
77.539223,-0.03879186340327535
77.559223,-0.03883018508158826
77.579223,-0.03929860000001466
77.599223,-0.03898811048952729
77.619223,-0.03872316876457872
77.639222,-0.03810475384617275
77.659222,-0.038134264335698304
77.679222,-0.03814382144525408
77.699222,-0.037833565035007705
77.719222,-0.03792946247090683
77.739221,-0.0383363622378059
77.759221,-0.03854195664341707
77.779221,-0.039012795804262645
77.799221,-0.038330301631758476
77.819221,-0.03787447412591368
77.83922,-0.037544520745951174
77.85922,-0.03788379813524383
77.87922,-0.03788918275061909
77.89922,-0.03789372820515413
77.919219,-0.0384847305361457
77.939219,-0.03852400792541933
77.959219,-0.03865079114221529
77.979219,-0.03835265594406642
77.999219,-0.03788820372961817
78.019218,-0.03731417109558366
78.039218,-0.037102772494198855
78.059218,-0.037120697902138365
78.079218,-0.0374126326340685
78.099218,-0.03760433426574777
78.119218,-0.03814538321679177
78.139217,-0.03834202657343208
78.159217,-0.0386351501165475
78.179217,-0.0388021664335529
78.199217,-0.03899876317017163
78.219217,-0.03917463729606918
78.239217,-0.039267271328713674
78.259216,-0.03929808717952804
78.279216,-0.03888421771564083
78.299216,-0.038103704895117975
78.319216,-0.03783517342659932
78.339215,-0.03782174685317485
78.359215,-0.037748203729630836
78.379215,-0.03792920606065584
78.399215,-0.037882609324072336
78.419214,-0.03860594265742015
78.439214,-0.03901069790216527
78.459214,-0.03841629230773928
78.479214,-0.03760887972030931
78.499214,-0.037477760839191805
78.519213,-0.037059345920778565
78.539213,-0.03740046480191072
78.559213,-0.037098483449946075
78.579213,-0.037523751515224836
78.599213,-0.03729694498840794
78.619213,-0.03782342517490723
78.639212,-0.038111420512877706
78.659212,-0.03781950909095916
78.679212,-0.03832116410261434
78.699212,-0.039035849417289326
78.719212,-0.03910673519817422
78.739211,-0.03977302890446317
78.759211,-0.039194380885810634
78.779211,-0.03941314545457249
78.799211,-0.03877808717952543
78.819211,-0.03857540652685246
78.83921,-0.0383188331002765
78.85921,-0.03794435757580249
78.87921,-0.03768608251752124
78.89921,-0.03779622237766393
78.919209,-0.03791417109561855
78.939209,-0.038410441491873025
78.959209,-0.038560581352018605
78.979209,-0.03922724801869548
78.999209,-0.03922736456880432
79.019208,-0.039385173426601125
79.039208,-0.03967887972032167
79.059208,-0.03930990536133123
79.079208,-0.038790674592096966
79.099208,-0.0385447305361617
79.119208,-0.03811267925411313
79.139207,-0.037985266666709525
79.159207,-0.037749602331054
79.179207,-0.03746967226113
79.199207,-0.03699577948721203
79.219207,-0.03727480046623293
79.239206,-0.03770044149188902
79.259206,-0.037875872727311403
79.279206,-0.038173401864822355
79.299206,-0.038757620979036705
79.319206,-0.038962282983709344
79.339205,-0.03872533659677606
79.359205,-0.038447970629423484
79.379205,-0.03807943916090449
79.399205,-0.038232562704015094
79.419204,-0.03865048811194536
79.439204,-0.0383541244755959
79.459204,-0.038223611655074985
79.479204,-0.03816811048953427
79.499204,-0.03837314545456303
79.519203,-0.03866981212123224
79.539203,-0.03850946247087986
79.559203,-0.03878172354313937
79.579203,-0.039022958974366764
79.599203,-0.039112586013997544
79.619203,-0.03905081445222824
79.639202,-0.03842030163173371
79.659202,-0.03823610582753814
79.679202,-0.03781265594407085
79.699202,-0.03743223636365507
79.719202,-0.037693425174850664
79.739201,-0.03802778414921294
79.759201,-0.03793734125876732
79.779201,-0.03830363496507486
79.799201,-0.03807123403269093
79.819201,-0.03772125734272757
79.8392,-0.03740517342664455
79.8592,-0.037609252680718956
79.8792,-0.03738386806531931
79.8992,-0.03772594265738939
79.9192,-0.03794274918420982
79.939199,-0.03823088438233571
79.959199,-0.03805109417255104
79.979199,-0.03839526666671584
79.999199,-0.03836184009328621
80.019198,-0.03816839020983978
80.039198,-0.03847503356647215
80.059198,-0.03872142051286509
80.079198,-0.03914799393944592
80.099198,-0.03945894965042747
80.119197,-0.039011280652775704
80.139197,-0.03854470722618615
80.159197,-0.037984427505898984
80.179197,-0.03751424102567052
80.199197,-0.037479159440577337
80.219197,-0.03777869324010219
80.239196,-0.03789163030301913
80.259197,-0.03801736456874918
80.279196,-0.03892435757575514
80.299196,-0.03886715477857963
80.319196,-0.03870622237766346
80.339195,-0.03833992867138241
80.359195,-0.03796347179493735
80.379195,-0.03807687505834792
80.399195,-0.03787769090918436
80.419195,-0.038086641958148995
80.439194,-0.03776964895113427
80.459194,-0.03770577948725646
80.479194,-0.03803538321685483
80.499194,-0.03805860000007872
80.519193,-0.038187248018712525
80.539193,-0.03844785407932048
80.559193,-0.03867300559446376
80.579193,-0.039087690909130314
80.599193,-0.03912978881121945
80.619193,-0.03961685174828494
80.639192,-0.03916876317018657
80.659192,-0.03863811048954069
80.679192,-0.038292795804241345
80.699192,-0.03796540652688416
80.719192,-0.037599206060675974
80.739191,-0.037838576690071374
80.759191,-0.03776582610731472
80.779191,-0.03796836689983493
80.799191,-0.038069322610763665
80.819191,-0.03836943916086716
80.83919,-0.03834552307695421
80.85919,-0.038141070862502485
80.87919,-0.03804445081587463
80.89919,-0.03775179347322
80.919189,-0.03788794731937353
80.939189,-0.038181863403321886
80.959189,-0.03813748111894778
80.979189,-0.038571513752967926
80.999189,-0.03851892634037336
81.019188,-0.03814689836833861
81.039188,-0.03808009184155023
81.059188,-0.037699322610772426
81.079188,-0.03730142051284936
81.099188,-0.03696748111889818
81.119188,-0.03716794731935329
81.139187,-0.03727797062937972
81.159187,-0.037601420512828124
81.179187,-0.0382508377622456
81.199187,-0.03815041818184741
81.219187,-0.037691513752949365
81.239186,-0.03779568624716148
81.259186,-0.037753751515228744
81.279186,-0.03756382144529961
81.299186,-0.0374099752914555
81.319185,-0.037917061538531374
81.339185,-0.038270185081638416
81.359185,-0.038114707226148174
81.379185,-0.038315173426614405
81.399185,-0.03820489370634917
81.419184,-0.03803144382289571
81.439184,-0.03782410116555978
81.459184,-0.03761736456881461
81.479184,-0.03782619906766034
81.499184,-0.03757454405602959
81.519184,-0.03807128065277242
81.539183,-0.03798822703969105
81.559183,-0.03749582610727453
81.579183,-0.037933774825234266
81.599183,-0.037947271328734856
81.619183,-0.0379810708625153
81.639182,-0.037635639627073204
81.659182,-0.0378303948718058
81.679182,-0.03832351841492666
81.699182,-0.03810780745922236
81.719182,-0.03838650209793312
81.739181,-0.03849281911423559
81.759181,-0.03848160699303958
81.779181,-0.03876214312360096
81.799181,-0.03866519673665501
81.81918,-0.03880857669001906
81.83918,-0.038489275990704064
81.85918,-0.03853901958042648
81.87918,-0.03840941585082454
81.89918,-0.03829915944058202
81.91918,-0.03852922937068324
81.939179,-0.03894053473200487
81.959179,-0.03881771421922627
81.979179,-0.03933484708636209
81.999179,-0.03912997529149026
82.019179,-0.039344450815934684
82.039178,-0.039105639627101556
82.059178,-0.03879829696974303
82.079178,-0.03888605920750311
82.099179,-0.03876263263407811
82.119177,-0.03893128065273971
82.139177,-0.0389913039627938
82.159177,-0.03897563962714675
82.179177,-0.03919855338004997
82.199177,-0.038467924009401744
82.219177,-0.03849794731939007
82.239176,-0.03791890303033748
82.259176,-0.037474264335678686
82.279176,-0.037196618648034904
82.299176,-0.03706708484850113
82.319176,-0.03705575617718039
82.339175,-0.037082189743625135
82.359175,-0.037536618648038284
82.379175,-0.03769526666668538
82.399175,-0.037953914685310564
82.419174,-0.038344777156190564
82.439174,-0.03814177016317935
82.459174,-0.03836379813520062
82.479174,-0.03815284242427401
82.499174,-0.038251234032665254
82.519174,-0.03793076783221155
82.539173,-0.03790398461542864
82.559173,-0.038182399533830166
82.579173,-0.038112819114239915
82.599173,-0.03815992867133548
82.619172,-0.03811645547787135
82.639172,-0.03788584941726185
82.659172,-0.03835004522146229
82.679172,-0.03783186340330401
82.699172,-0.03765645547788632
82.719172,-0.03764477715623589
82.739171,-0.037924730536184725
82.759171,-0.038277527738973666
82.779171,-0.03828410116553685
82.799171,-0.03833235291379398
82.81917,-0.03832745780891124
82.83917,-0.03842801724949027
82.85917,-0.03825631561779655
82.87917,-0.03776053473201869
82.89917,-0.03739319207466218
82.919169,-0.03731139720287454
82.939169,-0.03783121072269008
82.959169,-0.0382070615385481
82.979169,-0.038848157109629924
82.999169,-0.03912601258745965
83.019169,-0.03907389137532852
83.039168,-0.039282982284416235
83.059168,-0.03908964895106698
83.079168,-0.038969042890438406
83.099168,-0.03877766759907193
83.119168,-0.03807452074592482
83.139167,-0.038119462470899895
83.159167,-0.038004217715672084
83.179167,-0.03816123403267942
83.199167,-0.0380603482517685
83.219167,-0.0379349403263592
83.239166,-0.03813228298371083
83.259166,-0.03853689836831327
83.279166,-0.03844377482517891
83.299166,-0.03871484708627222
83.319165,-0.03824990536132562
83.339165,-0.038233914685338224
83.359165,-0.03792083776226786
83.379165,-0.037333868065289724
83.399165,-0.037548413519813445
83.419164,-0.03744265594406742
83.439164,-0.03718904289046132
83.459164,-0.037228786480202614
83.479164,-0.03706309883451564
83.499164,-0.03744048811193209
83.519164,-0.037587154778611125
83.539163,-0.03775454405600126
83.559163,-0.03771081445230468
83.579163,-0.037406548718021675
83.599163,-0.03837459067605443
83.619162,-0.03791412447558742
83.639162,-0.03777279580424827
83.659162,-0.037659858741323396
83.679162,-0.03773957902103585
83.699162,-0.03781044149189697
83.719162,-0.03779272587419692
83.739161,-0.037985826107290344
83.759161,-0.038231234032710976
83.779161,-0.03801344848488751
83.799161,-0.038436268997711645
83.81916,-0.03814384475528422
83.83916,-0.03820095431238686
83.85916,-0.038225056876492705
83.87916,-0.03796515011658493
83.89916,-0.03758382144526183
83.919159,-0.03773382144525678
83.93916,-0.03809312214455187
83.959159,-0.03808249277392389
83.979159,-0.03794862331003042
83.999159,-0.03812020839162962
84.019158,-0.038456362237771116
84.039158,-0.03848526666668048
84.059158,-0.038396362237777905
84.079158,-0.03812570955713386
84.099158,-0.037977527738943494
84.119157,-0.03800428764568778
84.139157,-0.03787925268065579
84.159157,-0.03767272587411564
84.179157,-0.03766750442886974
84.199157,-0.03787985874123383
84.219157,-0.03821235291373654
84.239156,-0.03834484708627357
84.259156,-0.03848288904431946
84.279156,-0.038768296969740865
84.299156,-0.03843480046626802
84.319155,-0.0383405347320092
84.339155,-0.0384649170163785
84.359155,-0.03840137389281878
84.379155,-0.03843950909093667
84.399155,-0.03870813379957588
84.419154,-0.039053914685369936
84.439154,-0.03946356503502271
84.459154,-0.03934274918420608
84.479154,-0.03914146713292076
84.499154,-0.038660324941793923
84.519153,-0.03880384475530331
84.539153,-0.03848929930072678
84.559153,-0.03792365827508125
84.579153,-0.03773857668999206
84.599153,-0.037749532400965166
84.619153,-0.03769184009327276
84.639152,-0.0381506046620313
84.659152,-0.03787939254082339
84.679152,-0.038065616317027505
84.699152,-0.038291700233116205
84.719151,-0.03828228298369782
84.739151,-0.0379913039627178
84.759151,-0.03779072121215386
84.779151,-0.03760426433570346
84.799151,-0.037688296969765084
84.81915,-0.03762419440568656
84.83915,-0.03786999860150299
84.85915,-0.03788235291384148
84.87915,-0.03812678181824846
84.89915,-0.038237411188876774
84.919149,-0.03813347179492102
84.939149,-0.0382896256410654
84.959149,-0.03819041818185454
84.979149,-0.0377213039627428
84.999149,-0.03772351841498081
85.019149,-0.03747433426580568
85.039148,-0.037116408857877106
85.059148,-0.037070045221504914
85.079148,-0.03698447412594687
85.099148,-0.03722556969705013
85.119148,-0.03752333193478671
85.139147,-0.03778221305366612
85.159147,-0.03779389137532821
85.179147,-0.03787337855482194
85.199147,-0.03822419440563453
85.219146,-0.038419835431270276
85.239146,-0.03833232960376543
85.259146,-0.038235359906786684
85.279146,-0.03839316876460522
85.299146,-0.03846370489514029
85.319145,-0.03839985874130374
85.339146,-0.03842025501170682
85.359145,-0.038468250349697586
85.379145,-0.0385843109557837
85.399145,-0.038466851748330075
85.419144,-0.03861088438235841
85.439144,-0.038790185081631484
85.459144,-0.03899051142192905
85.479144,-0.038982958974381365
85.499144,-0.03901466060606974
85.519143,-0.039544917016345264
85.539143,-0.03969734125876681
85.559143,-0.03925995198138471
85.579143,-0.038792586014022114
85.599143,-0.03819328531472928
85.619143,-0.03810438088580922
85.639143,-0.03837501025642312
85.659142,-0.038046338927747905
85.679142,-0.0376922829836981
85.699142,-0.03801253939393354
85.719141,-0.038330837762250325
85.739141,-0.03838671188812224
85.759141,-0.03845459067601356
85.779141,-0.03816156037297949
85.799141,-0.03795498694642675
85.81914,-0.037733355244786444
85.83914,-0.037825756177166096
85.85914,-0.03751950909091681
85.87914,-0.037556921678322384
85.89914,-0.03777939254078118
85.919139,-0.03819755104893919
85.93914,-0.038470488111884645
85.959139,-0.03840477715619914
85.979139,-0.037936478787904904
85.999139,-0.037889625641061395
86.019138,-0.03780214312356125
86.039138,-0.03788090769231776
86.059138,-0.03799626899769309
86.079138,-0.03791104755247745
86.099138,-0.03815125734270777
86.119138,-0.03812326200471475
86.139138,-0.03745687505834021
86.159137,-0.03714545314690849
86.179137,-0.03682584941729282
86.199137,-0.03656337855481098
86.219136,-0.036649509090939246
86.239136,-0.03710755104898071
86.259136,-0.03786549976695032
86.279136,-0.03841820372966284
86.299136,-0.03924032494180246
86.319135,-0.03909568624716323
86.339135,-0.038787224708710384
86.359135,-0.03885922937069491
86.379135,-0.03835936923082689
86.399135,-0.03788197995343448
86.419134,-0.037486408857868345
86.439134,-0.037692352913815556
86.459134,-0.03813288904436836
86.479134,-0.038170977622459884
86.499134,-0.0381557095571885
86.519133,-0.03800666526815533
86.539133,-0.03787764428913838
86.559133,-0.0384141944056737
86.579133,-0.038386688578147754
86.599133,-0.0382782037296506
86.619133,-0.03840596596740827
86.639132,-0.03938004522151342
86.659132,-0.03972899627045585
86.679132,-0.039897411188874875
86.699132,-0.03971566293713657
86.719131,-0.039415546387020356
86.739131,-0.03889794731939725
86.759131,-0.038925220046657834
86.779131,-0.03828969557111714
86.799131,-0.03766288904431742
86.81913,-0.03767771421916029
86.83913,-0.03844843682990176
86.85913,-0.03891652540797349
86.87913,-0.039377481118928234
86.89913,-0.039272352913814756
86.919129,-0.03886773752917416
86.939129,-0.03850957902099929
86.959129,-0.038243168764601265
86.979129,-0.03768668857812895
86.999129,-0.037412562704001395
87.019129,-0.03756633892779271
87.039128,-0.03841246946392344
87.059128,-0.039121000932448455
87.079128,-0.03961974219117498
87.099128,-0.039824054545472345
87.119128,-0.03975657202797364
87.139127,-0.0393084135198246
87.159127,-0.03826832027974334
87.179127,-0.03784135058277731
87.199127,-0.037540837762255225
87.219126,-0.03727626899770464
87.239126,-0.03742179347323854
87.259126,-0.03754764428909757
87.279126,-0.03775545314691972
87.299126,-0.03777992867138115
87.319125,-0.038080627972085
87.339125,-0.038201070862551874
87.359125,-0.038469252680728656
87.379125,-0.03869967226114313
87.399125,-0.03862449743597578
87.419124,-0.03881144382290598
87.439124,-0.03892426433572574
87.459124,-0.03856121072265646
87.479124,-0.038387434498879075
87.499124,-0.0380990662004947
87.519123,-0.038263984615422866
87.539123,-0.03849743449889232
87.559123,-0.03875755104902048
87.579123,-0.038350348251830806
87.599123,-0.03826885641035232
87.619123,-0.03803880979028124
87.639122,-0.037917131468595294
87.659122,-0.037410837762262256
87.679122,-0.03727820372961912
87.699122,-0.03710153706294533
87.719121,-0.03757703822844485
87.739121,-0.0375881104895109
87.759121,-0.0378402083916221
87.779121,-0.03809218974361387
87.799121,-0.03842577948722742
87.81912,-0.03867428764574257
87.83912,-0.03902860000006298
87.85912,-0.03898699160845576
87.87912,-0.0387288331003109
87.89912,-0.03895573286722029
87.919119,-0.03878647878796423
87.939119,-0.03812379813528132
87.959119,-0.038081234032713386
87.979119,-0.03778554638702709
87.999119,-0.03777293566443071
88.019119,-0.037547970629451706
88.039118,-0.0376019100233747
88.059118,-0.037260208391669214
88.079118,-0.037117201398650684
88.099118,-0.037634310955754244
88.119117,-0.03741405454549
88.139117,-0.037561746853169826
88.159117,-0.03761480046621034
88.179117,-0.03794981212122895
88.199117,-0.03823911282056616
88.219116,-0.038403495104959544
88.239116,-0.038952446153897355
88.259116,-0.03882531328676057
88.279116,-0.03923009184152947
88.299116,-0.03941009184151598
88.319115,-0.039428436829848576
88.339115,-0.0397743342657133
88.359115,-0.03947689836825719
88.379115,-0.039698063869438305
88.399115,-0.03914783076922698
88.419114,-0.03852216643357665
88.439114,-0.038325173426590746
88.459114,-0.03793988205132077
88.479114,-0.03812591934735584
88.499114,-0.0381170615384992
88.519114,-0.038399299300752074
88.539113,-0.038845686247121314
88.559113,-0.038829998601426635
88.579113,-0.038961676923120185
88.599113,-0.03839074452219399
88.619112,-0.03768363496512704
88.639112,-0.03766720139870263
88.659112,-0.03777323869473775
88.679112,-0.03798694498841117
88.699112,-0.03776025501170787
88.719111,-0.03765489370633432
88.739111,-0.03788964895104967
88.759111,-0.03797601258740991
88.779111,-0.03817307552447193
88.799111,-0.03818051142191661
88.81911,-0.03804438088579852
88.83911,-0.038301210722632366
88.85911,-0.03819773752917661
88.87911,-0.038069206060640515
88.89911,-0.037830767832196896
88.91911,-0.037863634965055244
88.939109,-0.03811244615384246
88.959109,-0.03789694498834477
88.979109,-0.03833456736596786
88.999109,-0.03888666526807584
89.019109,-0.039225849417282924
89.039108,-0.03948890303037465
89.059108,-0.03943834358982732
89.079108,-0.03954333193480923
89.099108,-0.03940638554786304
89.119107,-0.03898121072268258
89.139107,-0.03864657202803068
89.159107,-0.038312073193533656
89.179107,-0.03839456736604322
89.199107,-0.038417178088666286
89.219106,-0.03862358834508224
89.239106,-0.038629882051375956
89.259106,-0.03877811048957996
89.279106,-0.03871575617721347
89.299106,-0.038521700233149256
89.319105,-0.03819594265738733
89.339105,-0.037956432167879986
89.359105,-0.03802111748257954
89.379105,-0.038172049883533676
89.399105,-0.03827149044299242
89.419104,-0.03853034825184223
89.439104,-0.038464963636456274
89.459104,-0.038523518415010026
89.479104,-0.038770021911498545
89.499104,-0.03882948578095274
89.519103,-0.039352282983762976
89.539103,-0.03941032494179196
89.559103,-0.0395067118881608
89.579103,-0.039842958974406435
89.599102,-0.03989608251753418
89.619102,-0.039429742191190394
89.639102,-0.03879302890447343
89.659102,-0.03836200326346381
89.679102,-0.037899485780939046
89.699102,-0.03744062797207902
89.719101,-0.03768267925414512
89.739101,-0.037748693240155146
89.759101,-0.03784100093245292
89.779101,-0.03845020839165665
89.799101,-0.03911955571101007
89.819101,-0.0392301850816511
89.8391,-0.0392191594406358
89.8591,-0.03935249277396959
89.8791,-0.03925170023317924
89.8991,-0.03916778414925242
89.919099,-0.039063937995395495
89.939099,-0.03899901958048569
89.959099,-0.03903983543129813
89.979099,-0.0392382037296442
89.999099,-0.03953484708629599
90.019099,-0.03964720139865337
90.039098,-0.03911678181822462
90.059098,-0.038907784149211894
90.079098,-0.039084823776262996
90.099098,-0.0392829589744057
90.119097,-0.03909612913757798
90.139097,-0.03914403123551072
90.159097,-0.03938960233109093
90.179097,-0.03920496363644722
90.199097,-0.039363588345089615
90.219096,-0.03925657202807689
90.239096,-0.03877323869472046
90.259096,-0.03845307552454888
90.279096,-0.03851424102571101
90.299096,-0.03840202657350639
90.319095,-0.038306082517559695
90.339095,-0.03821936923083956
90.359095,-0.037936502097952005
90.379095,-0.03779629230774481
90.399095,-0.038003285314743104
90.419095,-0.03821901958048178
90.439094,-0.038327061538501656
90.459094,-0.038118786480224015
90.479094,-0.038325313286748805
90.499094,-0.03842694498838892
90.519094,-0.03862307552451718
90.539093,-0.038352586014031645
90.559093,-0.03820981212126047
90.579093,-0.038095010256479205
90.599092,-0.03813433426581364
90.619092,-0.03861417109564742
90.639092,-0.038795639627091864
90.659092,-0.03869901958046189
90.679092,-0.03938652540796135
90.699092,-0.03931391468535375
90.719091,-0.03908769090913933
90.739091,-0.03864491701638727
90.759091,-0.03827034825182502
90.779091,-0.037952376223859725
90.799091,-0.03776333193480618
90.81909,-0.037734497435952793
90.83909,-0.03762111748255592
90.85909,-0.03777335524479093
90.87909,-0.03868967226111856
90.89909,-0.03914470722617652
90.919089,-0.039640511421993006
90.939089,-0.039716735198231566
90.959089,-0.0399961058276113
90.979089,-0.03997020839170823
90.999089,-0.03958855338005325
91.019088,-0.03905780745930111
91.039088,-0.03879554638702748
91.059088,-0.03828808717954566
91.079088,-0.03853876317021205
91.099088,-0.03893246946392287
91.119087,-0.03910531328675855
91.139087,-0.03893246946392287
91.159087,-0.03889936923082406
91.179087,-0.038783984615456214
91.199087,-0.038870581352073344
91.219086,-0.0389403715618543
91.239086,-0.038857014918489224
91.259086,-0.03840575617720484
91.279086,-0.03856370489514592
91.299086,-0.03846020839165473
91.319085,-0.038721490442937496
91.339085,-0.038217574359037026
91.359085,-0.03828111748256706
91.379085,-0.03854487039634043
91.399085,-0.0383684368299124
91.419084,-0.038512282983728226
91.439084,-0.03847442750586232
91.459084,-0.03817503356645471
91.479084,-0.03848643216786636
91.499084,-0.03851703822848684
91.519083,-0.038641303962755245
91.539083,-0.038295010256474055
91.559083,-0.03849731794875116
91.579083,-0.03825174685319692
91.599082,-0.03791820372964312
91.619082,-0.038074031235429656
91.639082,-0.03813708484846029
91.659082,-0.03827333193468404
91.679082,-0.039144893706231615
91.699081,-0.03918608251743516
91.719081,-0.039271420512763874
91.739081,-0.03926069790206674
91.759081,-0.03912137389273938
91.779081,-0.039011443822840934
91.799081,-0.038802586013982024
91.81908,-0.03851144382285568
91.83908,-0.038357014918431354
91.85908,-0.038531327272733444
91.87908,-0.03826256270397009
91.89908,-0.037931187412598266
91.919079,-0.0383826559440511
91.939079,-0.038323331934733765
91.959079,-0.03835351841492883
91.979079,-0.03861095431235714
91.999079,-0.03856270256409524
92.019078,-0.038669788811197855
92.039078,-0.038398949650360906
92.059078,-0.03874542983684136
92.079078,-0.03836759766900858
92.099077,-0.0381185300699142
92.119077,-0.038654637296038484
92.139077,-0.03879510349649932
92.159077,-0.038796735198157115
92.179077,-0.03916396130536502
92.199077,-0.03929836689977314
92.219076,-0.03953519673659069
92.239076,-0.039314450815832874
92.259076,-0.03969957902095281
92.279076,-0.03896193333329698
92.299076,-0.038762842424208396
92.319075,-0.03851146713286302
92.339075,-0.03848377482518127
92.359075,-0.038525965967377195
92.379075,-0.03862293566434587
92.399075,-0.03869580279721453
92.419075,-0.03930218974356194
92.439074,-0.03918473053610514
92.459074,-0.0393045673659219
92.479074,-0.03907650209785368
92.499074,-0.03887885641022575
92.519073,-0.03810710815850575
92.539073,-0.03773563962708892
92.559073,-0.03763960233106513
92.579073,-0.03758960233108006
92.599073,-0.037807667599139616
92.619072,-0.03835242284385935
92.639072,-0.038300464801899456
92.659072,-0.0386705114219197
92.679072,-0.03869766759909583
92.699072,-0.03834899627042924
92.719071,-0.038553891375323786
92.739071,-0.03834489370635187
92.759071,-0.03861086107232614
92.779071,-0.03912631561776615
92.799071,-0.03890221305364373
92.81907,-0.03937480046620771
92.83907,-0.039490651282061244
92.85907,-0.039393588344993735
92.87907,-0.03935489370631305
92.89907,-0.039532609323998685
92.919069,-0.03976953240090819
92.939069,-0.03973619906756096
92.959069,-0.03983214312350765
92.979069,-0.039604404195781893
92.999068,-0.038955942657324605
93.019068,-0.03904321538461284
93.039068,-0.038491047552471146
93.059068,-0.03833442750585114
93.079068,-0.03907237622379281
93.099067,-0.03941573286711627
93.119067,-0.039499788811162985
93.139067,-0.039556758508124
93.159067,-0.03925139720279005
93.179067,-0.038902073193494154
93.199067,-0.03892060466200693
93.219066,-0.03854160699303067
93.239066,-0.03818265594409282
93.259066,-0.038326478787895996
93.279066,-0.03923321538459266
93.299066,-0.03928055804192762
93.319065,-0.03948976550112364
93.339065,-0.039341630303015296
93.359065,-0.039176735198140585
93.379065,-0.03896766759907454
93.399065,-0.0392079006992926
93.419065,-0.038962073193498495
93.439064,-0.03886100093243231
93.459064,-0.03864128065270284
93.479064,-0.039078110489523726
93.499063,-0.03876834358978948
93.519063,-0.039408296969716636
93.539063,-0.03925736456879429
93.559063,-0.03898090769235169
93.579063,-0.038637784149236895
93.599062,-0.03900799393942839
93.619062,-0.03858526666670943
93.639062,-0.03847246946388326
93.659062,-0.03805650209790397
93.679062,-0.03838659533798638
93.699062,-0.03846892634033741
93.719061,-0.0390062689976707
93.739061,-0.03856608251748998
93.759061,-0.03820477715621171
93.779061,-0.037885546387013115
93.799061,-0.038047877389349796
93.81906,-0.0376102783217436
93.83906,-0.037345266666718384
93.85906,-0.0374689263403706
93.87906,-0.03820191002334705
93.89906,-0.03829407785553499
93.919059,-0.038320348251798426
93.939059,-0.03812421771566964
93.959059,-0.03806253939400234
93.979059,-0.03794389137537668
93.999059,-0.038129555711031785
94.019058,-0.03812142051286731
94.039058,-0.03827887972029997
94.059058,-0.03896018508156161
94.079058,-0.0392538913752562
94.099057,-0.03922011515146667
94.119057,-0.039132749184090196
94.139057,-0.03910223636358605
94.159057,-0.03966596596731067
94.179057,-0.039406921678283864
94.199057,-0.03976100093234791
94.219056,-0.039626175757536644
94.239057,-0.04002116410250985
94.259056,-0.04006498694634131
94.279056,-0.03956410116549423
94.299056,-0.03952610582750896
94.319055,-0.039070511421951795
94.339055,-0.03903771421916903
94.359055,-0.0391529589744228
94.379055,-0.03873736456882243
94.399055,-0.03880211981354774
94.419054,-0.03878300559442613
94.439054,-0.03915720139860258
94.459054,-0.039010231701644596
94.479054,-0.03864452074594324
94.499053,-0.03928097762237052
94.519053,-0.03946242284383253
94.539053,-0.03907107086248863
94.559053,-0.03918752773893132
94.579053,-0.03928333193471518
94.599053,-0.039214660606050805
94.619052,-0.03913053473192639
94.639052,-0.03866351841493905
94.659052,-0.038276082517541096
94.679052,-0.03767072121220031
94.699052,-0.037705989277449295
94.719052,-0.03785575617721702
94.739051,-0.037636292307753914
94.759051,-0.03827274918417749
94.779051,-0.03886314545457089
94.799051,-0.03867783076926562
94.81905,-0.03813626899772176
94.83905,-0.037946502097963325
94.85905,-0.0380189729604399
94.87905,-0.037072282983757164
94.89905,-0.03723494032640771
94.919049,-0.03796211981355698
94.939049,-0.03840314545457421
94.959049,-0.03878300559443726
94.979049,-0.03929428764571478
94.999049,-0.038918063869501175
95.019048,-0.03887480046623941
95.039048,-0.03902897296038571
95.059048,-0.039124217715603586
95.079048,-0.03839114079254685
95.099047,-0.03873156037296557
95.119047,-0.038905826107208975
95.139047,-0.038989369230761656
95.159047,-0.03869216643356986
95.179047,-0.03860526666668438
95.199047,-0.038118903030322254
95.219046,-0.038176502097909994
95.239046,-0.03835284242424978
95.259046,-0.03824806386946546
95.279046,-0.03806156037297809
95.299046,-0.03805734125874631
95.319045,-0.03814058135197923
95.339045,-0.0388041011655119
95.359045,-0.0391486466200535
95.379045,-0.03933314545457943
95.399045,-0.03920023170166999
95.419044,-0.03946745780892633
95.439044,-0.039285056876537
95.459044,-0.03869438088586512
95.479044,-0.03817654871803547
95.499043,-0.03776498694647079
95.519043,-0.037179672261148794
95.539043,-0.03737848344997585
95.559043,-0.03759095431243128
95.579043,-0.037752586014060355
95.599042,-0.03807041818189516
95.619042,-0.03793519673667909
95.639042,-0.03785447412595994
95.659042,-0.03812974219122627
95.679042,-0.03809209650357334
95.699042,-0.03810901958048814
95.719041,-0.03773421771566264
95.739041,-0.0380450568765046
95.759041,-0.038422329603756564
95.779041,-0.03864505687647801
95.799041,-0.03863351841494007
95.81904,-0.038568343589787744
95.83904,-0.03835554638700522
95.85904,-0.03884771421918974
95.87904,-0.038827317948790914
95.89904,-0.03829181678329394
95.919039,-0.03825018508164651
95.939039,-0.03847384475529748
95.959039,-0.03843538321681591
95.979039,-0.038536548717980394
95.999038,-0.03847967226110974
96.019038,-0.03848270256415624
96.039038,-0.03821741118888434
96.059038,-0.03905687505835463
96.079038,-0.038762352913820824
96.099038,-0.03821517342664746
96.119037,-0.038713005594477254
96.139037,-0.038593355244819466
96.159037,-0.038196502097964435
96.179037,-0.038467108158587955
96.199037,-0.03812736456884405
96.219036,-0.038105103496599964
96.239036,-0.0379356396271463
96.259036,-0.03828239953388033
96.279036,-0.03801834358981583
96.299036,-0.03830624568770179
96.319035,-0.03892396130538743
96.339035,-0.03885384475525233
96.359035,-0.038792749184118624
96.379035,-0.03951503356639416
96.399035,-0.039424287645659514
96.419034,-0.03943351841490196
96.439034,-0.03940146713285581
96.459034,-0.03993421771562822
96.479034,-0.04006487039630349
96.499033,-0.04005659533804137
96.519033,-0.04002990536134193
96.539033,-0.040086665268074605
96.559033,-0.03958302890441128
96.579033,-0.039284520745903106
96.599032,-0.03889272587413546
96.619032,-0.03830496363636255
96.639032,-0.03837978881118431
96.659032,-0.0384919100232901
96.679032,-0.03880696829833629
96.699032,-0.038820861072252286
96.719031,-0.03897601258739475
96.739031,-0.039647108158461786
96.759031,-0.03950983543120385
96.779031,-0.03917708484848035
96.799031,-0.03955459067602842
96.819031,-0.03917855337999711
96.83903,-0.0386779939394517
96.85903,-0.03862960233105242
96.87903,-0.038600744522196445
96.899029,-0.038311467132927005
96.919029,-0.03899163030307373
96.939029,-0.03960093100234185
96.959029,-0.039500441491853236
96.979029,-0.03959939254080886
96.999028,-0.03997666526810057
97.019028,-0.039600418181853114
97.039028,-0.038824660606103706
97.059028,-0.038412632634077716
97.079028,-0.03784582610728765
97.099028,-0.037306875058347386
97.119027,-0.03747274918421453
97.139027,-0.03753023170167329
97.159027,-0.037614730536169205
97.179027,-0.03843130396270667
97.199027,-0.03898032494173543
97.219026,-0.03895876317014966
97.239026,-0.03899214312352166
97.259026,-0.0392515836829485
97.279026,-0.03928165361303262
97.299026,-0.03860433426574374
97.319025,-0.038520301631727163
97.339025,-0.03879207319350847
97.359025,-0.039012586014013105
97.379025,-0.03942016177155254
97.399024,-0.03928671188812529
97.419024,-0.03907414778554241
97.439024,-0.0390481571095458
97.459024,-0.039233588344964675
97.479024,-0.03931505687642362
97.499023,-0.03893195664335887
97.519023,-0.039086572027982984
97.539023,-0.039068972960388595
97.559023,-0.03911044149183246
97.579023,-0.039496641958021425
97.599023,-0.03920142051281658
97.619022,-0.039163891375267185
97.639022,-0.038800394871783696
97.659022,-0.03882722470862105
97.679022,-0.03895494032633435
97.699021,-0.038489765501205586
97.719021,-0.03807950909095039
97.739021,-0.03770002191149063
97.759021,-0.037390931002386676
97.779021,-0.03733093100240778
97.799021,-0.037073052214527634
97.81902,-0.037372679254122715
97.83902,-0.03764284242427425
97.85902,-0.038198879720278814
97.87902,-0.0385491361305249
97.899019,-0.03890603589742407
97.91902,-0.03900398461535763
97.939019,-0.03927545314683455
97.959019,-0.03970911282048957
97.979019,-0.03944428764568534
97.999019,-0.039609532400934254
98.019018,-0.03958083776223309
98.039018,-0.039581420512831325
98.059018,-0.03949552307693982
98.079018,-0.039352655944066624
98.099017,-0.03931974219114004
98.119017,-0.039356921678305165
98.139017,-0.0393175976689845
98.159017,-0.03963762097902293
98.179017,-0.03948288904427992
98.199016,-0.03948139720280615
98.219016,-0.03928771421912615
98.239016,-0.039379905361337876
98.259016,-0.038813028904489705
98.279016,-0.038638739860197086
98.299016,-0.0381147305361762
98.319015,-0.03788936923079715
98.339015,-0.03808477715618767
98.359015,-0.038153075524467304
98.379014,-0.03861484708620881
98.399014,-0.03871184009320021
98.419014,-0.039361257342594366
98.439014,-0.03962186340322617
98.459014,-0.03928890303031196
98.479014,-0.03943678181819635
98.499013,-0.03924121072263671
98.519013,-0.038980464801878646
98.539013,-0.039065756177159267
98.559013,-0.03858072121211344
98.579013,-0.038616991608373896
98.599012,-0.038570721212083575
98.619012,-0.03918953240086361
98.639012,-0.03920463729597171
98.659012,-0.03914598927731859
98.679012,-0.0385380871794323
98.699011,-0.03853822703957869
98.719011,-0.03809701491839506
98.739011,-0.03800671188810696
98.759011,-0.03788549976692527
98.779011,-0.03807804055947179
98.799011,-0.038379788811221414
98.81901,-0.038965779487191196
98.83901,-0.03932654871792779
98.85901,-0.039431816783188724
98.87901,-0.038757947319332006
98.899009,-0.03880291235429005
98.919009,-0.03854848344987652
98.939009,-0.03875955571091567
98.959009,-0.03870671188809555
98.979009,-0.03852125734264283
98.999008,-0.038245383216787866
99.019008,-0.03828302890442861
99.039008,-0.03860983543120928
99.059008,-0.03873953240091376
99.079008,-0.03850284242423359
99.099007,-0.03858034825173719
99.119007,-0.03889316876453271
99.139007,-0.03907382144518244
99.159007,-0.03912230629368639
99.179007,-0.038980837762216745
99.199007,-0.038727154778544604
99.219006,-0.03889044149183511
99.239006,-0.039371537062913325
99.259006,-0.03925104755242592
99.279006,-0.039510138461513536
99.299006,-0.03922153706288817
99.319005,-0.03865291235426065
99.339005,-0.038363052214420545
99.359005,-0.038430627971982045
99.379005,-0.038535499766840814
99.399004,-0.038325639626989524
99.419004,-0.038809532400902395
99.439004,-0.03935556969694175
99.459004,-0.039340814452191966
99.479004,-0.04039680512816497
99.499003,-0.039835872727215116
99.519003,-0.03911605920741745
99.539003,-0.0391772013985701
99.559003,-0.03915004522140987
99.579003,-0.03879249277388724
99.599002,-0.038396455477877275
99.619002,-0.03842661864805757
99.639002,-0.03816517342662901
99.659002,-0.03851314545460813
99.679002,-0.03893841351987364
99.699002,-0.038603495104933196
99.719001,-0.03833729463873542
99.739001,-0.038646851748271004
99.759001,-0.03874242284382447
99.779001,-0.03880999860138968
99.799001,-0.03893806386943478
99.819,-0.03907480046614839
99.839,-0.038693122144492414
99.859,-0.038946735198122376
99.879,-0.038929742191153194
99.898999,-0.039139042890460767
99.918999,-0.039080791142234186
99.938999,-0.03927368158511357
99.958999,-0.03931377482520099
99.978999,-0.03925608251748686
99.998998,-0.03942347179485792
100.018998,-0.03931100093238746
100.038998,-0.03883978881120273
100.058998,-0.03897846013986103
100.078998,-0.03904990536132144
100.098998,-0.03884736456880176
100.118997,-0.038753914685356196
100.138997,-0.03874249277392337
100.158997,-0.03881309883450328
100.178997,-0.03879340186478449
100.198996,-0.038981070862448196
100.218996,-0.038770138461521525
100.238996,-0.03900407785545593
100.258996,-0.03930002191136673
100.278996,-0.03959232960367843
100.298995,-0.03971482377618239
100.318995,-0.03995142051276904
100.338995,-0.039978786480135864
100.358995,-0.03990419440554662
100.378995,-0.0399021897435449
100.398994,-0.0392579240093025
100.418994,-0.03898666526804014
100.438994,-0.03887610582747734
100.458994,-0.03809577948715268
100.478994,-0.03825542983679004
100.498994,-0.03820135058271482
100.518993,-0.03809041818180703
100.538993,-0.03811302890443593
100.558993,-0.03840104755245245
100.578993,-0.0386842643356803
100.598993,-0.0387070382284587
100.618992,-0.03911552307692719
100.638992,-0.0392121431235418
100.658992,-0.03883347179486721
100.678992,-0.03884771421908003
100.698992,-0.03832708484847827
100.718991,-0.03794165361307143
100.738991,-0.03787079114220661
100.758991,-0.03800526666666592
100.778991,-0.038029858741264806
100.79899,-0.03815990536131805
100.81899,-0.038465383216793166
100.83899,-0.03886608251748782
100.85899,-0.03892079114219453
100.87899,-0.0386213272727267
100.898989,-0.03851575617717251
100.918989,-0.03897820372960792
100.938989,-0.03911307552447522
100.958989,-0.03971361165500195
100.978989,-0.03978727132865586
100.998989,-0.039510814452224916
101.018988,-0.03926948578089179
101.038988,-0.0394076909090803
101.058988,-0.03940002191139516
101.078988,-0.03909545314683055
101.098988,-0.03880710815849911
101.118987,-0.03919668857807539
101.138987,-0.03933494032632153
101.158987,-0.039694124475510975
101.178987,-0.03925999860141267
101.198987,-0.0389475510489844
101.218986,-0.03865407785551968
101.238986,-0.038598576690037266
101.258986,-0.03842680512827273
101.278986,-0.03803368158514266
101.298985,-0.03812274918422124
101.318985,-0.038884474125913025
101.338985,-0.03926876317018055
101.358985,-0.039529369230771015
101.378985,-0.03962666526804294
101.398984,-0.03996839020974518
101.418984,-0.03989006853143415
101.438984,-0.03975790069926875
101.458984,-0.03949216643353918
101.478984,-0.038883891375254886
101.498983,-0.03915414778554077
101.518983,-0.039366129137530716
101.538983,-0.03946216643359107
101.558983,-0.03958524335666891
101.578983,-0.0400923296037628
101.598983,-0.040548180419632436
101.618982,-0.04055608251755009
101.638982,-0.0405461757576233
101.658982,-0.040196035897470145
101.678982,-0.03969650209790168
101.698982,-0.03940734125874214
101.718981,-0.039064707226100774
101.738981,-0.038923798135170606
101.758981,-0.0388248470862065
101.778981,-0.03897041818179803
101.79898,-0.03890610582749435
101.81898,-0.038888623310014636
101.83898,-0.03924293566430377
101.85898,-0.039420861072204494
101.87898,-0.03909932261066057
101.89898,-0.03850605920741522
101.918979,-0.03847107086243306
101.938979,-0.0384341244754978
101.958979,-0.03833144382282252
101.978979,-0.03836349510489147
101.998978,-0.03883270256410946
102.018978,-0.03924260932402807
102.038978,-0.03979260932402013
102.058978,-0.04010393799533553
102.078978,-0.03986559300697749
102.098977,-0.039241000932381344
102.118977,-0.03886307552444866
102.138977,-0.038794660606031046
102.158977,-0.03839407785543675
102.178977,-0.038446315617657635
102.198977,-0.038616222377586995
102.218976,-0.03849689836826903
102.238976,-0.038448996270383465
102.258976,-0.03862857668996895
102.278976,-0.03859990536131171
102.298975,-0.037803471794900345
102.318975,-0.03786501025643449
102.338975,-0.03846682843823739
102.358975,-0.03848165361305747
102.378975,-0.038924544055918886
102.398974,-0.039514613985967686
102.418974,-0.03937407785541378
102.438974,-0.0389134951048549
102.458974,-0.039040651282013346
102.478974,-0.039012586013965934
102.498973,-0.03870069790208138
102.518973,-0.039033308624681275
102.538973,-0.03900918275056861
102.558973,-0.03885246946386514
102.578973,-0.03897184009323597
102.598972,-0.03949827365964212
102.618972,-0.03955549976688062
102.638972,-0.039505639627040366
102.658972,-0.04014158368297256
102.678972,-0.040159625641014544
102.698972,-0.03980321538459517
102.718971,-0.03951267925403625
102.738971,-0.03886279580416912
102.758971,-0.03821417109555755
102.778971,-0.037849089510495634
102.79897,-0.03787946247087194
102.81897,-0.03789407785550661
102.83897,-0.038155173426624035
102.85897,-0.038741070862513
102.87897,-0.03887692167834732
102.898969,-0.03908545314686428
102.918969,-0.03975002191137593
102.938969,-0.039824847086204054
102.958969,-0.039852446153803414
102.978969,-0.039776921678278815
102.998968,-0.039677154778522114
103.018968,-0.039232166433549
103.038968,-0.0387012573426622
103.058968,-0.038317574358974295
103.078968,-0.03803517342656183
103.098967,-0.03812929930068221
103.118967,-0.038254707226074554
103.138967,-0.03804563962702281
103.158967,-0.03865727132864679
103.178967,-0.03892839020975851
103.198967,-0.039075266666655284
103.218966,-0.03909298228438712
103.238966,-0.0384379706293846
103.258966,-0.03859750442892054
103.278966,-0.03830974219116773
103.298965,-0.03818013846156103
103.318965,-0.03799146713286413
103.338965,-0.038200581351974565
103.358965,-0.03908284242423577
103.378965,-0.03954146713283996
103.398964,-0.03977515011653822
103.418964,-0.04006629230767782
103.438964,-0.040138320279690894
103.458964,-0.04023216643352642
103.478964,-0.03959804055940305
103.498963,-0.03905934592071061
103.518963,-0.038291513752898396
103.538963,-0.038137061538476784
103.558963,-0.038063262004706166
103.578963,-0.038355523076961294
103.598962,-0.03821717808862109
103.618962,-0.03818475384618118
103.638962,-0.03882351841492358
103.658962,-0.038640441491832406
103.678962,-0.038896478787849215
103.698961,-0.03855696829835319
103.718961,-0.03837673519814477
103.738961,-0.038142912354321316
103.758961,-0.03779361165502853
103.77896,-0.038070744522156016
103.79896,-0.037956432167845534
103.81896,-0.038108786480193085
103.83896,-0.038522539393963516
103.85896,-0.038415476456921255
103.87896,-0.03882258601401792
103.898959,-0.03874487039630559
103.918959,-0.03908121072261932
103.938959,-0.03881445081583595
103.958959,-0.03886074452212408
103.978959,-0.03938163030298639
103.998958,-0.03933225967361691
104.018958,-0.03958377482513306
104.038958,-0.0395337515151364
104.058958,-0.039246805128212756
104.078958,-0.039385965967378936
104.098958,-0.03932638554781379
104.118957,-0.039409788811219024
104.138957,-0.03876869324013189
104.158957,-0.03873188671334091
104.178957,-0.038850278321703915
104.198956,-0.03871333193474818
104.218956,-0.03884114079255395
104.238956,-0.038621210722617864
104.258956,-0.03883438088578725
104.278955,-0.03893813379954534
104.298955,-0.038908646620063714
104.318955,-0.03901204988345395
104.338955,-0.03867873986015492
104.358955,-0.03842030163171675
104.378955,-0.038455616317027076
104.398955,-0.03858267925407556
104.418954,-0.03849270256410979
104.438954,-0.038609019580414045
104.458954,-0.038791583682985215
104.478954,-0.038845313286699476
104.498953,-0.039503005594362636
104.518953,-0.03990184009318659
104.538953,-0.03992538321675508
104.558953,-0.03945396130535684
104.578953,-0.03920197995342549
104.598953,-0.038781094172561405
104.618952,-0.038406991608485916
104.638952,-0.03843391468541522
104.658952,-0.0384365953380838
104.678952,-0.03911720139864368
104.698951,-0.03927885641028328
104.718951,-0.039364637296035745
104.738951,-0.03926067459206257
104.758951,-0.03882431095572314
104.77895,-0.03851918275059944
104.79895,-0.038082119813550815
104.81895,-0.03797116410261236
104.83895,-0.038021234032687846
104.85895,-0.038328087179527355
104.87895,-0.038976711888137866
104.898949,-0.03874144382289032
104.918949,-0.039391187412620064
104.938949,-0.039539742191180324
104.958949,-0.03910267925413806
104.978949,-0.03923876317019163
104.998948,-0.038815569696985394
105.018948,-0.03831288904430187
105.038948,-0.037749275990691375
105.058948,-0.03766281911422965
105.078948,-0.0380712340326162
105.098948,-0.037943005594397734
105.118947,-0.038615243356649134
105.138947,-0.038809089510490835
105.158947,-0.039014940326352464
105.178947,-0.039490324941714
105.198946,-0.039645033566423696
105.218946,-0.03957046480186883
105.238946,-0.04003121072260901
105.258946,-0.04008111748249736
105.278945,-0.04007503356638906
105.298945,-0.03962097762234263
105.318945,-0.03941480046617933
105.338945,-0.03894764428901857
105.358945,-0.03885116410256679
105.378945,-0.038732516083921524
105.398944,-0.038895569696981644
105.418944,-0.039043704895099535
105.438944,-0.03961484708623711
105.458944,-0.03912020839161021
105.478944,-0.038880208391613005
105.498944,-0.03868034825174865
105.518943,-0.038488227039607935
105.538943,-0.038344450815827415
105.558943,-0.038816292307673854
105.578943,-0.03916850675988681
105.598942,-0.039664660606019204
105.618942,-0.03983703822838615
105.638942,-0.03987645547782791
105.658942,-0.03971706153846221
105.678941,-0.039746199067605674
105.698941,-0.039726385547783884
105.718941,-0.03972139720276467
105.738941,-0.03998643216778398
105.758941,-0.03980193333329039
105.778941,-0.03945645547781822
105.79894,-0.039093168764533386
105.81894,-0.038345872727277006
105.83894,-0.037992749184188525
105.85894,-0.03813211981356291
105.87894,-0.037989439160887914
105.898939,-0.03829202657347352
105.91894,-0.03875027832170781
105.938939,-0.03917160699302215
105.958939,-0.038930115151528916
105.978939,-0.03914839020980515
105.998939,-0.03935328531469176
106.018938,-0.03934279580422661
106.038938,-0.0392184368298546
106.058938,-0.03923729463869606
106.078938,-0.038420278321713644
106.098937,-0.038153751515202006
106.118937,-0.03776797062942044
106.138937,-0.03785004522148391
106.158937,-0.03810932261073316
106.178937,-0.038721700233084216
106.198936,-0.03915188671325255
106.218936,-0.03954253939389786
106.238936,-0.03977629230763936
106.258936,-0.039563961305322394
106.278936,-0.03877832027972296
106.298935,-0.03849589603730156
106.318935,-0.03815906620047942
106.338935,-0.038368133799539114
106.358935,-0.03860764428902526
106.378935,-0.03867820372956503
106.398934,-0.039133681585027134
106.418934,-0.039716665267998566
106.438934,-0.039801863403201555
106.458934,-0.039573471794823706
106.478934,-0.039039882051265136
106.498934,-0.0387330055943976
106.518933,-0.038532329603721056
106.538933,-0.03837323869463059
106.558933,-0.03821647878787585
106.578933,-0.037863355244767756
106.598932,-0.038163914685321494
106.618932,-0.038865662937086785
106.638932,-0.03924044149189009
106.658932,-0.03909911282058911
106.678931,-0.03896552307700115
106.698931,-0.03936876317022488
106.718931,-0.03957321538464427
106.738931,-0.03987123403263925
106.758931,-0.039803052214452024
106.778931,-0.03922601258744196
106.79893,-0.038999742191161965
106.81893,-0.03918580279722504
106.83893,-0.03946167692312188
106.85893,-0.03920657202800915
106.878929,-0.03980048811189599
106.898929,-0.04009062797203844
106.918929,-0.040061140792548855
106.938929,-0.040401210722609264
106.958929,-0.03983710815852481
106.978929,-0.039272306293725856
106.998928,-0.03870680512821241
107.018928,-0.038119905361332654
107.038928,-0.03810039487184175
107.058928,-0.03804689836833191
107.078928,-0.038660208391615124
107.098927,-0.038587830769234735
107.118927,-0.03867591934733199
107.138927,-0.0384913505827697
107.158927,-0.03816209650351162
107.178926,-0.03810846013986757
107.198926,-0.03807407785550107
107.218926,-0.0377813039627429
107.238926,-0.037631047552502794
107.258926,-0.037426292307765764
107.278925,-0.0380582037296559
107.298925,-0.03816424102569312
107.318925,-0.03860130396274176
107.338925,-0.038562259673698515
107.358925,-0.03890545314686929
107.378925,-0.03906258601399764
107.398924,-0.039130581351981365
107.418924,-0.039212026573409636
107.438924,-0.03909197995337567
107.458924,-0.03846950909091074
107.478924,-0.03930468391608427
107.498923,-0.039999345920738276
107.518923,-0.04028431095568505
107.538923,-0.040300045221433115
107.558923,-0.03990713146850754
107.578923,-0.03961179347317584
107.598922,-0.039091606993007885
107.618922,-0.03875757435898225
107.638922,-0.038693728205123984
107.658922,-0.038387551048948684
107.678921,-0.0390200219114191
107.698921,-0.03979771421909889
107.718921,-0.039606455477846546
107.738921,-0.03950610582748579
107.758921,-0.03917580279719041
107.778921,-0.039496875058262944
107.79892,-0.03921111748250232
107.81892,-0.03891799393937312
107.83892,-0.03874083776222326
107.85892,-0.0384751034965276
107.87892,-0.03850121072263516
107.898919,-0.03869505687648481
107.918919,-0.03885535990677108
107.938919,-0.03899347179487877
107.958919,-0.039393728205136425
107.978919,-0.039690255011634853
107.998918,-0.039861979953333807
108.018918,-0.04006186340319226
108.038918,-0.03969181678317201
108.058918,-0.03975412447548563
108.078918,-0.03953885641022575
108.098917,-0.03941995198130883
108.118917,-0.03964431095565098
108.138917,-0.039187224708603086
108.158917,-0.0388872013985979
108.178916,-0.03858531328672202
108.198916,-0.03886298228439594
108.218916,-0.038774986946385856
108.238916,-0.03839864662007083
108.258916,-0.03823722470865525
108.278916,-0.037845639627107464
108.298915,-0.03798351841496834
108.318915,-0.037908949650410285
108.338915,-0.03810067459213931
108.358915,-0.038360767832215065
108.378915,-0.03813748111893294
108.398914,-0.038407900699331754
108.418914,-0.037804101165503215
108.438914,-0.03808591934730683
108.458914,-0.038029369230768585
108.478914,-0.038004101165535695
108.498913,-0.03876421771563852
108.518913,-0.03937156037299594
108.538913,-0.03970265594407496
108.558913,-0.039964777156183115
108.578913,-0.0396369449883672
108.598912,-0.03927801724944306
108.618912,-0.038773122144551204
108.638912,-0.038749718881164096
108.658912,-0.03861906620052964
108.678912,-0.038764544055997954
108.698911,-0.03952139720282759
108.718911,-0.039900091841506884
108.738911,-0.0396958960373051
108.758911,-0.039915383216778205
108.77891,-0.03991095431232603
108.79891,-0.03938577948717173
108.81891,-0.039102539393937596
108.83891,-0.03900405454544965
108.85891,-0.03902654871794003
108.87891,-0.03929181678318762
108.898909,-0.03979636223771746
108.918909,-0.039875033566396864
108.938909,-0.0398498587412326
108.958909,-0.039837271328621846
108.978909,-0.039899159440492035
108.998908,-0.039800091841453014
109.018908,-0.03964929930067442
109.038908,-0.03977899627037837
109.058908,-0.039612655944066336
109.078907,-0.03972899627042829
109.098907,-0.03913225967368513
109.118907,-0.038505220046650794
109.138907,-0.037750021911455024
109.158907,-0.03745573286716168
109.178907,-0.03793866993008839
109.198906,-0.037943098834513536
109.218906,-0.03793391468533031
109.238906,-0.03806617575759772
109.258906,-0.03849090769232157
109.278905,-0.038498903030313156
109.298905,-0.03855491701629914
109.318905,-0.03856661864799773
109.338905,-0.03856358834500529
109.358905,-0.03915260932403694
109.378905,-0.03975528997670649
109.398905,-0.03950790069931428
109.418904,-0.039236805128245955
109.438904,-0.0391462223776587
109.458904,-0.03902678181820487
109.478904,-0.03860228298371883
109.498904,-0.03871971888114073
109.518903,-0.038451210722640024
109.538903,-0.0383352433566856
109.558903,-0.038531979953403024
109.578902,-0.038876944988372686
109.598902,-0.03915386806527819
109.618902,-0.039481723543141736
109.638902,-0.04004862331002481
109.658902,-0.039735266666677024
109.678902,-0.039635010256434705
109.698901,-0.03920102424244887
109.718901,-0.03927456736598175
109.738901,-0.039133868065278334
109.758901,-0.03970981212123269
109.778901,-0.04013258601400767
109.7989,-0.04068037156176967
109.8189,-0.040981583682982395
109.8389,-0.04121957902097842
109.8589,-0.040655476456888134
109.8789,-0.0404532153846199
109.898899,-0.03976428764568939
109.918899,-0.039656851748257095
109.938899,-0.03897270256412276
109.958899,-0.03882783076925898
109.978899,-0.03864216643356254
109.998898,-0.03885701491839541
110.018898,-0.03845342517480331
110.038898,-0.038420161771548625
110.058898,-0.03826608251746405
110.078897,-0.038549648951027415
110.098897,-0.03883053473191689
110.118897,-0.03884862331002393
110.138897,-0.039062073193468626
110.158897,-0.03973291235427884
110.178896,-0.03991204988339869
110.198896,-0.040365429836767136
110.218896,-0.03970601258733834
110.238896,-0.0390062223775643
110.258896,-0.03824170023305217
110.278896,-0.03779508018646738
110.298895,-0.03808750442890753
110.318895,-0.03815615244759158
110.338895,-0.03876253939399305
110.358895,-0.03945498694642441
110.378895,-0.03958239953384339
110.398894,-0.03998570955711938
110.418894,-0.03989177016314791
110.438894,-0.0396434951048764
110.458894,-0.039287667599046255
110.478894,-0.03922072121209028
110.498893,-0.03975953240087832
110.518893,-0.039451956643335506
110.538893,-0.039487271328636823
110.558893,-0.039196245687609765
110.578892,-0.0389828191142143
110.598892,-0.03919643216781486
110.618892,-0.039097690909092875
110.638892,-0.03879491701634564
110.658892,-0.038635383216821355
110.678892,-0.03849330862475566
110.698891,-0.03855426433569528
110.718891,-0.03845764428907643
110.738891,-0.03866708484848111
110.758891,-0.03867932261070493
110.778891,-0.039117084848453214
110.79889,-0.03977582610713883
110.81889,-0.039794590675898425
110.83889,-0.03911934592066936
110.85889,-0.039080045221402696
110.87889,-0.038978063869458866
110.898889,-0.038850115151525255
110.918889,-0.039211653613057236
110.938889,-0.039545336596728806
110.958889,-0.04009953240089165
110.978889,-0.04039988205122236
110.998888,-0.04024097762232745
111.018888,-0.03941741118881357
111.038888,-0.03772377482528735
