Time,FBG1_processed,FBG2_processed,FBG3_processed
0.02,0.0016102118885479213,-0.0004136349650373451,0.0006010377623093597
0.039999,0.0009939181821311447,0.0006989524475251876,0.0008853734266442484
0.059999,0.001201610489758068,0.0010872741258315935,0.0009628792541510265
0.079999,0.0019156198137471082,0.0009368662004167715,0.0009050820513558508
0.099999,0.0028182771564166827,0.0004332648018156205,0.000783508624784878
0.119999,0.00359191352008524,-0.00023799393943697053,0.000669685780964263
0.139999,0.00297662214481242,-0.0005894158508297118,0.0009823664336409466
0.159998,0.0025173214455456038,-0.0006441011655248317,0.0011657230770000069
0.179998,0.0003637550119896392,-0.0012155230769249964,0.0011121333334141222
0.199998,-0.001179298601053635,-0.0010892993007177991,0.0013915972028704354
0.219998,-0.0023286459204147117,-0.0007260358974488019,0.0015089631702342372
0.239998,-0.002182771794552186,-0.0003599519813748929,0.0016958629371258854
0.259997,-0.00057225897405095,-0.0003298587412627594,0.0018929491842111564
0.279997,0.000652542890764971,0.00017771701629026442,0.0012795459208169108
0.299997,0.0011407013989540094,0.0003398382284229871,0.00025868344996874537
0.319997,0.0025044776227506394,-0.0001269216783435648,0.0001546041958936218
0.339997,0.0003220766903338638,3.585221443648079e-05,-6.905547775999504e-05
0.359996,8.636573463395088e-05,-0.0005607445221703501,-0.0003680065267035781
0.379996,-0.0010374571092109125,-0.0012594391608558148,-0.0005425053612006931
0.399996,-0.0012484128201862808,-0.001100954312367765,-0.00020103682973938178
0.419996,-0.0020338673656548185,-0.0010813738927811303,0.0001023431236351739
0.439996,-0.0006619093237012682,-0.0009048004662162512,0.0003835785548649361
0.459995,-0.0006220491838410632,-0.0007727491841618108,0.0008769585082410363
0.479995,-0.0005402076919841278,-0.00016251608392919446,0.000987681118962354
0.499995,-0.00043694428868357453,-0.00014906620048517826,0.0005403617716482302
0.519995,-0.00018873916047333302,-0.00010239953382874178,0.0006998023310869278
0.539994,-0.0015724687642026463,0.00044888251743948005,0.00038535011663838527
0.559994,0.00044617925446389505,0.0003428452214096678,0.0002746275059170674
0.579994,0.000983988112247359,0.0002743137528842717,0.00036763449892297426
0.599994,0.00012837039662849322,0.00046345128202976286,0.00030562983691903643
0.619994,0.00030219324044867407,0.0004952927738459838,0.00013290256419378068
0.639993,1.9862238101196143e-05,0.0009434046619347471,-0.00010625827496426579
0.659993,-0.0013436575754396704,0.0007120526805838634,0.00021085128213968053
0.679993,-0.0015473172491257622,0.00012326480181122561,-0.0003626918413943607
0.699993,-0.0018005107223292443,-0.0003443109557505669,-0.0010646731933656606
0.719993,-0.0009254524472818009,-0.0002549403263559423,-0.0014920624707486223
0.739992,-0.0026857787876052213,0.0002936144521982525,-0.002078892307570812
0.759992,-0.0023200212118319186,0.0003064116550060762,-0.0015850694637534692
0.779992,-0.0037196715614682815,7.717016288575598e-06,-0.001290547319235029
0.799992,-0.0025513032630552776,-0.00034211981355912664,-0.001310477389165661
0.819992,-0.0020023522140681827,0.00016813659666248173,-0.0011266778553695985
0.839991,-0.0009432379949503633,0.000756691375207908,-0.0009428783215740661
0.859991,-6.988135160078553e-05,0.000507180885712031,-0.00012574545445312576
0.879991,0.00023412797238459135,0.0004316331001806123,7.532680661869541e-05
0.899991,0.0003057130539511209,9.209930066504886e-05,0.00038977902106723816
0.919991,-0.00015155967332358385,0.0004976703962303233,0.00012404475533607528
0.939991,-0.0015004174821949432,0.0007506773892456763,-0.0004942303029298554
0.95999,-0.0017849163166867594,0.0002159920745444787,-0.0002643701630728766
0.97999,-0.002513913985686198,-0.0003345673660193871,-0.000993367832064365
0.99999,-0.002203704195478378,-0.0005441477855921959,-0.0008565146852164735
1.01999,-0.00410484638661988,-2.5896037354625182e-05,-0.0004649995337103458
1.039989,-0.0029441703959831146,6.66447551857284e-05,0.00036807738934831636
1.059989,-0.002593028204841297,2.9372027908523965e-05,0.0005824363637051056
1.079989,-0.001555568997381587,0.00037774032626914196,0.0011914107226704987
1.099989,-0.00236657132840178,0.00017263543117009808,0.0017826694639231308
1.119989,-0.0003472473190620149,0.0004127519812756125,0.0017255365967924678
1.139988,0.001237554545743359,0.0003720993006481886,0.0008087533800284364
1.159988,0.001854547552767046,0.0003675771561289812,0.0002777277390147733
1.179988,0.0015292328674495364,0.0003959221444813767,-0.0005726219113185875
1.199988,0.0015643843825997538,0.0010523090908705639,-0.0004929016315971185
1.219988,0.001229326107540995,0.001040770629345334,-0.000503531002230393
1.239988,0.0018428925411223798,0.0008848498834122632,-0.00016206247077173196
1.259987,0.0017800487182882897,0.0009206307691796622,-0.0007094750581765495
1.279987,0.0010420067602414256,0.0008101412586988062,-0.00013504615376055344
1.299987,-0.00019510279688503415,0.0006331016316795039,0.00013068811197113924
1.319987,0.0006457363639544288,0.0003487193473023534,0.00010411468539855307
1.339987,-0.00010181608359163309,-5.9788811181438485e-05,-0.0004986592073629481
1.359986,0.00016529347352088895,-6.887972026529553e-05,-0.0008640438227393219
1.379986,0.0012792328674516046,-0.00013703822842715303,-0.0011674237761112275
1.399986,0.0026030324012394435,0.0006313300699526957,-0.0012090554777422309
1.419986,0.002730328438503474,0.000403497902144009,-0.0014504307691154989
1.439986,0.0029811442893215574,0.0003930083916412314,-0.0009543934730877052
1.459985,0.0019842678324295876,0.000719535198155611,-0.0007108037295045161
1.479985,0.000575736363912798,0.0006480666666560468,7.311235439870395e-05
1.499985,0.0004894892776746411,0.0003423324009098023,0.00037560652689236525
1.519985,-0.0003478533796495855,-0.0002117235431735396,0.0004996158508975912
1.539984,-0.0018269675987437049,-0.0006212806527354348,0.001022226573500621
1.559984,-0.0009604174821839985,-0.0005483668998271583,0.0012968186480889596
1.579984,-0.00016729393905204527,-0.0004865254079896885,0.001208240559512435
1.599984,0.0011193261075531842,-0.00029006853154279956,0.00048190023318218033
1.619984,0.001570468298653999,-0.000711630303084348,-0.0003640205127260378
1.639983,0.0029446641028449626,-0.000731094172557377,-0.0005274470861518159
1.659983,0.00432927948746471,-0.0006872713287285732,-0.0008972606059596926
1.679983,0.0037316571098422483,-0.0008584368299108408,-0.000552248950948303
1.699983,0.0019172748254371787,-0.0009954764569389118,-0.0002466545453574659
1.719983,0.0022397223778852535,-0.0008612107226703099,0.0006289398602210444
1.739982,0.0001797456879122348,-0.0006310242424554843,0.001497005128277236
1.759982,-0.00032083706265377706,-0.00018228298369759856,0.0012463291376071408
1.779982,-0.0018046599064706031,0.0003785561771645544,0.0009411776224559556
1.799982,-0.0006774337992554488,0.0005309104895099856,-7.304149174972546e-05
1.819982,-0.0013714431232774984,0.00025074731935666725,-0.0007506638693626005
1.839982,-0.001449158740997246,-4.622237761268623e-05,-0.0010757454544407076
1.859981,-0.00045342447523822417,2.3917482536121027e-05,-0.0014588456875324922
1.879981,-0.0019979233097538115,8.251888110404736e-05,-0.001571782750464791
1.899981,-0.0029784128202429675,-0.0002829822844018324,-0.0007515496502450848
1.919981,-0.0005932846151014174,-0.00034880979024705296,-0.0003215030302040694
1.939981,-0.0007194617712589321,-0.0006655696970186617,-0.0008356988343869264
1.95998,-0.001110091141868265,-0.00043692167835908375,-0.0008910601397441402
1.97998,0.0008252002334151735,-0.00023643216787013198,-0.0005075170162084633
1.99998,0.0014430557112721232,5.044428899383393e-05,-0.0008578433565290698
2.01998,0.0011891629373748155,0.0005523090908688708,-0.001112505361189956
2.039979,0.001053894872091573,0.0007893720279533922,-0.0007010601397510758
2.059979,0.0018236617718829225,0.001244034032638276,-0.00025861258731128703
2.079979,0.0009916571098763233,0.0009360620046551489,-1.723729594384926e-05
2.099979,0.001534920513152503,0.0007726820512843532,0.0004101519814348725
2.119979,0.0016116337998454203,0.0007686960372988628,6.204009332577721e-05
2.139978,0.000904104662315961,0.0005953860139817275,-0.0005478200465236903
2.159978,-0.0001006972025036669,0.00079349790209747,-0.000166934265644477
2.179978,8.60393942072029e-05,0.0006641272727116141,-0.000290943589653413
2.199978,-0.00047489300672993453,0.0007659454545287243,-0.0007763515150537622
2.219978,0.0009885335666949457,0.00109119020979344,-0.0012125986012970797
2.239977,0.0016345941727584237,0.0007449198135333774,-0.0005433911420990776
2.259977,0.0037421932404005384,0.0003442205128281276,-0.0003347897435006978
2.279977,0.001969326107574348,-9.496363638034769e-05,-0.0007134610721657497
2.299977,0.0022303051285559117,-0.00016144382285063045,-0.00046765687636203914
2.319977,0.0007310510492948693,-0.0006656163170307136,-0.0004034377621407597
2.339977,-0.000484496736241576,-0.000414217715649902,-0.0006961883448825709
2.359976,-0.00232025431203687,-0.00012997529140907848,-0.00033257529127699633
2.379976,-0.0015289489507497786,5.263543120753447e-05,-0.0003259319346345122
2.399976,0.0005394193475841216,-0.00038184009325544356,-0.0003254890441938
2.419976,0.0015169717951383289,-0.0003150335664225436,-0.0004579132866186691
2.439976,0.0024142678324251604,-0.00029542983681318786,-0.0004468410255473322
2.459975,0.004898953147116797,-0.0002820032633918927,-0.0012378433565369289
2.479975,0.003548720046893758,-0.00017699160836181176,-0.001742738461424548
2.499975,0.004214920513079639,-0.00024139720276539052,-0.001215698834389485
2.519975,0.0013691163172877938,-6.654871793752836e-05,-0.0012555589742475695
2.539974,0.0008668319349984755,0.0003496517482668509,-0.0008498713285649791
2.559974,0.001103824941989393,0.0007865048951030383,-0.0005123888110891583
2.579974,0.0018624030305979204,0.001235922144519838,-0.0005810368297339903
2.599974,0.0015521000003023957,0.0011551762237546471,-0.00032194592064531174
2.619974,1.2379720600469565e-05,0.0012591156176839037,-0.0007409202796107503
2.639973,0.0008504682987031841,0.001353474592052159,-0.001068659207344791
2.659973,0.0011300487182953635,0.000602658741237683,-0.000671829370521496
2.679973,0.0011368319350672843,0.0005671808857656591,-0.00034807645677294565
2.699973,0.001135316783542708,0.0002732181817718564,1.1550582867279001e-05
2.719973,-0.0010833778551609424,-0.00037459067603333945,-0.0008077967364895532
2.739972,0.0014684636366487601,-0.0009096722611207969,-0.0008387990675084824
2.759972,0.0012189764571708343,-0.0009151734266388137,-0.0014460018647142066
2.779972,0.0017845009326969323,-0.0006231221445637972,-0.0019402675989786211
2.799972,0.0019934519816292395,-0.0002903715618159144,-0.0018826918414067161
2.819972,0.0017345475527106705,4.016456871780698e-05,-0.002325582284291987
2.839971,0.002787554545714422,0.0002466913752584927,-0.002303437762144544
2.859971,0.002120351748512841,5.009463867527682e-05,-0.0016878200465276565
2.879971,0.0013165755247195915,0.0005279501165242263,-0.0014402442889404267
2.899971,0.0013277876459632956,0.00039802004659306254,-0.0013188923075688741
2.919971,0.0008810976692748333,0.00015582890439858358,-0.0011824820511754748
2.93997,0.0010381839163662227,-0.00043610582755271293,-0.0002940438227495287
2.95997,-0.0006416995334985126,-0.0005579240093543085,-0.0002519692306730429
2.97997,0.000965713053918799,-0.0005851734265942885,0.00022413799543047873
2.99997,0.001991633799848509,-0.0003074344988596221,3.768111897901267e-05
3.01997,0.0018040813523206682,-0.00019913613057020627,-0.00024133986004029845
3.039969,0.002279302797534815,0.00023440699298392517,-0.0003626918413943607
3.059969,0.001971493939723986,0.0001565515151474604,-0.001215255943947713
3.079969,0.0005055498837763193,0.00018566573426078434,-0.0016098713285563166
3.099969,0.0022973214455599116,-6.887972025416533e-05,-0.0016701044287894555
3.119969,0.0006027993010192397,5.242564104756479e-05,-0.0009973538460498555
3.139968,-0.0014443102560804423,-0.000648017249397638,-0.00032593193464458244
3.159968,-0.0017344967362858247,-0.0005570382284352533,7.532680662611569e-05
3.179968,-0.00010932191109387993,-0.0010227491841793526,7.975571103641815e-05
3.199968,0.0005973680656011872,-0.0009080871795201069,-0.0006979599066814605
3.219968,-0.00098531258706077,-0.0008703249417657578,-0.0007263048950412761
3.239968,-0.0012800911418620036,-0.0001337748252350599,-0.0005004307691777378
3.259967,-0.001976920978723415,-0.00041149044294700517,-0.0015283794871122796
3.279967,-0.002060510722325249,-0.0003694158508779395,-0.0013977268064550292
3.299967,-0.0010919559437730234,-0.0006303482517854405,-0.001340151048870934
3.319967,-0.002949927971766965,-0.00013934592077671955,-0.0010717594404753574
3.339967,-0.002509858041684485,-0.00026904289048067183,-0.0002696848484006442
3.359966,-0.001294007225836764,-2.3355244822367426e-05,0.0010368419581299867
3.379966,-0.0009272240090282194,-0.00042239953385876395,0.0008122965035753345
3.399966,-0.0015325386943161484,-0.0002907212121678619,0.00044868344997241
3.419966,-0.001690254312006169,-4.328531474981969e-05,0.00060856689985129
3.439965,-0.0010068044285736109,0.0003780200465417962,0.0006816438229270947
3.459965,-0.0013665247082999502,-0.00036086107231666934,-7.791328662088044e-05
3.479965,-0.0008520958038591413,-0.0004463855478510002,-0.00018642144512697687
3.499965,-1.5452447208599417e-05,-0.0003832153846627732,-0.0008556289043233887
3.519965,0.00030473403294383096,6.95818181487666e-05,-0.0012715030301980114
3.539964,0.0014282771564789398,-8.983543124812968e-05,-0.001397726806423229
3.559964,0.0013072981354735754,-1.840093249704639e-06,-0.0009304773891816527
3.579964,-0.00019281841464563996,0.0002117729603651672,-0.0009154191141205854
3.599964,-0.0002445666664010424,0.00011526946385091422,-0.0007072606059623878
3.619964,0.00022226317041777277,-0.00010661864805257397,-0.000715675524378851
3.639963,0.0009703284384806601,-0.00019752773894679521,-0.0005894517481557537
3.659963,0.0006860627042250655,-0.0007790662004861987,-0.0008751160838154287
3.679963,0.001966622144826331,-0.0004194158508502834,-0.0006957454544450388
3.699963,0.002568417016629833,-5.1723543152963435e-05,-0.0004986592073587082
3.719963,0.002836132634366496,4.687785546184506e-05,-0.00012840279710852926
3.739962,0.002438859907094538,0.00011387086248764442,-0.00019926526797017286
3.759962,0.001375969464176639,-6.419440558703991e-05,0.00022590955719968772
3.779962,0.001097461305679454,0.00024883589743788116,0.0004694993007865868
3.799962,0.0016123097904974437,-0.00042291235431410877,0.0005315039627905247
3.819962,0.0010232421914351916,-0.0006689263403461601,0.00028348531477477286
3.839962,0.0006840813522783966,-0.000492469463894887,6.824055953443903e-05
3.859961,3.9162937365885895e-05,6.566573422030935e-05,-0.00039723729593845814
3.879961,0.00084860349683196,0.0003098149183790169,0.00015460419589044194
3.899961,0.0020039881122283403,0.00038452354309247383,-8.23421910539732e-05
3.919961,0.003507810956070462,0.0005059687645305305,-0.00010227226098407548
3.93996,0.0036230557113215876,0.0003929151514946959,-0.00014877575748676393
3.95996,0.0031046407928883987,2.5339393910981723e-05,-0.0002377967365040004
3.97996,0.0028349904432282487,0.00019697109554767263,-0.00015807645678571157
3.99996,0.0019934519816631603,0.018689208857765923,-0.0003086592073667037
4.01996,-3.741048921296472e-05,-0.00388556969704737,-0.00024222564093285298
4.039959,-0.0014366179484155055,-0.022846222377712153,-0.0008356988343969963
4.059959,-0.0024347065264916255,-0.03720549976698742,-0.0010673305360295443
4.079959,-0.0016668044285937603,-0.047774054545526565,-0.0012750461537443796
4.099959,-0.0015944734262392023,-0.05356577948723852,-0.0019136941723784746
4.119959,-0.001902049183809569,-0.053835616317083085,-0.0016678899765768841
4.139959,-0.0023170841488386698,-0.04849976550121474,-0.0012715030301937713
4.159958,-0.003442258974032101,-0.03260288904434121,-0.0010832745919662058
4.179958,-0.0031020025637766716,-0.020916012587446582,-0.0009946965033902117
4.199958,-0.0025189955707772137,-0.0022778074592447175,-0.00037243543113985077
4.219958,-0.002522049183851208,-0.021220931002356253,6.8240559528079e-05
4.239957,-0.0005722589740663198,-0.027059975291387855,0.0001236018648863529
4.259957,0.0004941745923502467,-0.02938631561771505,0.0002515972028802491
4.279957,0.0023028925410506903,-0.03312396130537203,0.00026001212129618236
4.299957,0.0021610976692491694,-0.034147854079251326,0.0003596624709461631
4.319957,0.002115200233332991,-0.03502207319350148,0.0007742079254843392
4.339957,0.0012156897438229876,-0.03324093100236282,0.001163951515223908
4.359956,0.001117810955939566,-0.02972804055948459,0.0012569585082314047
4.379956,0.0026387666669237695,-0.035345919347369005,0.0011683804196570007
4.399956,0.0035184403266083357,-0.03521100093245096,0.0014097557110302685
4.419956,0.002519559207736375,-0.03338230629374953,0.0013034620047367434
4.439955,0.0037750370632229193,-0.03590981212124897,0.001259172960448216
4.459955,0.002379139627324694,-0.03452934592077429,0.0012768885781646872
4.479955,0.0037661093243103,-0.03592533659676658,0.001038170629446823
4.499955,0.004375340093551066,-0.035624031235441236,0.0005514340327137368
4.519955,0.004217391375591434,-0.0364195324009358,0.0003875645688488365
4.539954,0.003463778321996887,-0.03568214312352619,1.3765035054409761e-05
4.559954,0.0035490463872542544,-0.03551081445220342,-0.0005332046619038653
4.579954,0.003561843590079569,-0.03528225967366918,-0.0008339272726203672
4.599954,0.003505643123903333,-0.035152469463887594,-0.0018171440558193094
4.619954,0.002704524242775558,-0.0345401151515635,-0.0023525986012671255
4.639954,0.0033989997672509704,-0.03402202657349028,-0.002089078787749594
4.659953,0.0007295825178220951,-0.03437871655020351,-0.0014375869462680629
4.679953,0.0016500953383418245,-0.0345621664336508,-0.0014863048949854427
4.699953,0.002769442657667342,-0.03487172354320441,-0.0011142769229639349
4.719953,0.003614710722901737,-0.0342199286714026,-0.0009242769229655704
4.739953,0.0032004682986531063,-0.03408936923084365,-0.0007333911420868418
4.759952,0.0011751303033277897,-0.03454100093245871,-0.0006939738926673495
4.779952,-0.0001989489507352579,-0.03461549976692527,-0.00017977808848025265
4.799952,0.0007665055947113118,-0.03514813379953956,-0.0007825519812422838
4.819952,-0.00026214242395574544,-0.034777574358970685,-0.0013056055942865562
4.839952,-0.0009537275055209824,-0.035451094172494535,-0.00043311142180522174
4.859951,-0.001861000232804896,-0.03593512680654267,-4.7796736498745794e-05
4.879951,-0.0022469909087840657,-0.03574766759908823,-0.0002741137528130664
4.899951,-0.0019625620043768432,-0.03577612913758338,-0.00012308811179348195
4.91995,-0.001224520046327329,-0.035718413519886805,-0.00034010442880779486
4.93995,-0.0028195317013220166,-0.03544526666676018,-0.0004818293705326719
4.95995,-0.003529298601088358,-0.035200418181895454,-0.0004131813518851897
4.97995,-0.002381233333028356,-0.03450323869469217,-0.0004929016316024184
4.99995,-0.0008344501162558844,-0.034480021911447084,-0.0014145566432407848
5.01995,-0.0010810701628558963,-0.03402652540794701,-0.0016709902096698202
5.039949,0.0010872981355154435,-0.034725196736600225,-0.0008866312353195275
5.059949,0.0032555032636996445,-0.03486985874124361,-0.0008711300698177478
5.079949,0.0024282538464680853,-0.03529750442889612,-0.0008866312353195275
5.099949,0.00021979230799130966,-0.035546385547781174,-0.0012520158507022614
5.119949,-0.0018418627036610935,-0.036445406526799194,-0.0009712233099121513
5.139948,-0.003387853379652566,-0.03657932261074393,-0.0007984960371890156
5.159948,-0.00408533589716289,-0.03632860000002416,-0.0003467477854492189
5.179948,-0.004085662237465616,-0.036079882051324653,-0.00041805314675316457
5.199948,-0.0038931214449153834,-0.03554440419585147,-0.0008011533798507793
5.219948,-0.002379951281727812,-0.035473355244826074,-0.0008653724940715285
5.239947,0.00039986223809209526,-0.03550156037299815,-0.0009256055943020175
5.259947,0.0012395358977647596,-0.03478284242425884,-0.0014925053611951648
5.279947,0.0009452002334264981,-0.034512586014000514,-0.0011116195803138316
5.299947,-0.00021249207426167816,-0.03490906620047081,-0.001091246619943017
5.319947,-0.0005742403260241193,-0.03571591934733321,-0.0007922955709930738
5.339947,-8.729393908495282e-05,-0.03625426433569703,-0.0006324121211115438
5.359946,-0.000712934964728994,-0.03626235291380812,-0.0006873305360275152
5.379946,-0.000619951281737328,-0.036403331934800616,-0.001243158041843496
5.399946,-0.0001123055941013007,-0.03580715477863934,-0.0019008503495246784
5.419945,0.0002571815853985495,-0.03537580279728725,-0.002027074125745126
5.439945,0.0015279974362283541,-0.0349303948718405,-0.002184300232969132
5.459945,0.0025198156180202286,-0.03423482377625267,-0.0019694983681711005
5.479945,0.005190095338289787,-0.034059019580440233,-0.0012701743588562641
5.499945,0.006846155944370625,-0.03395151375294242,-0.0009557221444146119
5.519945,0.006846132634313983,-0.034227411188847666,-0.0007170041957025778
5.539944,0.006256878555065192,-0.034835429836860825,-0.00018775011646024372
5.559944,0.004701610489790602,-0.035020418181855945,0.00012847365975856786
5.579944,0.0024962025643756307,-0.03497801724944758,-0.00020413706284662782
5.599944,0.0007099321681021059,-0.03498598927743287,0.0003056298369126764
5.619944,-0.0017194384612687487,-0.03527603589749239,0.00039420792549291076
5.639943,-0.0017366645684852842,-0.03588790069934994,-1.3251281958358773e-05
5.659943,-0.0018997414915654747,-0.03597160699304577,-6.37407924460077e-05
5.679943,-0.0005600212118430246,-0.03626237622381547,-0.0007302909089827757
5.699943,-0.000843051514855707,-0.03560552307698246,-0.0012856755243606938
5.719943,-0.0005746132864236982,-0.03573862331006942,-0.0015381230768042385
5.739942,-0.0007200445218359711,-0.03541762097904596,-0.0013122489509327503
5.759942,-0.0012184361302534738,-0.03507216643358909,-0.001126234964921996
5.779942,-0.0016364547782666745,-0.034860861072300464,-0.0006452559439526197
5.799942,-0.0018237974356340157,-0.03470419440563502,-0.0002798713285730659
5.819942,-0.002485452447293868,-0.03456911282057647,-0.0005482629369591023
5.839942,-0.0016317927736132602,-0.03471209650354419,-0.0007209902096848882
5.859941,-0.0012505806523974003,-0.03474060466203655,-0.0005704074591054858
5.879941,-0.00030314475498334774,-0.03541449743593189,-0.0013769109555973917
5.899941,-0.0005959419577774913,-0.035372446153899326,-0.0013746965033832306
5.91994,0.0006173913755474424,-0.036117924009370736,-0.0009667944054885986
5.93994,0.0010673214454747077,-0.036527620979066304,-0.0006629715616701505
5.95994,0.0012637083918385925,-0.036730021911461325,-0.0011080764567674632
5.97994,0.0023563424244954774,-0.03641955571098343,-0.0007781230768171409
5.99994,0.002907694405849353,-0.036011630303046466,-0.0007028317015245249
6.01994,0.0034709111890931952,-0.03544246946388259,-0.0012409435896266843
6.039939,0.004204174592381519,-0.034881373892763086,-0.0017214797201553487
6.059939,0.0032387200469259398,-0.03451622237759537,-0.0023038806525492155
6.079939,0.003092239860425493,-0.034666432167808056,-0.0027888456875099126
6.099939,0.002653032401205957,-0.03497515011654741,-0.0019123655010409677
6.119939,0.004143055711231445,-0.035341560372984464,-0.0007714797201773069
6.139939,0.003551587179746762,-0.03555368158512133,-0.00034453333323664753
6.159938,0.0021052235433798995,-0.035511467132897385,-0.0004202675989689158
6.179938,0.003135200233379164,-0.03543853006995526,-0.00033213240083416383
6.199938,0.002516202564386617,-0.03524235291380275,-0.00047828624699054354
6.219938,0.0016754100236026667,-0.03503277249421404,-0.001386654545347652
6.239937,8.04405624607127e-06,-0.03477475384618856,-0.001176281584977943
6.259937,-0.001563144754950408,-0.034536991608425056,-0.0013467944054890374
6.279937,-0.0017086925405229276,-0.03472039487183327,-0.0017697547784442066
6.299937,-0.00270006783188628,-0.03517277249421569,-0.0013955123542053573
6.319937,-0.0027833778552027394,-0.03489333193477415,-0.0005265613052698611
6.339936,-0.0025928417246775482,-0.034850255011685136,-0.00031220233090777186
6.359936,-0.0026803941722061105,-0.03515020839162163,-0.0005292186479178447
6.379936,-0.001046011887812463,-0.03514787738929386,-0.0007196615383548012
6.399936,-0.000133098134897526,-0.03509668857811822,-0.0008875170162094322
6.419935,0.001395782983999496,-0.03497953240097216,-0.0008410135197062137
6.439935,0.0012936384618838998,-0.034586199067658266,-0.00027632820502775774
6.459935,0.0020784636367145864,-0.0341930988345716,-0.00047341445211249844
6.479935,0.0016865055947364754,-0.03420906620052515,-0.0013171207458102653
6.499935,-0.0006617694635458608,-0.034553495104923455,-0.0011687524474455545
6.519934,-0.001129881351708681,-0.03434400792541927,-0.0005748363635406989
6.539934,-0.0009083195801481993,-0.03492622237761759,-0.0005646498833481365
6.559934,-0.0022038673657142783,-0.03475992867129535,-0.0007949529136490077
6.579934,-0.0028823988342572696,-0.03492058135194098,0.00023255291384429173
6.599934,-0.0012869442888017294,-0.03509391468529197,0.0009668186480969051
6.619934,-0.000811746153564723,-0.035116688578091575,0.0011539981352786978
6.639934,-0.0011878300696208043,-0.03527839020980419,0.0005619235432143947
6.659933,0.0003326361308459742,-0.0355240545454509,-4.7633566333337576e-05
6.679933,0.000526715384938204,-0.035606548717931306,-0.0007189622376530263
6.699933,0.0002706081588161348,-0.035935686247079504,-0.0005308503495433068
6.719933,0.0008549205131277281,-0.035679858741259236,-0.000519661538355714
6.739932,-0.00024328461508141692,-0.035366688578097986,-0.000924999533686357
6.759932,-0.00040288834470831333,-0.03449911282051257,-0.0009328317015231308
6.779932,-0.00109645477826633,-0.03415258601399145,-0.0005976335663328149
6.799932,-0.0005903009321189075,-0.03382727132866971,-0.00037735384606068807
6.819932,-0.0007047298365482919,-0.03414915944055127,-0.0004827151514167462
6.839931,-0.00012554568736626657,-0.03420055804194253,-0.0012622023308948237
6.859931,0.0006656664338442505,-0.0344916069929849,-0.0017272372959243585
6.879931,0.0006834053616004027,-0.034909648951051024,-0.0019531114217958467
6.899931,0.0010356198137958742,-0.03515780745922907,-0.0015810834497722189
6.91993,0.0003564123545971492,-0.03565277249421169,-0.0007236475523482419
6.93993,9.149393965857708e-05,-0.03525580279726426,-7.92419579477872e-05
6.95993,-0.00012218904404300848,-0.03519018508164579,0.0005518769231655795
6.97993,-0.00039822634007609945,-0.03503974219117463,0.00024933613062753577
6.99993,-0.0006647531466174126,-0.03516386806528127,0.0003505948718866178
7.01993,0.0010803983685069545,-0.03540396130536406,-3.0267598968814326e-05
7.039929,0.0021989298370499516,-0.03531365827504947,-0.0008999645686499381
7.059929,0.003318020746158927,-0.03529918275056119,-0.0015991254077972461
7.079929,0.003079186247347597,-0.035671537062914045,-0.0010679132865943936
7.099929,0.0024006081587952042,-0.03586827365963359,-0.0004782629369535123
7.119929,0.00129603939425174,-0.03615925268061891,0.00033583962713947576
7.139929,-0.0005474104891788102,-0.03551508018643613,0.0014123431236302288
7.159928,-0.0015255223772730256,-0.0353587631701168,0.0017958163170972122
7.179928,-0.0005597414914633098,-0.03533074452209363,0.001311107692392278
7.199928,-0.0003720258737594603,-0.035167224708586506,0.000657028438327217
7.219928,0.002105456643700393,-0.035187131468502365,4.953846261756829e-06
7.239928,0.003116155944380837,-0.03492046480184964,0.00017299580430027683
7.259927,0.0048447107229349995,-0.03468687505828413,-0.0001015729602637501
7.279927,0.0046481606063701955,-0.03499645547787954,0.0005146275059259364
7.299927,0.0038293494175370103,-0.03519491701635836,0.0002910144523172316
7.319927,0.0023747340329042525,-0.03535955571100062,0.0001748139861218186
7.339926,0.0011418435899894347,-0.036008763170213606,0.0006003617716647577
7.359926,0.0012162025643530643,-0.036453262004724936,-0.00039264522132723665
7.379926,0.0001666454548032058,-0.036243984615436375,-0.0008856522143238982
7.399926,-0.0010119559438091117,-0.03609002191146753,-0.0018760018646541289
7.419926,0.0005091163172701479,-0.0358965487179846,-0.0015761650348264712
7.439925,-0.000391046852878168,-0.035660954312398296,-0.0006318759905380763
7.459925,-0.0006087391605423841,-0.035075056876498735,-0.0012398946385708415
7.479925,-0.0015943335661129457,-0.03500361165505528,-0.001101666200361731
7.499925,-0.0025875969693681233,-0.03451934592077993,-0.001428938927642938
7.519925,-0.0014931447549140775,-0.034660674592099996,-0.0018186825173888673
7.539925,-0.0003651727269384558,-0.03455927599070299,-0.00175271515142375
7.559924,0.0003886967369420636,-0.03493631561773411,-0.00203709743579878
7.579924,8.004871828041246e-05,-0.034627644289058214,-0.0019100578087512918
7.599924,0.0003059927741866738,-0.0348945207459377,-0.0019340671327455789
7.619924,0.002613661771835088,-0.035344404195808914,-0.0012025752912434248
7.639924,0.002302822610988356,-0.03597468391608259,-0.00020418368284913925
7.659924,0.0019395825177468502,-0.03583710815850967,-0.00043189930058079053
7.679923,0.002698883217040653,-0.03601461398602792,-0.0003542069928901238
7.699923,0.0023083937065554562,-0.03571125734265489,-0.0009174937061708593
7.719923,0.003739209557363967,-0.03553780745920142,-0.0013828783215459816
7.739923,0.0035147107228764877,-0.03499848344985628,-0.0008037874124659716
7.759922,0.003994664102821222,-0.035516735198093854,-0.0005959785546623716
7.779922,0.0043005382286900136,-0.03540165361303675,-0.000721269929953302
7.799922,0.0026422631704193953,-0.03528062797201881,-0.0002584494171373985
7.819921,0.003111587179742516,-0.03522876317015404,-0.00011278508147406354
7.839921,0.002922449650619285,-0.0351203948717901,0.0002688000001032148
7.859921,0.0020157829839764726,-0.034926338927762465,-8.945174813869029e-05
7.879921,0.0017324962706931875,-0.03490790069933687,-0.0006167011653755935
7.899921,0.0005274379956536898,-0.035110301631744605,-0.0009565146851828914
7.91992,0.0006515405597418502,-0.035158972960413364,-0.0009406638693286341
7.93992,-8.223566403149868e-05,-0.035337620979064024,-0.0009315729602431871
7.95992,0.00028018857839303654,-0.03562440419584983,-0.0009776801863516657
7.97992,0.0006008645690734922,-0.03540832027977563,-0.0007624354310938415
7.99992,9.872004691944083e-05,-0.035187271328734095,-0.0009860951047739588
8.01992,0.00047247296065941545,-0.03472741118886155,-0.0011450927737899647
8.039919,0.001495759673957503,-0.03444023170165716,-0.0018497314684267382
8.059919,0.0011917503499668258,-0.034645546386961754,-0.0019272372959351057
8.079919,0.0004101885784236342,-0.03451699160838969,-0.002474206992897091
8.099919,0.0010371349653670908,-0.034792958974356206,-0.0021260951047879953
8.119919,0.000492333100554745,-0.034761630303021304,-0.0020153724940592576
8.139918,0.0006938482520778783,-0.034779369230765265,-0.0018515030301800468
8.159918,0.00013881328705932775,-0.035024986946394096,-0.0007814797201361593
8.179918,0.00032920955743600167,-0.03513827365969,-0.0005711067597669802
8.199918,0.0006972515154571788,-0.03554792400934808,-0.001060943589633813
8.219918,0.0025759228441410904,-0.03525957902099703,-0.000987423776131076
8.239917,0.0046385102567304305,-0.03523566293707031,-0.001682761771465722
8.259917,0.005006179254390189,-0.03546107086248684,-0.0017824121211130531
8.279917,0.00474727482548593,-0.03529307552450225,-0.002518053146738016
8.299917,0.0029515871797685805,-0.035350767832194645,-0.0022390321677134045
8.319916,0.0005647340328926642,-0.03539494032636692,-0.002241689510357678
8.339916,-0.0008626319344937531,-0.03552125734268991,-0.0013935543122193983
8.359916,-0.0012177834496448427,-0.03550202657346636,-0.0008155822842363641
8.379916,-0.00010200256388682401,-0.03584477715620542,-0.0009962349649057089
8.399916,-0.0013479699298264685,-0.035633145454541985,-0.00037071048939488373
8.419916,-0.0004132613050773443,-0.03527547645685857,0.0004361659674663909
8.439915,0.00023333543152144004,-0.0351915603729397,0.0005780307693291847
8.459915,0.0013384403266235316,-0.03544517342657231,0.000584580885882904
8.479915,0.0027772048954062723,-0.035472189743595145,0.00033224988355826546
8.499915,0.0015826361308260912,-0.0352218400932495,0.0004238116551172997
8.519915,0.0018869484851227435,-0.035016152447572356,-0.0002647897434723173
8.539914,0.002580771328921683,-0.03496710815851781,-0.000723321211994635
8.559914,0.004301796969934447,-0.03510300559441028,-0.0014814797201390597
8.579914,0.00581300909112387,-0.03537839020979976,-0.001785465734118676
8.599914,0.004185340093482741,-0.03517953240092249,-0.0020747198133680414
8.619914,0.0029125662007120274,-0.03501846013985144,-0.0017049062935569847
8.639914,0.003599186247329535,-0.03500992867133992,-0.0019551393937868983
8.659913,0.004173079021223475,-0.03567841351983674,-0.0017447664334177193
8.679913,0.004934617482774299,-0.03520589603732344,-0.0017956988343524405
8.699913,0.003928650116812783,-0.03501811048955196,-0.001071572960239527
8.719913,0.004022030070199189,-0.0348723529137829,-0.000981223309892204
8.739912,0.0036506081587853916,-0.03504302890443767,-0.00046082703950333504
8.759912,0.003925293473479985,-0.0352052899766887,-0.00010474312342113911
8.779912,0.004538813286993666,-0.03540267925405557,0.00016320559452153496
8.799912,0.0041611675993569654,-0.035209695571064625,-0.0004594983681737784
8.819911,0.003598603496790126,-0.03465573286709071,3.6538927857195395e-05
8.839911,0.004831377389555298,-0.03427102424239884,-0.0005702209788961562
8.859911,0.003910398368562595,-0.034346641958014325,-0.00016276177144223673
8.879911,0.0029081839163445176,-0.03388512680650314,-0.0003842069928854024
8.899911,0.0011680673662318036,-0.0338028424242304,0.00024912634044000546
8.91991,-9.148974332846507e-05,-0.03394379813518374,0.0001384037297181577
8.93991,4.4967133135287115e-05,-0.03427904289043116,0.0002048372961504184
8.95991,0.0016659461541118099,-0.03487706153846373,0.0005232755245892214
8.97991,0.002132915851072782,-0.03548181678320848,0.0008581006994085787
8.99991,0.003001354079514243,-0.03576193333334232,0.0001051869465036173
9.019909,0.003215876224057111,-0.035722562703983114,-9.145641013935104e-05
9.039909,0.0028672048953915777,-0.035704613986042605,-0.0009794517481219347
9.059909,0.0023501419583329265,-0.03548570955713223,-0.0006999878786613816
9.079909,0.0019143377625525817,-0.03527573286714878,-0.001262458741121966
9.099909,0.00047589953411443807,-0.035140558041994056,-0.0016610601397160601
9.119909,-0.0005906272724126236,-0.03493929930071768,-0.0018798480185017023
9.139908,0.00011165710988532201,-0.03518540652682471,-0.00181119999985157
9.159908,0.0005946874128955014,-0.035006572028006055,-0.001445815384469896
9.179908,-1.918205096906788e-05,-0.03475156037298634,-0.00046481305347928546
9.199908,0.001760305128511866,-0.03481866993008599,-0.000679614918280497
9.219908,0.002497507925714267,-0.03446829696970881,-0.0006508270394963994
9.239907,0.003274197902410154,-0.034415732867144916,-0.0007376335663021247
9.259907,0.004360258508479469,-0.03434067459208004,-0.0006446265732993977
9.279907,0.0035698156180314707,-0.03427678181819859,-0.0009905240091922117
9.299907,0.001645293473496962,-0.03451503356645249,-0.0009307337994045549
9.319906,0.0002601885783974203,-0.035100977622392726,-0.0006406405593170874
9.339906,0.00015226317047631354,-0.03553279580420719,-0.0006787291374033127
9.359906,-0.0009584361302283196,-0.035426898368316355,-0.000993181351851855
9.379906,-0.0009731913749791714,-0.03541589603731053,-0.0002756988343777157
9.399906,0.001344314452490247,-0.03570274918416502,-0.00020926526794492507
9.419906,0.0023633121214830886,-0.03606487039628359,-0.00047499953367608784
9.439905,0.0035028226110056706,-0.03626044149187979,-0.0006698713285456071
9.459905,0.002561377389583069,-0.03616601258743542,-0.001471503030167948
9.479905,0.0016391629373665342,-0.03579575617718312,-0.0017150927737548472
9.499905,3.2892541125101294e-05,-0.035682842424272485,-0.0014006405593063047
9.519905,-0.0018636109553698068,-0.036279998601424626,-0.0014493585080236845
9.539904,-0.0009410934728669071,-0.03571419440561156,-0.0011836242422925219
9.559904,-0.0003255456873250736,-0.035734450815857105,-0.0008470275056997156
9.579904,0.0003922398604661712,-0.0354425627039634,-0.0005547198133954365
9.599904,0.0021797689979671693,-0.035378110489525515,-0.0005812932399685529
9.619904,0.0035951769233674353,-0.03594151375293151,-0.0009710368297075917
9.639903,0.00477473403290496,-0.035766828438262704,-0.000747820046491507
9.659903,0.00301659883478835,-0.0355307212121654,-0.0007101743588486441
9.679903,0.002583778321970375,-0.03562193333337725,-0.0005556055942816313
9.699903,0.0014338249420021178,-0.035601070862540954,0.00018667878798846524
9.719903,0.0004238948720566315,-0.03610417109563134,-1.4836363524598178e-05
9.739902,0.002067624475763399,-0.03605636223781705,0.00036383496514257377
9.759902,0.00218596946413184,-0.036462749184166435,0.0002260960374079574
9.779902,0.0014987200469167613,-0.03568561631702082,-0.000261083449766901
9.799902,0.0025460627042604086,-0.03522072121211649,-0.0006800578087344596
9.819902,0.00269823053642036,-0.03557836689974273,-0.0004608270395075753
9.839901,0.002619838928029508,-0.03519657202795407,-0.00043646806514862046
9.859901,0.0012300254082226296,-0.03510435757573181,4.0082051392963493e-05
9.879901,0.0017524729606639615,-0.03478936923073153,-0.0003788923075745951
9.899901,0.002413988112160456,-0.03510246946386596,-0.0004364680651539204
9.9199,0.003866762004938881,-0.03528894965034174,-0.0005011300698159122
9.9399,0.004505456643639619,-0.03553885641024984,-0.00027082703951610107
9.9599,0.004908580186788431,-0.03564354172493745,-0.0006145100231915734
9.9799,0.00412962913784566,-0.03496293566436538,-0.00019996456865445755
9.9999,0.005034011422235829,-0.03514820372962521,-0.0003310601397460599
10.0199,0.0034066920748973563,-0.03494433426574417,8.171375301654676e-05
10.039899,0.002517368065588396,-0.034838250349676865,-0.00042982470851408647
10.059899,0.0015133587415593073,-0.034553215384643385,-0.00037003449872112965
10.079899,0.0024710510492436267,-0.03355384475527202,-0.0005290321677138151
10.099899,0.0016763191145126423,-0.03400822703966358,-0.0009183328670057814
10.119899,0.0017675778557821316,-0.03382675850819687,-0.00044355431223287663
10.139898,0.0021599787881983043,-0.03408713146855906,-0.0007912233098917195
10.159898,0.0029038715620838614,-0.03454752773896373,-0.0007092885779523793
10.179898,0.003506575524799459,-0.03459976550119363,-4.229557096694877e-05
10.199898,0.005452216550461009,-0.03516232960372973,-6.864335535066942e-06
10.219898,0.005470841259064665,-0.03502682843823253,-0.0001596615383334006
10.239897,0.005891796970019703,-0.03537181678322385,-0.00045684102551148473
10.259897,0.006327065035273751,-0.03495309883450728,-0.00035276177143795106
10.279897,0.006411190909371671,-0.03462787738925681,-2.28083914934591e-05
10.299897,0.005445829604016517,-0.035196805128189235,-0.00031334452202693905
10.319897,0.0035115405597265182,-0.03511813379952626,2.3252214563217047e-05
10.339896,0.002051214219406234,-0.0354486233099997,-0.00014991794860275094
10.359896,0.0007313540795324731,-0.03582776083914409,0.000184464335776424
10.379896,-0.00019622167804402122,-0.035824241025593936,0.000377121678432842
10.399896,2.534009351805029e-05,-0.035740651282012245,0.00040497715630491307
10.419895,0.00040091118907108626,-0.03562482377620581,-0.0007236708623444627
10.439895,0.001350701398880148,-0.03546736456872862,-0.0010318526805416202
10.459895,0.002029093007279392,-0.03529654871792056,-0.0014487524474488347
10.479895,0.0017519601401434263,-0.03511626899763172,-0.0012365146852211521
10.499895,0.0022455965037890694,-0.03566484708620863,-0.001590943589648805
10.519895,0.002475713053890681,-0.03566442750578852,-0.0011877967365048322
10.539894,0.0020799554781342896,-0.0361439146852836,-0.0004974703961649481
10.559894,0.0015523097904893964,-0.03604605920744039,-0.00016005780874881067
10.579894,0.00035545664365286135,-0.03604757435897292,-0.0004622722609772384
10.599894,0.0009354333336402664,-0.035811327272739286,-0.0007593585080644377
10.619894,-0.001034986246773319,-0.03581622237765542,-0.0007039972027331942
10.639893,-0.0010623755241533355,-0.03543974219116962,-0.0007638107225562922
10.659893,-0.0017956855474531807,-0.03479020839162741,-0.0009232512819949898
10.679893,-0.0025489955707512914,-0.03420559300698864,-0.0004887524474928604
10.699893,-0.004190370862149971,-0.03449286573423887,-0.0009439972027155627
10.719893,-0.003309298601100015,-0.034476572027956086,-0.00011089696958488859
10.739892,-0.005099648251475886,-0.03480076783215383,8.257622390069069e-05
10.759892,-0.0056765013983418044,-0.03507405454543745,0.000114744056057268
10.779892,-0.005053401165228961,-0.035274101165505826,-0.0008083328670344004
10.799892,-0.003089718181569944,-0.03498167692307841,-0.0011412932399952537
10.819891,-0.00439354102540238,-0.03508976550116651,-0.0006055123542251016
10.839891,-0.0028810934729552036,-0.03483160699299781,-0.0010996615383663702
10.859891,8.014195832359641e-05,-0.03417253939391407,-0.0006542069929144601
10.879891,0.0019704682986834447,-0.03417053473191765,-0.0005052559439573397
10.899891,0.0022841512823763583,-0.03431013846155317,-0.0011027850814645367
10.919891,0.004791913520131175,-0.034430861072289515,-0.00027795990663307947
10.93989,0.0037893494175547894,-0.03441815710958106,-0.0005626918413780778
10.95989,0.004127554545769416,-0.0348593226107574,0.0003740214453245358
10.97989,0.00434517692337925,-0.03463638554781821,0.00012644568775161622
10.99989,0.0032921466203442965,-0.03402559300702174,-3.299487168125122e-05
11.019889,0.00016457086276512167,-0.034343075524473854,0.00021989557120830538
11.039889,-0.00034610512790680796,-0.03453053473193572,-8.79132865924528e-05
11.059889,0.0002338249420319747,-0.034828390209790734,0.00034075804207197343
11.079889,0.001116995105205806,-0.03497766759906224,-0.0003902209788958647
11.099889,0.002740072028278645,-0.03506135058275072,-0.0011840205126814319
11.119889,0.00409240303059694,-0.03525703822843456,-0.0007750694637166469
11.139888,0.002358533566738329,-0.0350660358974364,-0.0011641137527570902
11.159888,0.002158603496809525,-0.03529631561770766,-0.00116131654997755
11.179888,0.0009988365970313245,-0.03503151375288322,-0.002134043822738905
11.199888,-0.0011502310020345147,-0.03463477715615187,-0.00220590862463533
11.219887,-0.0017891587409709438,-0.03454151375289656,-0.0020488923076417845
11.239887,-0.0012762682980917426,-0.03457340186480381,-0.0018381463869064168
11.259887,-0.00040270186454562443,-0.03448519673659453,-0.0010552559440209482
11.279887,0.0011772515154182062,-0.03418605920745222,-0.0006676102563586147
11.299887,0.002768999767160909,-0.03440668857809166,-4.103682975643613e-05
11.319886,0.002332869231056108,-0.03489281911424036,0.000444510955840661
11.339886,0.0010316337998315835,-0.035082329603749386,0.0008741379954801155
11.359886,0.000777741025928976,-0.03563239953381332,0.0008847673661118
11.379886,0.001492892541086479,-0.03606825034966773,0.000945862937189332
11.399886,0.0005126594408541462,-0.03601615244756356,0.0013390097903278118
11.419885,0.0008064822846957219,-0.03539776083917925,0.0011845575758940153
11.439885,0.0024892328674521514,-0.035248483449898206,0.0006352568765788227
11.459885,0.002450141958354466,-0.035331327272740104,-0.00015693426561407366
11.479885,0.0014137550119865696,-0.035035173426578706,-0.0005749995336886168
11.499885,0.001767857576080226,-0.03497086107227449,-0.0011795449882341673
11.519885,0.0007976710959110194,-0.035153495104908526,-0.001727820046500868
11.539884,-0.0007722589740065762,-0.035021560372957096,-0.0015891254078097734
11.559884,-0.0017657088574705537,-0.035232842424239956,-0.0004909902096878725
11.579884,-0.0013547531465199483,-0.035551816783195515,0.0008704083917191175
11.599884,-0.0014693219110898995,-0.034953238694604385,0.0010481473194492053
11.619884,-0.0007682729600417565,-0.0343194624708319,0.0007283104896238118
11.639883,0.0017654566436880056,-0.03444552307688906,0.0005066554779432956
11.659883,0.0024844776226824123,-0.034506828438190695,0.00014500046628975898
11.679883,0.0037600953382865886,-0.034261070862428716,-0.0004063048950117841
11.699883,0.004152519580710111,-0.03469405454542747,-0.0006808969695969423
11.719882,0.003899885548069427,-0.035031560372938204,-0.0009077034963894673
11.739882,0.0021517736599741414,-0.03489925268064019,-0.0007807804194370344
11.759882,0.00022142400963108116,-0.03504820372960473,0.00019530349664386958
11.779882,0.00012774102597580062,-0.03531981212123017,4.204009336673234e-05
11.799882,-9.139650315383857e-05,-0.03501589603731978,-0.0004549296036234389
11.819882,-0.001235568997314995,-0.035054870396304914,-0.0011804540791764732
11.839881,-0.0001298114215565704,-0.035157620979036706,-0.0012178433565921938
11.859881,0.001490048718273156,-0.03513990536129691,-0.0014467477855038247
11.879881,0.003591610489797285,-0.03517976550113327,-0.0022250694638113935
11.899881,0.004012636130818367,-0.03526475384610791,-0.0019828550115851833
11.91988,0.0043610510491952775,-0.03572967226103921,-0.0016440438227469452
11.93988,0.004033568531706929,-0.03540743449880304,-0.0014513864800465366
11.95988,0.003340444988602874,-0.035809742191109446,-0.000927004195654157
11.97988,0.0026215871797818265,-0.03581484708623113,-0.001024882983532279
11.99988,0.0013012841495076335,-0.03545223636362218,-0.0005886358972688215
12.01988,0.0005200254082873776,-0.03548869324010149,-0.00012182937048491792
12.039879,-0.00024424032596634436,-0.03518377482518759,0.0002989165502560898
12.059879,0.0010699787882525427,-0.03496762097905,0.0003387766901157642
12.079879,0.002830794639056817,-0.03486065128207848,-4.653799519442191e-05
12.099879,0.004914407692684435,-0.03443771421913596,3.951515296407164e-06
12.119879,0.00543177366002044,-0.03482253939394674,0.0005420634033996266
12.139879,0.007554151282381537,-0.03483382144520455,8.810069944036858e-05
12.159878,0.007696365734600519,-0.035442889044253405,-3.369417235440606e-05
12.179878,0.008093894872116578,-0.035273028904391754,-0.00022635151501029414
12.199878,0.007285386713601221,-0.03536920606055876,-0.0005058153844692572
12.219877,0.00738596946419556,-0.03565139720276091,-0.0003330881117461215
12.239877,0.004190887879091781,-0.03597505687642493,7.937529274477397e-06
12.259877,0.0017076710958681492,-0.03623645547784886,-0.00028879906745865445
12.279877,-0.0009782962700833685,-0.03620577948717135,-0.00010278508144578066
12.299877,-0.002132445454215106,-0.03583377482517257,0.00018686526820521496
12.319876,-0.0027178999996845562,-0.035835289976680715,0.0014650470863680797
12.339876,-0.002138459440232458,-0.03578118741257323,0.001493392074713585
12.359876,-0.0017744967362532053,-0.035454497435867996,0.001619615850933502
12.379876,0.0009576710959109255,-0.035192702564070526,0.0020027160840284668
12.399876,0.001532845921080499,-0.034967504428856364,0.001836632167947285
12.419876,0.002473032401277217,-0.03512750442885044,0.0020146741260018983
12.439875,0.001790584848808949,-0.03527643216776788,0.001640431701742909
12.459875,2.8766666986323325e-05,-0.03515792400927219,0.0009738815851854706
12.479875,0.00010335874158087414,-0.035061560372926064,-0.00010012773882058749
12.499875,0.00038058484881249533,-0.035502795804184875,-0.0005478899765791336
12.519875,0.0013829158511309287,-0.035613984615395076,-7.355431225383117e-05
12.539875,0.0012722165504360419,-0.035698600000014125,-0.0004079365966292958
12.559874,0.003220934499155616,-0.0357079240093305,-0.0006134377621241397
12.579874,0.004572706060928602,-0.03575184009323429,-0.0006134377621130093
12.599874,0.0037812375294655016,-0.03537783076920092,-0.0005071440558041141
12.619874,0.002418113986358595,-0.03524610582745556,-0.00015106013970071766
12.639873,0.0021954333336783476,-0.03469960233094853,-0.0001802909089499079
12.659873,0.0013836151518327035,-0.034360767832122024,-0.00024052400918092676
12.679873,0.00177291585112997,-0.03387757435895597,-0.0004996149182706656
12.699873,0.0005773214455447582,-0.03422498694637336,3.8496969834674055e-05
12.719872,0.0008115871797999186,-0.034082702564111125,0.0007364923078183636
12.739872,0.0005021932403995301,-0.034268809790226014,0.0007807813521063606
12.759872,0.001470887879081192,-0.03482936923078637,0.0007054899768163946
12.779872,0.0012315405597270658,-0.03530920606062438,0.00046632913765993806
12.799872,0.002636738694913638,-0.035356781818195036,0.0004060960374320992
12.819872,0.002216039394215953,-0.03502873986015608,0.000417168298505556
12.839871,0.0017832421914143388,-0.03510172354314577,0.0006749305362800482
12.859871,0.0027524263405810955,-0.03513076783219835,0.0006488000001465843
12.879871,0.002262379720562773,-0.035008879720327,0.00048803076935553943
12.899871,0.0013770417252514933,-0.03549685174828339,-0.0003756055943210902
12.91987,0.0015567620049849607,-0.03561971888114454,-0.0007609202796667869
12.93987,0.0006811675994032707,-0.036035593007025524,-0.0015891254078829148
12.95987,0.0004110510492844571,-0.03629971888114441,-0.0017795682983294113
12.97987,0.0017569717951837684,-0.03649253939395404,-0.002009871328620742
12.99987,0.0026118435900273273,-0.036321933333319734,-0.001558123076853915
13.01987,0.0009660860142759774,-0.03622225967362795,-0.0015798247085214256
13.039869,0.001062146620344218,-0.035984147785518325,-0.000802551981207689
13.059869,0.001376598834816081,-0.03568668857804745,0.0004375412589092313
13.079869,0.0004411209793632692,-0.035055359906728,1.4137995493739637e-05
13.099869,0.0015594892777519884,-0.03512890303026989,-0.000916374825042083
13.119869,0.002187927506212141,-0.03493925268061393,-0.0006794284381103879
13.139868,0.0024376944059865705,-0.034691676923055324,-0.0006152093238991787
13.159868,0.004171284149560336,-0.03447356503493602,-0.0008388689975586258
13.179868,0.0050497923080399425,-0.03457654871791727,-0.0011227617714437916
13.199868,0.004041214219446735,-0.034468506759877796,-0.0007374470861288355
13.219867,0.003473125641357707,-0.034693005594387,-0.0010474703961384552
13.239867,0.003029792308034374,-0.034402166433557084,-0.0007285892772456897
13.259867,0.002857158275393113,-0.0347368284381946,-3.9451748078364796e-05
13.279867,0.0026723331005485585,-0.034412119813493285,-0.0006400111886696954
13.299867,0.0031017270399576217,-0.03457002191138363,-0.0008995449882149866
13.319866,0.003076878555118342,-0.0346179240092729,-0.00017984801853993606
13.339866,0.0024010277392577163,-0.03433428764564138,3.9382750680588136e-05
13.359866,0.0017058995341265003,-0.034742096503459434,-0.000644882983579011
13.379866,0.0010613074595177757,-0.03488093100230594,-0.0002750694637658345
13.399866,0.0010971349653470476,-0.03517009184149198,-5.0966899660905154e-05
13.419866,0.002413148951362105,-0.03535354172496366,0.00015099114232414098
13.439865,0.003142775990999396,-0.03567097762239153,5.1340792670979886e-05
13.459865,0.00244844032663381,-0.03622624568764577,-8.196923062948349e-05
13.479865,0.001997857576035901,-0.035437947319359675,-0.0003968643355505392
13.499865,0.0011718435900292343,-0.034575173426575664,-0.0003795916082827305
13.519864,5.4617482802082895e-05,-0.03382787738926045,4.60261073220121e-05
13.539864,-0.0005906039624095129,-0.033733658275029055,-0.00013334452204678785
13.559864,-0.001667806759605751,-0.03388384475521637,-0.00038357762227140104
13.579864,-0.0006663149181036895,-0.03376053473190762,0.00021653892784953674
13.599864,-2.1746153516625957e-05,-0.033860301631683395,6.817062950019618e-05
13.619864,0.0007617037299433013,-0.03429153706292453,0.00025197016332063904
13.639863,-0.0005709303026630917,-0.034829602330987613,0.00016516363650060368
13.659863,-0.0026646599063981477,-0.03521225967364822,0.00030954592090208456
13.679863,-0.002812771794516106,-0.034851397202807485,-0.00017940512806477335
13.699863,-0.0032426086243505107,-0.03475013846154469,-0.0003078433565158123
13.719862,-0.0037214664331918406,-0.035209765501143915,9.562983693883661e-05
13.739862,-0.0032835876453230608,-0.03605983543120728,0.00017313566443660398
13.759862,-0.003970510722258205,-0.03580475384612733,0.00045880000009521885
13.779862,-0.0024375969693376694,-0.03557109417248572,0.0007772382285340221
13.799862,-0.0019233312350829391,-0.035837038228428264,0.000777238228538792
13.819861,-0.002123168064925098,-0.03572398461537281,0.0009366787879875598
13.839861,-0.0026414897432329525,-0.03549123403263481,0.0012555599068803255
13.859861,-0.001927643589387586,-0.03511850675991206,0.0015505249418797588
13.879861,-0.0020233545451075895,-0.034580627972056716,0.000290058741389374
13.899861,-0.0007463149180856218,-0.034745383216807285,-2.882237750445149e-05
13.91986,-0.0005616995334641085,-0.03494503356645654,-0.0003742769229660932
13.93986,-0.0004376435894182104,-0.03511202657343657,-0.0007020158507070241
13.95986,0.0007916104898153639,-0.034728693240095844,-0.0006931580418498486
13.97986,0.002027484615693082,-0.034502026573439114,-0.0007064447551316367
13.99986,0.001917531235733222,-0.0347847538461437,-0.0008167244754048223
14.01986,0.0027857829839955635,-0.034216268997648805,-0.0006887291373971454
14.039859,0.0012455731938149023,-0.03429132727270573,-0.00025469650335526936
14.059859,0.002739093007333366,-0.03435559300698835,4.204009339747259e-05
14.079859,0.0020972981355439325,-0.03441200326340565,-0.00012670116536031312
14.099859,0.0030539648021882396,-0.034985406526797005,8.380419718899594e-06
14.119859,0.001880771329001464,-0.035133774825176024,0.0003870517483855416
14.139858,0.002824594172825896,-0.03536428764566919,0.0006062825176140158
14.159858,0.0033284170166482012,-0.035482819114200856,0.0009096624709912216
14.179858,0.0012645475527911767,-0.03508846013986126,0.0008941613054915621
14.199858,0.000928230536483745,-0.034971397202776935,0.0008503151516649477
14.219857,-0.0006872939390334538,-0.03442515011652779,0.0005668652681992937
14.239857,-0.0026380165497510385,-0.03423936923076121,0.0005274480187639014
14.259857,-0.0008010701628409555,-0.034555662937071505,0.0004968885782100647
14.279857,-0.0012087158504798245,-0.0349014205128158,-0.0001940205127195789
14.299857,0.0005854799536800185,-0.03519083776223481,-0.0006989156176278684
14.319857,0.00023030512849772828,-0.03510692167831064,-0.0006307104894311688
14.339856,0.00043582960402271335,-0.03503291235428836,-0.0006993585080807709
14.359856,-0.00040542913722838047,-0.03507034825173787,-0.0006262815849970159
14.379856,-0.0015646832164818052,-0.03435678181816939,-0.0005266312353300746
14.399856,-0.00020053403230997678,-0.03443857668994908,-0.0005315030301720791
14.419856,-0.0023124687642428884,-0.0343251034964889,-0.0006293818180576211
14.439855,-0.0007405806523562937,-0.03464552307692101,-0.0002905706292352835
14.459855,-0.0008101144518899703,-0.03561589603728418,0.000241340792708035
14.479855,-0.0004756156173855296,-0.03607501025639042,-0.0004659552446159429
14.499855,0.0007708412590646499,-0.03646048811188775,-0.0004260951047737587
14.519854,0.0002470883453239022,-0.03658132727270591,-0.0005483328670193157
14.539854,0.001740025408253666,-0.03640510349648185,-0.0003375170162179048
14.559854,0.0036144776227031456,-0.035709439160826986,-0.0002887990675042351
14.579854,0.005042612820831411,-0.03518654871793646,-0.0004305240092248719
14.599854,0.005832356410563325,-0.03491132727272776,-0.0001293585080538774
14.619853,0.004602006760202494,-0.03491223636364038,0.00023602610733892675
14.639853,0.0058426128208065595,-0.034791723543129725,0.0003910377623646719
14.659853,0.004041424009621545,-0.03530869324008,0.0005549072262544826
14.679853,0.002834943823120795,-0.03516990536128954,0.000574837296186705
14.699853,0.002131843590037149,-0.03568780745919954,0.0006062825176092457
14.719852,-0.0004994617712424993,-0.03551167692305842,0.00046234312365695733
14.739852,-4.8855710632999486e-05,-0.03540829696968507,0.00019926620056953795
14.759852,0.0008504682986793339,-0.03491298228438283,0.00016826386956120902
14.779852,0.0017834986017156828,-0.034942096503516824,2.6538927836862133e-05
14.799852,-0.00011242214422338653,-0.03457976550119537,6.197016327192403e-05
14.819851,-0.001467387179205633,-0.034857620979051054,-0.00024362424230937315
14.839851,8.412590285990403e-07,-0.03455636223780243,-0.00041590862458172644
14.859851,0.0011908412590091492,-0.03517272587415858,-0.0006820857807371711
14.879851,0.0012885568767133826,-0.03495559300703173,-0.0001683328669711762
14.899851,0.0019262958044661224,-0.03492643216787137,-0.00023520932386587935
14.91985,3.9209557411858326e-05,-0.034573914685336535,-0.0001089855476449021
14.93985,-0.00013647808827689642,-0.03470396130537918,-0.00048322797188375135
14.95985,0.0018876477858420096,-0.034726851748259,-0.00043672447538106284
14.97985,0.00250373170193929,-0.03534885641024777,-0.00037250536116243354
14.99985,0.000249419347632589,-0.03564281911419069,-0.0005341603728147626
15.01985,-8.603726607866579e-07,-0.03590237622373379,-0.0008375403261898483
15.039849,0.0008137550119707576,-0.03602428764564854,-0.0005208736595250244
15.059849,0.001732123310332299,-0.036054497435858375,-5.5395804033046896e-05
15.079849,0.0009513074595161846,-0.03604412447550471,2.9196270534666524e-05
15.099849,0.0011207713289952867,-0.03571358834496993,-3.502284370039314e-05
15.119848,-0.0009442636360136962,-0.035487737529120635,0.0005526927740117009
15.139848,-0.000328086479845671,-0.0347785300699367,-0.00026886899756671257
15.159848,0.0012657829840388593,-0.03473568624708816,-0.0008069808856895427
15.179848,0.0005256897439464226,-0.03530466060605702,-0.0013362349649456567
15.199847,0.0009675778558356034,-0.03596734125873356,-0.0018566312353350556
15.219847,0.0019106314688524658,-0.03581682843823186,-0.00226896223764953
15.239847,0.0021021000003172436,-0.03587333193473634,-0.0019190787877537353
15.259847,0.003689442657644805,-0.0356352200466177,-0.0008472839159454085
15.279847,0.003917134965308155,-0.035762702564101134,-0.0005022722609456792
15.299847,0.0033982072263740387,-0.03551549976690394,0.0002484270397589008
15.319846,0.001796319114481566,-0.03460584941726802,0.000938893240237762
15.339846,0.00399620256434573,-0.033672376223815866,0.0004906881120204831
15.359846,0.0037910510492102536,-0.03388433426576984,-4.078041944290253e-05
15.379846,0.002522146620313015,-0.03430785407927826,-0.00028879906745865445
15.399846,0.0028990463872115083,-0.03495249277390487,-0.0002976568763152999
15.419846,0.0035695125877021746,-0.03512908951050837,-0.00038623496489023407
15.439845,0.0033027060609194777,-0.03520871655013259,3.951515290046828e-06
15.459845,0.0031521932404220193,-0.03545256270396042,0.000980524941852865
15.479845,0.0031927759909913494,-0.03557752773891841,0.0011200354313630504
15.499845,0.0022646407928462267,-0.035830744522168986,0.0011001053614350682
15.519845,0.0018573447555455256,-0.03530724801868136,0.0010358862472190891
15.539844,0.00392459417278298,-0.035531910023357566,0.0008082405595741516
15.559844,0.0027455965037859924,-0.03531783076927449,0.00020590955725018257
15.579844,0.002468976457185402,-0.035114683916121124,6.6088579518105495e-06
15.599844,0.002656109324332883,-0.03508107086249912,0.00038572307707877515
15.619843,0.003084500932750626,-0.0348945906760085,-4.463403122706184e-06
15.639843,0.002790841259070218,-0.03469340186481725,-3.8123076799159115e-05
15.659843,0.0026578109560344582,-0.034941653613032655,0.0006310843824014928
15.679843,0.002212636130842482,-0.03490156037292669,6.861351990539784e-05
15.699843,0.002203848252020079,-0.0350373179487035,0.00014124755251929003
15.719842,0.003224547552713966,-0.03511685174824691,0.00017889324015155273
15.739842,0.0047414473195957554,-0.03499981212121499,0.0004158396270933178
15.759842,0.004678370396530743,-0.03465377482518267,0.000608496969757686
15.779842,0.005213148951333426,-0.03479885641026154,0.0006417137529944868
15.799842,0.004423265501450876,-0.03453862331002508,0.000962809324117844
15.819841,0.004482775990978068,-0.0346126792540504,9.208671340465863e-05
15.839841,0.0060687899769766036,-0.03496344848483133,-0.00027949836815811666
15.859841,0.004410375058567007,-0.03520214312351428,-0.0002546965033356592
15.879841,0.003610025408228251,-0.03526237622374212,-0.0005563048949558463
15.899841,0.004263009091202627,-0.035495802797171905,-0.0005983794870275618
15.91984,0.003920584848761518,-0.03533463729601156,-0.0002724121210659103
15.93984,0.0032890696972348605,-0.03478591934731156,0.0005292195805564307
15.95984,0.003848533566724135,-0.034993168764556076,0.0009012475525800586
15.97984,0.0039253400935328475,-0.035244124475505186,0.0011182638695938414
15.99984,0.004095340093528706,-0.03521675850816008,0.0011359794873092523
16.01984,0.004345037063222782,-0.03517109417248012,0.0009101053614377639
16.039839,0.003587764335936462,-0.03520722470862279,0.000799382750716446
16.059839,0.001031354079541439,-0.035402655944072596,0.0008038116551452989
16.079839,0.0009528459210417517,-0.03525699160840131,0.0009836251749738914
16.099839,0.0008389531471524443,-0.03502764428904102,0.00025064149197730196
16.119838,-1.2655244485240626e-05,-0.03457111748251406,0.00012884662016715714
16.139838,-0.0003677368295618059,-0.03395468391611147,0.00010005874136768939
16.159838,0.0005710976692799847,-0.03424440419581368,-0.00035390396259686884
16.179838,0.0017897456879204963,-0.03440128065268891,-0.0003118293705251532
16.199837,0.0029716337998032787,-0.03434643216784534,-0.00019269184138472206
16.219837,0.0016131256412614137,-0.03470724801864647,5.5326806635799895e-05
16.239837,0.0010912841494277925,-0.03506771421912055,0.0003919235432386761
16.259837,0.00024119090935496482,-0.03581314545456083,0.000817098368423907
16.279837,-0.00025950839135433336,-0.035830814452217544,0.0011032055945656347
16.299837,-0.0009867344985591223,-0.03580170023311535,0.0007550937064189089
16.319836,-0.002140650582488029,-0.036004613986022956,0.0008020400933654896
16.339836,-0.003477783449613168,-0.03583713146854193,0.000658100699395181
16.359836,-0.004942025873834879,-0.035837900699302865,4.837296116880522e-06
16.379836,-0.004377690209493001,-0.03528104755243733,-0.000351689510418218
16.399836,-0.0031516062934046256,-0.03500144382282932,-0.0005266312353602851
16.419836,-0.003329112120946192,-0.03539999860138857,-0.0008384261071486542
16.439835,-0.0009287624705887672,-0.03520349510489624,-0.0010953025640078012
16.459835,-0.00048780675961956324,-0.035291257342656326,-0.0009225752912586951
16.479835,0.0020134752916571167,-0.034876781818200094,-4.565221431246738e-05
16.499835,0.0023468086249989993,-0.03479062797205229,1.1480652819255514e-05
16.519834,0.003375829604005744,-0.03495855337996501,0.0007400354313869921
16.539834,0.0019458296039914147,-0.03501804055946312,0.0012777044290325393
16.559834,0.0021131722613387596,-0.03438377482519283,0.0014327160840423843
16.579834,0.002672100000261456,-0.0336351967366041,0.001029685781016787
16.599834,0.0017467620049276744,-0.033593005594391226,0.0009898256411571128
16.619833,0.001008277156434798,-0.03405004522143978,7.304242438460124e-05
16.639833,-1.815640997410682e-05,-0.034163238694638436,-0.00012182937048491811
16.659833,0.00020144731967567699,-0.0340598354312323,-0.00011297156162721262
16.679833,0.001870678088911447,-0.03394971888110439,2.8753380096074258e-05
16.699833,0.0006743610726033282,-0.03450694498831172,-0.0005735776222278947
16.719832,0.002303801632043877,-0.03454410116547585,-0.00027684102549476277
16.739832,0.0014458762240849845,-0.03473314545451986,-0.0002768410254947628
16.759832,0.003512892541097877,-0.03427225967362426,-0.0004300811187311587
16.779832,0.0031589531471367684,-0.0338105347319107,-0.0005695916082424043
16.799832,0.0022741279722956736,-0.03422393799531116,-0.000536374825027864
16.819831,0.0037321233102881905,-0.03452657202798408,-0.00037471981337606504
16.839831,0.0017811442893360435,-0.03459748111889541,0.00043355524488876
16.859831,0.002448113986321543,-0.03435948578089409,0.0009672382285652471
16.879831,0.002139559207762437,-0.0344430988344985,0.0008232988346277987
16.899831,0.0015282305364576858,-0.03477552307692829,0.0010381006994279504
16.91983,0.002196668764897939,-0.035070394871819344,0.0008897324010627094
16.939831,0.001806808625045825,-0.03540983543124403,0.0009123198136688856
16.95983,0.0015641046623440602,-0.035686548717948754,0.0009866787880229747
16.97983,0.0019552701634791597,-0.03571570955712024,0.00034609603741027177
16.99983,0.0024714706296510174,-0.03605356503498504,0.0001229025642078981
17.01983,0.0034056664338324347,-0.03618361165505419,-0.00017945174816215643
17.039829,0.0026078575760423656,-0.03624797062939802,-0.00046499953373631595
17.059829,0.003248533566712563,-0.03578249277390922,-0.001237820046591589
17.079829,0.0031860860142562527,-0.035657597669029456,-0.0018411999999904808
17.099829,0.004327647785832888,-0.03505013846156691,-0.00207185268064383
17.119828,0.0035010510492528915,-0.03516023170166151,-0.0021051627039322942
17.139828,0.0014594193476453257,-0.03471727132868369,-0.0012116895104300343
17.159828,0.0011816104898165255,-0.034747551048956396,-0.0005526918414208156
17.179828,0.0014134519816461442,-0.034544637296046135,-0.0002472139859298041
17.199828,0.0004246874128678422,-0.03444566293709482,0.0007797090910272666
17.219827,0.0005716571098274127,-0.034754054545492234,0.0008257463870861321
17.239827,-6.97181815270695e-05,-0.03548093100236574,0.000941503962846133
17.259827,0.0008610044291989332,-0.0350358727272932,0.0005128326341679267
17.279827,0.0008494659676445529,-0.035237387878814745,0.0006550004663335157
17.299827,0.001376622144799052,-0.035152842424246364,-0.00010012773878401686
17.319826,0.0013674613056374907,-0.03525866993008758,0.00010581631716001934
17.339826,0.0011126128207895357,-0.035318716550125175,0.0005681473194987785
17.359826,0.001459792307968584,-0.03548832027972418,0.00014413799547557637
17.379826,0.0015276710958625575,-0.03604062797203188,0.00021639906772115977
17.399826,0.0005655498837329561,-0.03599501025644188,0.00054134079264863
17.419825,0.0007041979023839079,-0.0360522596736782,0.00018180699311466008
17.439825,0.0004979275061323756,-0.03634046480188498,-4.8612587306707026e-05
17.459825,0.0010976710958680446,-0.03552503356643805,0.0003279608392625596
17.479825,7.112097929465279e-05,-0.035231420512822166,0.0007259794872965747
17.499825,-0.0008570375288943912,-0.035186478787890024,0.0002139748252887278
17.519824,-0.00010232890419272986,-0.034724683916104594,2.7517948835671777e-05
17.539824,-0.0005733079251635038,-0.03421864662005117,0.00010327552459861135
17.559824,-0.000988622610452008,-0.034262702564107184,-0.0009657221444089748
17.579824,0.00021953589770533596,-0.034872795804214596,-0.0004286592073393378
17.599824,-0.00046134988319185353,-0.03493892634034407,-0.0006333212120146295
17.619823,0.000924081352257585,-0.03540829696969991,-0.0006391487178332524
17.639823,0.0016087666669526656,-0.03581936923076412,-0.0006429016315915311
17.659823,0.0025272048953993305,-0.03587277249417777,-0.0005198480185464933
17.679823,0.0032168785550643316,-0.035842143123561605,-0.0007373305360549802
17.699823,0.0016430324012304688,-0.03617915944060315,-0.0015410601398197473
17.719822,0.0018179741261735959,-0.035871257342696125,-0.0018401277388954865
17.739822,0.0012591629373687454,-0.035272679254105,-0.0019298946386599406
17.759822,0.0011794659676933183,-0.03538088438231201,-0.001862179020924485
17.779822,-0.0003902776220716587,-0.035276572027981054,-0.0010585659672828639
17.799822,-0.0016157554775592135,-0.035409532400932225,-0.0011603142190127302
17.819822,-0.0005241004659006082,-0.03564494032631768,-0.00035460326326578324
17.839821,-0.001658715850520834,-0.03532396130533549,-0.00016837948700654818
17.859821,-0.0005273871791880334,-0.03491044149182619,-0.000685628904264989
17.879821,-0.000885708857509762,-0.03474151375293169,-0.00047348438215681166
17.899821,-0.001786944288734522,-0.03469997529142019,-0.0007812932399740005
17.919821,-8.436130218476964e-06,-0.034636245687683476,-0.000504486713177861
17.93982,0.0003998389280603636,-0.03466025501167935,-9.038414908251754e-05
17.95982,0.0017972515154709742,-0.034132982284413374,0.0007356065269008984
17.97982,0.00023394149215088102,-0.03430738787878409,0.0007333920746936272
17.99982,0.0010619368301434376,-0.0345658960373005,0.0009393361306472036
18.019819,0.003121890210110165,-0.03500055804194101,0.0011497090910344027
18.039819,0.003058230536445324,-0.03493347179487308,0.0013042778556247355
18.059819,0.0025588132870105994,-0.035183728205154335,0.0011266787880081844
18.079819,0.0030034986016952213,-0.03580727132871054,0.0012307580420843683
18.099818,0.003869699067867469,-0.036124567366022764,0.0010381006994279502
18.119818,0.004382076690254755,-0.03662228298371404,0.001385769697092093
18.139818,0.003743568531719886,-0.0368494624708966,0.0014809911423121615
18.159818,0.0026997456878903457,-0.03627897296040528,0.0013680540793766824
18.179818,-0.00012922867107281288,-0.03641193333333896,0.0008033687646987564
18.199818,0.00017895314711692458,-0.035666455477879735,0.0005487067600410504
18.219817,0.0018215638697569262,-0.03533156037298639,0.0004446275059648667
18.239817,0.0005744310026531332,-0.034652049883484345,0.0008100121213476007
18.259817,0.0010520766903081922,-0.03474328531470355,0.0008241846155351935
18.279817,0.0019491629374043136,-0.034925569696961256,0.0004277976691314105
18.299817,0.0022319368301707736,-0.03505246946387877,0.0008020400933527697
18.319816,0.0014633820516298252,-0.03517368158508962,0.0005518069931106661
18.339816,0.0014150137532474329,-0.035626688578099294,-0.00011917202786767501
18.359816,0.000778650116858032,-0.03571300559442045,-0.0008078666665566568
18.379816,-0.00023095361276458722,-0.03552515011655642,-0.0011112466199306825
18.399816,0.0005581839163474249,-0.03521044149187067,-0.001388053146726822
18.419815,0.002062985781153906,-0.0355005114219264,-0.001190966899630951
18.439815,0.0016918435900164727,-0.03493480046619787,-0.0011524820511319657
18.459815,0.0023968785550304962,-0.034945849417227406,-0.0009556055942167346
18.479815,0.0013267853149332852,-0.03492076783213653,-0.000883997202628544
18.499815,0.0016509111890808843,-0.034692189743569496,-0.0004825752912305984
18.519814,0.0023069484851499246,-0.03446738787877181,-0.0006882629369474923
18.539814,0.0029820067602136513,-0.03461400792540593,-0.0008232046619269485
18.559814,0.001681890210104653,-0.03489023170163722,-0.0010466079253698532
18.579814,0.00011848694671010517,-0.03502939254080181,-0.0009552093240127979
18.599813,0.0004031256413446089,-0.035527224708643265,-0.0013866778555272556
18.619813,-4.901888078303766e-05,-0.03571869324009798,-0.0008074237762834273
18.639813,0.0007820300702421723,-0.034863355244751766,-0.0011135776224216922
18.659813,-0.0003563382281532925,-0.03481023170160229,-0.0012170741259033466
18.679813,0.0003601186483189956,-0.034728763170124785,-0.0014367944056057854
18.699813,0.0013726594408606627,-0.034377131468484624,-0.001136677855468903
18.719812,0.00245480396300841,-0.03441967226102136,-0.0004313398600895436
18.739812,0.0016016337998340964,-0.03463139720277621,-0.000613531002262195
18.759812,0.0007482305364458225,-0.03517184009320508,-0.00037705081576637305
18.779812,0.001126995105195929,-0.03544804055943803,5.859020989414413e-05
18.799812,0.0021626361308462877,-0.035824986946388325,3.667878796278183e-05
18.819811,0.0028700254082585,-0.03585309883450238,0.0007644410257325584
18.839811,0.0036831023313167767,-0.03521211981351455,0.00013590955720908196
18.859811,0.0036121466203674285,-0.03471445081584751,0.000406305827598959
18.879811,0.0025876710958867115,-0.03446163030305209,0.0006279375292291942
18.899811,0.0001479508161499366,-0.033900931002363355,0.0003538349651286008
18.91981,-0.002097037528836686,-0.03404650209793316,-5.955244658481713e-06
18.93981,-0.002960347552157588,-0.034157294638723704,-0.0010932279719596473
18.95981,-0.0013591820510134621,-0.03438654871797403,-0.0016900811188482116
18.97981,-0.00020505617689967537,-0.03481309883452737,-0.001367004195778715
18.99981,0.001972239860416083,-0.03509414778555045,-0.0019031114219337448
19.019809,0.0029717969699867073,-0.03526955571096019,-0.0020658386946614577
19.039809,0.003825200233389292,-0.03521477715618797,-0.0015096615384654392
19.059809,0.005137437995621759,-0.034930977622395276,0.0001405482517904845
19.079809,0.0030508645690295825,-0.035064660606077304,0.0004178209790744377
19.099809,-0.0002531447549532337,-0.034990418181838935,0.00026679533809407385
19.119808,-0.0010509303027258807,-0.035481187412601894,0.00021318228449977825
19.139808,-0.00019650139831243481,-0.035459042890446504,-5.348438217203159e-05
19.159808,0.0003876477858300398,-0.0356033785547877,-0.0005172606059793938
19.179808,0.0006297223779003127,-0.035980558041938705,-0.0005812233099761806
19.199808,0.0014407480189363364,-0.0359487398601081,-0.0011290088577864071
19.219808,0.0031904916087005446,-0.03574974219113055,-0.0013227151515007882
19.239807,0.004543498601706372,-0.03558729463867602,-0.001351503030314036
19.259807,0.005042845921037422,-0.03519034825173117,-0.0004934610722558481
19.279807,0.0037259927741826724,-0.03487326200465259,-0.0008761883450026444
19.299807,0.0020603750585874055,-0.03511687505827229,-0.0004300578088303395
19.319806,0.002956762004981751,-0.035378903030318695,-0.00034378741254031096
19.339806,0.0029765522147808267,-0.03543524335667048,-0.0006695916083572246
19.359806,0.001864431002661052,-0.03547186340333058,-0.0005955822843582634
19.379806,0.0012293027975135036,-0.03600165361311458,-0.00041175944052092913
19.399806,0.001244197902420823,-0.03636827365974871,-0.0005614097901480243
19.419805,0.002376762005006076,-0.03622643216789326,3.0431701701787368e-05
19.439805,0.002381727039954335,-0.03577249277393288,0.0002716904429476693
19.459805,0.0023486967369289844,-0.034961770163220315,0.0009705482518049023
19.479805,0.0024945941728062807,-0.03440750442892771,0.0005254433566561788
19.499804,0.001509116317325475,-0.03491748111888197,0.0008549305361610878
19.519804,0.0011071116553186895,-0.035060231701626185,0.0001604317016380435
19.539804,0.0005272515154666205,-0.03502009184150022,-0.000745302564113943
19.559804,-0.0007531913749955987,-0.034935243356653954,-0.00029889230767852386
19.579804,-0.0012642869460945303,-0.03534256270396571,-0.0006222023309646315
19.599804,-0.0004599979017971751,-0.03542139720282007,-0.0009681230768573764
19.619803,0.0011005382287475488,-0.03546260932401559,-0.00015334452205353346
19.639803,0.0028024263406228704,-0.03507309883451383,-0.0006766778553948401
19.659803,0.0034911209793251027,-0.03466591934734052,-0.000720034498767631
19.679803,0.003995666433868724,-0.03478535990676573,-0.000557470396207446
19.699803,0.002265759673952743,-0.03559859999999577,-0.0002248596735837
19.719802,0.0017558995341014944,-0.03560981212120979,-0.0008143701631311851
19.739802,0.0005681139863075449,-0.035446758508177766,-0.0006709202796650511
19.759802,-0.0005203708621846612,-0.03538757435899305,5.6585547848962784e-05
19.779802,-0.0014164081582323598,-0.03542251608395627,-0.0006439738927358164
19.799802,-0.0012626086244363456,-0.035323937995384316,-0.0006945566433005698
19.819801,-3.265524447343578e-05,-0.03543512680658391,-0.0006190321677680216
19.839801,0.0014270650352444384,-0.03533218974364862,-0.0014664680652246667
19.859801,0.001199232867453242,-0.035812259673693184,-0.0009958153845709293
19.879801,0.00206720489545194,-0.03595197995339461,-0.00041341445215109193
19.899801,0.0004918202800569995,-0.03597822703964433,0.00011469743598320513
19.919801,2.641235464272563e-05,-0.03576156037297401,0.0005158862471682494
19.9398,-0.0013179932397961404,-0.035664101165520774,0.000551434032713737
19.9598,-0.0019677601395655647,-0.03592501025643312,0.0005681240094055662
19.9798,-0.0030293918412072312,-0.035717924009325386,-0.00022858927734204813
19.999799,-0.0027425853144045376,-0.03532053473193188,-0.00020399720273362116
20.019799,-0.0015767578085646029,-0.0351666885781148,-0.0008471440558832828
20.039799,0.00048676200496061423,-0.0356238214452341,-0.0014489156176767841
20.059799,0.0013537317019648115,-0.03598072121210252,-0.0007939972027434104
20.079799,0.003246155944391824,-0.03575288904427529,-0.0004436475524027326
20.099798,0.003300398368613372,-0.03558249277390642,-4.938181811268614e-05
20.119798,0.0022307480189309027,-0.03576720139862889,0.0006829025641858381
20.139798,0.0020316104897783282,-0.035789345920792234,0.0007173780886517016
20.159798,0.0011883937065534662,-0.035835033566488546,0.0006037184149896059
20.179798,0.0002369951051379535,-0.03510128065273686,0.0007436951049547446
20.199797,-0.0016781097899765804,-0.03445661864809549,0.0008915972028634423
20.219797,-0.0017505340323949918,-0.03436006853155063,-3.322797200545465e-05
20.239797,-0.0028244034962652534,-0.03443286573433735,-2.679440556534109e-05
20.259797,-0.003075615617440445,-0.03383783076929629,0.00011751794875260624
20.279797,-0.0017200445218616182,-0.03329426433571414,-0.00031966153845202846
20.299797,0.0002080673662694702,-0.03371354172499086,-0.0006155822843718991
20.319796,0.0009663191145381695,-0.03385279580423362,-0.0006396848484872814
20.339796,0.002608533566747391,-0.03403228298370807,-0.0010731580419700694
20.359796,0.0020430324012350033,-0.03457170023308952,-0.0010005240093243768
20.379796,0.002954267832460486,-0.03490130396269372,-0.0005294051281966056
20.399796,0.0018372515154521354,-0.03550200326338692,-0.00019665454542487252
20.419795,0.00183554988376275,-0.03574839020977403,-8.5582284349487e-05
20.439795,-0.0004152193470193133,-0.03577717808858622,0.00020684195810337854
20.459795,-0.0012426319344194605,-0.03547337855480268,0.0001624363636959454
20.479795,-0.00040785337965180274,-0.035663145454550516,-5.935850811400814e-05
20.499794,0.0006498622380799564,-0.03617999860140361,-0.00061798321678426
20.519794,0.001128533566745877,-0.03557878648018881,-0.0009952559440770323
20.539794,0.001128906527091925,-0.03544009184148765,-0.001350617249450102
20.559794,-0.00024389067572304812,-0.03565878648015008,-0.000875885314688189
20.579794,0.0014532188813942634,-0.03585477715614678,-0.0010299645687780572
20.599794,0.0015729624711291546,-0.035886245687611125,-0.0006936009323796023
20.619793,0.0012489298371132504,-0.03573274918410942,-0.000257703496448482
20.639793,0.0009854100235909488,-0.035753378554742365,-8.286247014339411e-06
20.659793,0.001371633799807931,-0.035884847086215525,-0.00012157296031395647
20.679793,0.0009157130538817943,-0.03632654871790173,-0.00018427692303556992
20.699793,0.000800072028255539,-0.03624405454542186,-0.00028311142188660015
20.719792,-6.104685285007315e-05,-0.036247201398574014,0.00010010536137073102
20.739792,0.0002564123546233108,-0.036494590675959865,-0.0001152792540329602
20.759792,-0.0006133312351302857,-0.03609890303027376,0.0003267720280523696
20.779792,0.0010474846157006814,-0.035776595337980555,-4.900885773006711e-05
20.799792,0.0013959927741748358,-0.03552207319345494,-0.00040565221438089156
20.819791,0.001789372727572328,-0.03509771421910629,-0.00031194592064670893
20.839791,0.0023259228440996984,-0.034765429836839334,-0.000567423776134106
20.859791,0.0027434053615707017,-0.03458815710958486,-0.0009799179486643396
20.879791,0.0016920766902426246,-0.034884427505856686,-0.0011398480186194022
20.899791,0.00044063146881351403,-0.03518577948722641,-0.0013878666666664245
20.919791,0.00028382494201650886,-0.035252329603764856,-0.0009290321678164012
20.93979,0.001642822610997888,-0.035260837762260015,-0.001254556643368081
20.95979,0.0014473214454825663,-0.034946641958046566,-0.0008404540792287467
20.97979,0.0017162258743870186,-0.03532505687643783,-0.0012107104894911159
20.999789,0.0026747573429094394,-0.03583041818175762,-0.0011580065267702251
21.019789,0.0027181839163562234,-0.035419695571038995,-0.0007899645686933973
21.039789,0.0032480207462042172,-0.035298856410210765,-0.0006925286712517472
21.059789,0.0038521699303730485,-0.03550188671323992,-0.0009848363635862369
21.079789,0.0031665289047464002,-0.0359879939393553,-0.0006708270395810567
21.099788,0.0003650370632673934,-0.03577575617714511,-0.00036966153844133245
21.119788,-0.0001031680649460306,-0.03534608251747558,-0.0002124354312109661
21.139788,-0.0004341004659131828,-0.03550186340326225,-0.0007173305361277358
21.159788,-0.001007177389000751,-0.03558065128204096,-0.0006283095571036091
21.179788,-0.0006643568761712615,-0.035636152447536616,-0.001487517016342906
21.199788,-0.0009118860136907884,-0.03600494032630077,-0.001252785081577142
21.219787,-0.0022411634029813436,-0.035938739860108974,-0.0014077967366012969
21.239787,-0.0016695083913168666,-0.036160278321662104,-0.0014746731934753299
21.259787,-0.0008417228435394003,-0.03649426433563488,-0.001286444755223914
21.279787,-0.0010362916080833343,-0.03656929930067173,-0.0006154657342211926
21.299787,-0.001361582983373352,-0.03610741118879171,2.0082051357067188e-05
21.319786,8.240303060864067e-05,-0.03582720139858128,-6.672447544759798e-05
21.339786,0.000887904196078486,-0.03518804055943725,0.00021229650358973326
21.359786,0.00115067808884827,-0.03453762097901786,0.00023842703971683712
21.379786,0.0007771349653064258,-0.03428412447551476,-0.00020446340319758458
21.399786,-2.5452447294123913e-05,-0.03485109417247077,-0.000501642890395809
21.419785,0.0002935918417417896,-0.03500307552445001,-0.0008515263402995536
21.439785,-0.00042382074564828605,-0.03529957902096388,-0.0008001510489294201
21.459785,-0.0010848696966739273,-0.03564039487177204,-0.0011921090908942806
21.479785,8.464079287043335e-05,-0.03607664195801589,-0.0017435076923094986
21.499785,0.0013350137532676205,-0.03637957902093436,-0.0012585426573037508
21.519784,0.0030087433570019965,-0.03602424102560521,-0.001220896969672018
21.539784,0.0026293027975643557,-0.03584589603727642,-0.00039047738920621844
21.559784,0.0015265755248391835,-0.03532957902096605,-0.0005255589742902012
21.579784,0.0009976477858799648,-0.03520901958041048,-0.00018674778548482377
21.599783,0.0005084869466821165,-0.03497988205127375,-0.0001052559439750656
21.619783,0.00043216993036167864,-0.034720558041955216,0.00016977902106617507
21.639783,-0.0003956622374946205,-0.03465342517482436,0.0004111543124468629
21.659783,-0.0001195550114113864,-0.034615756177165134,0.00012327552455023642
21.679783,0.0023914006995511008,-0.034925965967376134,-0.0004502675990076553
21.699783,0.0027248505829965187,-0.034570627972027375,0.0001153034965766055
21.719782,0.0029658529140099577,-0.03400468391609707,-0.0005840205127589011
21.739782,0.003085456643637143,-0.034593028904440125,-0.0011509202796663586
21.759782,0.0009058296040015672,-0.034283495104927786,-0.002267004195770103
21.779782,-0.0005175969694198919,-0.03442197995340909,-0.002293577622332619
21.799782,-0.001587130768969145,-0.034325406526833566,-0.0014184261071391701
21.819781,-0.0012113731932078394,-0.035045126806545646,-0.0007430181817494666
21.839781,-0.0017087857806281225,-0.035317784149207845,0.0004505715618780154
21.859781,-0.00024123333305704428,-0.03593197995342284,0.0012411310024316696
21.879781,0.001457601165794634,-0.0360716303030842,0.0013447673660459407
21.899781,0.0022811209793134257,-0.03577051142196236,0.0015750703963240214
21.91978,0.0024535452217618564,-0.036010161771584295,0.0007105482517808073
21.93978,0.003692542890771661,-0.0365717002331037,-0.0001933911421818989
21.95978,0.0032852002334387673,-0.03633149044290995,-0.0005587757575582727
21.97978,0.0038922398604827936,-0.036248856410263534,-0.00022616503490961615
21.999779,0.004631517249735999,-0.03573566293707889,4.137995414575343e-06
22.019779,0.0037948505830367654,-0.03592771421911965,0.00022071142201043642
22.039779,0.0031762025643712554,-0.03552044149187241,0.0002760727273909707
22.059779,0.0034485568767359614,-0.035327294638739376,0.00032966247099487574
22.079779,0.0033436384618057754,-0.034927644289098975,8.607272739472624e-05
22.099778,0.001167111655284866,-0.034734847086298815,-0.00023900885773108155
22.119778,-0.0005839139857380164,-0.03457191002333587,-0.0009719925407536412
22.139778,-0.0019458720276945545,-0.0346780405594555,-0.001107074125837094
22.159778,-0.002031839393658467,-0.03478790069930859,-0.0012775869463693887
22.179778,-0.0029266412584791532,-0.03497589603727713,-0.0013550927738655663
22.199778,-0.0032794384612765746,-0.034940278321645465,-0.0011735076922698847
22.219777,-0.0018263382281895938,-0.03545286573420544,-0.0009604773892082016
22.239777,-0.0003349163167753956,-0.03559354172488189,-0.0010180531467869967
22.259777,0.0005558529139968679,-0.03584272587406762,-0.0007434610721769283
22.279777,0.001394570862724184,-0.03589915944052036,-0.0008705706293132506
22.299777,0.001026365734524878,-0.0360192060605766,-0.0006181230768776564
22.319777,0.002407834266006247,-0.03601591934730136,-0.0007133445221263451
22.339776,0.0026198622380267894,-0.03577524335662245,-0.0009126452214432673
22.359776,0.0038798622380176997,-0.03546165361302148,-0.0015105473193691244
22.379776,0.00280601608417016,-0.03499990536127937,-0.0014706871794903694
22.399776,0.0014595592077419025,-0.03476645547784648,-0.000708915617677882
22.419775,0.0007196291378180542,-0.03496069790209564,-0.0004303375290468127
22.439775,-0.0018869442887502307,-0.03507913613052793,-1.4020512704446936e-05
22.459775,-0.0036703708621902936,-0.03523519673660529,-0.00031297156166499034
22.479775,-0.002047387179193499,-0.035189182750608894,-0.0003816195803092924
22.499775,-0.00011477645656221477,-0.03581454405596862,-0.0003391020977973944
22.519774,0.0018925428907713964,-0.035701070862508434,-0.0003966778553984501
22.539774,0.0037492561774700233,-0.03568002191142782,-0.0008665846153298805
22.559774,0.004926086014292992,-0.035497038228437076,-0.0008200811188245419
22.579774,0.005405573193774293,-0.03545736456877507,-0.00041660792532113226
22.599773,0.0051007480189571046,-0.035252819114231934,-6.672447541102738e-05
22.619773,0.003425526573717163,-0.03514165361307679,-4.71981339913931e-06
22.639773,0.0024817270399255234,-0.03536079114218099,0.00012814731945160168
22.659773,0.00119363846180724,-0.035296408857811795,0.00011884662013198367
22.679773,0.0023378808860582898,-0.03510678181818916,0.000652529603841331
22.699773,-0.00018587202768340083,-0.035192819114222826,0.00045721491848763876
22.719772,0.00012927948746214698,-0.034946338927757545,0.0006653734266516665
22.739772,0.001014431002596428,-0.035243401864812486,0.0007344643357398608
22.759772,0.001021703729878884,-0.03494832027974715,0.0004975179487768952
22.779772,0.0019146874128525885,-0.03553675850819222,0.0005573081585921124
22.799772,0.002475643123794427,-0.03546906620050334,-4.768018642383083e-05
22.819771,0.001178090676243588,-0.035820208391647276,-0.0007474470862217801
22.839771,0.000834920513077521,-0.036211187412610674,-0.0007961650349380998
22.859771,-0.00017221235407358462,-0.03591351841493584,-0.00014954498828426296
22.879771,0.00035729813543511227,-0.035490837762248546,-0.00021863589735284704
22.89977,0.000289675757806972,-0.035429648951040386,-0.00038914871786818153
22.91977,0.0031463191144821628,-0.035415289976671024,1.6538927865289888e-05
22.93977,0.003664407692577116,-0.035495942657310875,2.539673672458532e-05
22.95977,0.004026272494466413,-0.03576643216779376,-0.00038693426564607005
22.97977,0.004182006760183794,-0.03595361165497237,-0.0002314797201817326
22.999769,0.0051889298370970185,-0.03615314545451756,-0.0003218293705666864
23.019769,0.0041810976692875975,-0.03632727132864637,-0.0007846498834165106
23.039769,0.0038607480189273586,-0.0362539613053529,-0.0005981930069533842
23.059769,0.0037048972030804717,-0.036054544055929255,-0.0008665846153441904
23.079769,0.003518090676256388,-0.035607690909083334,-0.0013382629370220396
23.099768,0.0034844076925736435,-0.0355766419580285,-0.0013356055943533856
23.119768,0.003598743356947654,-0.03534866993004798,-0.001185022843752253
23.139768,0.001359256177448838,-0.03519901958039916,-0.0013887524475144587
23.159768,0.0016261326343352085,-0.03519062797201283,-0.0014286125874022233
23.179768,0.0015646407928152362,-0.03517685174825178,-0.0007864214451777694
23.199768,0.0022758296040110296,-0.03547006853146498,-0.0004236941724504392
23.219768,0.0019051536133465696,-0.0352330055944059,-0.0008762815850659687
23.239767,0.0021768785550511636,-0.03482323869465011,-0.00019982470858279167
23.259767,0.0016053400935172526,-0.03485153706294116,-0.0002991020978602239
23.279767,0.0023684869466390175,-0.03450181678323462,-0.00016078041953955836
23.299767,0.0025638715620280132,-0.035248739860163504,-1.2062470812829689e-05
23.319766,0.0041612608394399,-0.035083495104915124,-8.059393935412596e-05
23.339766,0.0030652701634470373,-0.03530587272728357,-0.00035043076922148565
23.359766,0.004453918182140648,-0.03564412447551554,-0.00045441678321049485
23.379766,0.004171633799861933,-0.03639167692306055,-0.0008540438228371806
23.399765,0.002497111655352388,-0.03686804055939122,-0.0009549529137586252
23.419765,0.0017271116553444275,-0.03666291235426203,-0.0007146265734263598
23.439765,-0.0006726086244207262,-0.03640335524470303,-0.0003267011654701719
23.459765,-0.002462212354035599,-0.03636356503492529,-0.0007102442890254592
23.479765,-0.0030428883447555194,-0.03572027832165415,-0.0006486825174754836
23.499765,-0.005125499067362666,-0.03605300559438885,-0.0001747897435522029
23.519764,-0.0038968044286759908,-0.03556622237761085,-5.078041952365663e-05
23.539764,-0.0028616995335710082,-0.035721187412585856,0.0003407347320079114
23.559764,-0.002371629603454173,-0.03555041818180733,0.0007233920746944944
23.579764,-0.0013395083913343526,-0.03536160699300697,0.0006653734266781669
23.599763,-0.0008395083913119887,-0.03567720139858316,0.001383741725044861
23.619763,0.0009077643359653357,-0.0353354997668745,0.0009700820513785695
23.639763,-0.0003862449880608662,-0.035379579020944754,0.00016667878797164916
23.659763,-0.0009653592071842674,-0.035296921678309535,-0.0006123655011049365
23.679763,-0.0016237974356444684,-0.03469601258739488,-0.0012098247085821309
23.699763,-0.0025768510486795437,-0.03477279580418352,-0.0018272139859899573
23.719762,-0.001009205361054343,-0.034916152447549226,-0.0024720624708650446
23.739762,-0.00022682773866609013,-0.03522174685316286,-0.0021111067598968535
23.759762,-3.8855710675207505e-05,-0.03502985874127267,-0.001621269930041151
23.779762,0.0028255965037663356,-0.03516825034965832,-0.001413111421908394
23.799762,0.002720748018927633,-0.0358943575757444,-0.0006176801864804046
23.819761,0.0028906780888765284,-0.03657062797199652,-0.0010543701631670842
23.839761,0.0016377410259259526,-0.037183215384587576,-0.0007886358974083609
23.859761,0.0003872048953808474,-0.03735197995338345,-0.0005384027971784476
23.879761,-0.00015960163141254952,-0.037282586013992994,-0.001105745454518667
23.899761,-0.001726944288745555,-0.037433984615385656,-0.0014773305361185432
23.91976,-0.001399974591784103,-0.03741629230768395,-0.0021992419580665864
23.93976,-0.0015434944052828896,-0.03702223636364239,-0.0019109202797377273
23.95976,-0.00022817971997967756,-0.036572119813526996,-0.001629684848500545
23.97976,0.0023677876459663938,-0.03635846013986668,-0.001049055477849387
23.999759,0.0020573680655381838,-0.03625076783217385,-0.0003802909090534067
24.019759,0.004046016084194605,-0.03661191002329836,0.0001489631702424582
24.039759,0.005188603496768852,-0.0361300918414946,0.00013567645696438028
24.059759,0.005202752680923653,-0.03592412447552678,0.00020653892783503372
24.079759,0.005357904196095265,-0.036297131468512114,3.3368764695036035e-05
24.099758,0.00405426783246315,-0.035780814452165174,-4.147972016163787e-05
24.11976,0.0032305149187219166,-0.03557873986008401,-0.0009631347318583053
24.139758,0.004499699067917778,-0.035464031235377204,-0.0010716428903808318
24.159758,0.00644098111920221,-0.03554023170158827,-0.0009011300698469471
24.179758,0.008808370396579127,-0.03549643216778696,-0.0008103375290557315
24.199757,0.009011097669323512,-0.035621933333308355,-0.0008395682983049217
24.219757,0.009525013753233185,-0.03576188671326084,-0.00043560559432436754
24.239757,0.008121820280029782,-0.03548489370629088,-0.00023082703954077
24.259757,0.004961890210080991,-0.03600048811187464,6.716829847071545e-05
24.279757,0.0030537083918757645,-0.03599808717945857,0.00020061818194036662
24.299757,0.0014172981354486662,-0.0351036582750417,-0.0002640671327642511
24.319756,-0.0005605340323826416,-0.035486735198138324,-0.001367190675940874
24.339756,4.6831934974710934e-05,-0.03559708484849292,-0.0017769808857485312
24.359756,0.000727437995570626,-0.035899415850834955,-0.00182826293702566
24.379756,0.00044655221468910137,-0.035808273659697624,-0.0019240671328460879
24.399755,-0.0012036575755026918,-0.03566114079258642,-0.0010519459206949015
24.419755,2.93027974680993e-05,-0.0353543808858166,-0.0009944867132095716
24.439755,3.032843850599143e-05,-0.034908273659690334,-0.00024588531456420644
24.459755,0.00025825384645220315,-0.03534053473191795,-0.00010821631688132338
24.479755,0.0022044076926220984,-0.03513857668993556,-0.00043802983671810896
24.499754,0.004114058042287909,-0.035093448484819524,-0.0008690554777526339
24.519754,0.004226389044639527,-0.035390464801856585,-0.000995162703899226
24.539754,0.0040434053616540755,-0.03530165361305232,-0.0011117128204873976
24.559754,0.002914594172800601,-0.03522659533800599,-0.00042630489509220106
24.579754,0.0018960860142928537,-0.03500584941727891,-0.00042828624707014044
24.599753,0.000529396037583998,-0.034915779487212195,-0.00021106013983649688
24.619753,0.00143743799561029,-0.035009532400959484,-0.0011909902097893546
24.639753,0.00011081794897407855,-0.03495361165501987,-0.001100570629343127
24.659753,-0.000197154078994208,-0.03504883310023411,-0.0014616428904296941
24.679753,6.734475551365283e-05,-0.03519953240093135,-0.001204673193457402
24.699753,-0.00040659463843652004,-0.035458716550136354,-0.0014018993006471993
24.719752,0.00018389487206737378,-0.035739509090923285,-0.0013982862470294875
24.739752,-0.0005501610719765091,-0.03598379813521567,-0.001496328205082558
24.759752,6.225874431949974e-06,-0.03579032494174016,-0.0012780298367936704
24.779752,0.0010917270399543664,-0.03566566293707171,-0.00176343776220356
24.799752,0.00031615594439361587,-0.03602687505827447,-0.0015729948717485831
24.819751,9.18202800604148e-05,-0.03626790069930903,-0.0013094750582390018
24.839751,-0.0008261051278832046,-0.03628288904430936,-0.001247470396234534
24.859751,9.237972061049252e-05,-0.03582426433568397,-0.000999894638651544
24.879751,0.0007856897439175166,-0.03590731794874042,-0.00035548904422087876
24.89975,0.0006359461541407058,-0.03585988205130504,-0.0006947431234712087
24.91975,0.0019015871797658202,-0.03606258601398536,-0.0011300578088130997
24.93975,0.0015623564105239015,-0.03594239953381983,-0.0011050927738761147
24.95975,0.002742333100502208,-0.03594319207461355,-0.0010905006993028614
24.97975,0.001977507925644877,-0.035485732867143294,-0.00047768018645438434
24.999749,0.0014959694641127025,-0.03557964895104434,0.0001727627040179446
25.019749,-0.00023291165477545665,-0.03543939254081608,0.0004502685315227495
25.039749,-0.0017292986011612347,-0.035280301631729336,0.00011124755249221103
25.059749,-0.0006739372957561136,-0.03503860000001624,-3.0710489470477586e-05
25.079749,0.0004940813522720819,-0.03518463729604576,-0.00031043076920375396
25.099749,0.002301354079545793,-0.03508946247086637,-0.0006127617715436674
25.119748,0.0029406081588284096,-0.03520519673659464,-0.0008225519813262667
25.139748,0.0019766687648963463,-0.03549188671329644,-0.00019982470859074183
25.159748,0.003685013753240333,-0.035734287645712376,-0.0004688223775601082
25.179748,0.0027411442893450185,-0.03516025501166091,-0.0005361883449022753
25.199748,0.0026165755247605643,-0.03544636223776818,-0.0007992652679870447
25.219747,0.0007483937065577,-0.0354674344988466,-0.0014936708624202644
25.239747,0.00010347529164730939,-0.03527298228437706,-0.001488193006958889
25.259747,-0.00047976480155815853,-0.035782306293695644,-0.0014315729603795024
25.279747,-0.0010601144519117522,-0.036142213053600575,-0.00149078041959542
25.299747,-0.0008951960369708692,-0.03577158368298527,-0.0014970741259050365
25.319746,-0.0011791587408971679,-0.03605673519812759,-0.0010642069930135289
25.339746,-0.0010209536126997922,-0.03612969557109138,-0.0005406638694629618
25.359746,0.00028685524509640273,-0.035537597669026616,-0.0003811999999554324
25.379746,-0.0011633778551608947,-0.034808017249444836,-0.0005782862470354029
25.399746,-0.0004654524472474886,-0.03473302890446614,-0.0005455356642588557
25.419745,0.0008598389280697658,-0.03422494032637562,-0.0005508969696166951
25.439745,0.0009378342660759479,-0.03468368158509872,-0.0003043701630694078
25.459745,-7.661794837920542e-05,-0.03529389137530013,-0.0004176568763695548
25.479745,-0.001316501398287925,-0.03586088438228523,-0.0011738107225647298
25.499745,-0.0009090655008408264,-0.03562393799533763,-0.0016440904428877893
25.519744,0.0009091396273519942,-0.036064264335643546,-0.001645139393939392
25.539744,0.0016131023313075937,-0.03583323869463355,-0.0012939738927637229
25.559744,0.0007899787881803618,-0.03518358834500317,-0.0006451393938925449
25.579744,0.00023126083945526588,-0.034883984615376756,-0.0006481930069220181
25.599744,0.0015064589746584113,-0.034816035897433165,0.0002541379954575576
25.619743,0.0011419601401804218,-0.03474948578088624,0.0011101752915341652
25.639743,0.0015797689979677872,-0.03488605920747049,0.001021737063099268
25.659743,0.001928673426832442,-0.035028833100244315,0.0007975878789420062
25.679743,0.002524058042195231,-0.035215896037309326,0.0008984037297418257
25.699743,0.0030293727275193917,-0.03510927599068657,0.0007595925408994948
25.719742,0.003803661771820938,-0.03517932261074502,0.0006247440560310634
25.739742,0.0024493960375833973,-0.03474890303034365,0.00033357855486079165
25.759742,0.0018375545457448603,-0.034497411188849164,0.0007418303031232715
25.779742,0.0021414240096193507,-0.034656525407955455,0.0003561659674521277
25.799742,0.0012988132870265792,-0.034863425174847494,0.000587541258843753
25.819741,-0.00041225897404786383,-0.035394287645709,0.0005722498835639542
25.839741,-0.0006901610719654286,-0.03543170023312306,1.970909099935868e-05
25.859741,-0.0010814664333084068,-0.03620253939392884,-0.0005749296036670942
25.879741,0.00042053822869044335,-0.03610230629369387,-0.0004194284381620843
25.89974,-3.8459440313328135e-05,-0.036512562703936866,-0.0007964680652355947
25.91974,0.000446389044532703,-0.03598901958041757,-0.0011427384615380581
25.93974,0.0005486034967514431,-0.03544538321679587,-0.0010552093239956464
25.95974,0.0025833121214555313,-0.035010884382324484,-0.0004874703962469066
25.97974,0.0025260393942017918,-0.03474829696975449,-0.0009219459207491052
25.99974,4.783426600896211e-05,-0.03496624568767659,-0.0007071440559277534
26.019739,-0.0013450561768787316,-0.03544079114222758,-0.0002620391607986402
26.039739,-0.003740254312091287,-0.035498879720299886,-0.0003727617715093578
26.059739,-0.0032056389274789233,-0.036283238694645406,-0.0007957221444920874
26.079739,-0.001922375524209143,-0.036219718881127495,-0.0005853491840794477
26.099739,-0.0012889256407833793,-0.03649573286712461,-0.0006628550115830452
26.119738,0.00047601608417080325,-0.03627811048952273,-0.0010282396270028798
26.139738,0.0011692794874376855,-0.03599911282052614,-0.000760290909027345
26.159738,0.00263319557135561,-0.03564505687650495,-0.0009396615384258254
26.179738,0.001870514918694628,-0.03548757435901935,-0.0010481696969605425
26.199738,-0.00023542913723729206,-0.03523946247088251,-0.0005676335663937175
26.219737,-0.002162142423936739,-0.034554054545498966,-1.6234964963129104e-05
26.239737,-0.003814333566143572,-0.034793192074629525,-0.00015574545447437469
26.259737,-0.002650137761938109,-0.035115313286747316,-0.0005082862470494232
26.279737,-0.0012556156174387341,-0.03530517342659292,-0.00026026759900399073
26.299736,0.000632239860386529,-0.03556682843821803,-0.0005082862470494232
26.319736,0.0017327060608356673,-0.03588605920743253,-0.000734160372947942
26.339736,0.001526389044496822,-0.03570335524472503,-0.000403764102519807
26.359736,0.0028893494174589904,-0.03598584941723845,-0.0004741836829460383
26.379735,0.0017654799536232753,-0.03620326200464009,-0.00023502284376997147
26.399735,0.0021314240095979577,-0.035915662937064344,-0.00043875244749136605
26.419735,0.00038760116580526763,-0.0359578074592339,-0.0006823421910846254
26.439735,-0.0010096482514394046,-0.03626382144524697,-0.000531759440489323
26.459735,-0.0009173638691336132,-0.03599811048954383,-0.0009082163169550537
26.479735,-0.0005349862467779851,-0.036231303962731026,-0.0010056522143823932
26.499735,-0.0006406272724278983,-0.036001583682993415,-0.0015016895104668978
26.519734,-0.00038827296008583836,-0.03563202657341427,-0.0013156755244391836
26.539734,-0.000777037528848328,-0.034837854079263576,-0.0009657920745370291
26.559734,0.0009030790212637589,-0.035108460139868014,-0.0008510834498381709
26.579734,0.0008505382287342469,-0.035368390209787375,-0.0006252093239905329
26.599733,0.0035707946389698583,-0.035566362237788515,-0.0015442069930339168
26.619733,0.0039889065270681135,-0.035754800466225346,-0.0015419925408202853
26.639733,0.0026159927741469546,-0.03559762097905155,-0.0006628550116381662
26.659733,0.0018074146855899345,-0.03574097762240666,-0.00045868251745061884
26.679733,0.0003341279722895282,-0.036049742191159126,-0.0003196149183965159
26.699733,-0.0005566412584631251,-0.03583685174828094,-0.0001375869463627721
26.719732,-0.0015393918412102948,-0.03547582610724353,5.5513286771988624e-05
26.739732,-0.0017172706290804185,-0.03547836689979221,-0.00038516270389382114
26.759732,-0.0007218393936528121,-0.03611601258741379,-0.0008568410255790902
26.779732,-0.00035356433538852295,-0.03655631561771606,-0.0015189622377415964
26.799731,0.0005271582752925249,-0.03642647878790334,-0.002615558974363371
26.819731,0.0003616804198010333,-0.03619013846155762,-0.0021372372960181277
26.839731,-0.00025950839138560446,-0.036258180419595276,-0.001120360839119412
26.859731,0.0008109344990630244,-0.035996851748256994,-0.0010118526806292157
26.879731,0.0006603517484995224,-0.035755243356641146,-0.0005716195803876879
26.89973,0.0008723564105037032,-0.035325150116567935,-0.000270011188769091
26.91973,0.0022765988347581774,-0.03531778414918082,7.544335670633097e-05
26.93973,0.002933009091199237,-0.0356548237762101,-0.0003497314684555794
26.95973,0.0034801186483272286,-0.0358837515151312,-0.0009188456875941584
26.97973,0.0031782771564819504,-0.03581629230769178,-0.001232855011612589
26.99973,0.0030494193476261703,-0.03621270256409126,-0.0015030181817800245
27.019729,0.002190864569074476,-0.03655962564100819,-0.0010583561770990439
27.039729,0.002396738694936039,-0.03664736456875138,-0.0007682629370078661
27.059729,0.004357880886082938,-0.03603934592073822,-0.0006823421910671352
27.079729,0.004676925175142172,-0.03571570955710168,-0.00039003449874748595
27.099729,0.005464850583041413,-0.03515197995339296,0.00010866013995108171
27.119728,0.006341633799836474,-0.03518391468533345,0.0005945109558218238
27.139728,0.005598929837134607,-0.034968576690013894,-0.00023192261062933488
27.159728,0.005262589510767883,-0.035261840093284195,-0.00034485967357700427
27.179728,0.003983824941984518,-0.035760068531496006,-0.001274929603649854
27.199727,0.0025057363639102706,-0.0368123529137477,-0.0018732745920206633
27.219727,0.00018037505854425634,-0.037037760839157885,-0.001972924941665874
27.239727,-0.0014675270393562706,-0.03729580279718806,-0.00170896223768749
27.259727,-0.00023167622349385395,-0.03700864662000904,-0.0008143235430004112
27.279727,-0.0003639139857279439,-0.0370921664335125,-0.000712458741150049
27.299726,0.0019514473196315173,-0.03613270256406428,8.031515165857726e-05
27.319726,0.002782636130834395,-0.0357448004661642,4.0012121332750077e-05
27.339726,0.0045532188813915105,-0.035348739860115615,-0.00022882237752367893
27.359726,0.005707368065509998,-0.03525174685311521,0.00025437109568688933
27.379726,0.00593114428927934,-0.03507503356640817,-0.000521130069830078
27.399725,0.00602419790235348,-0.034802329603721725,-0.0006207804195145097
27.419725,0.00427261282076674,-0.03494908951051126,-0.0004945566432877022
27.439725,0.00417499044315074,-0.035529858741278605,-0.00034175944049095856
27.459725,0.0038235219116770462,-0.03605748111889283,-0.00011809976683045158
27.479725,0.002506155944315011,-0.036231746853157956,-0.0007447897435695564
27.499724,0.003151214219386639,-0.03613531328671664,-0.0006229948717631215
27.519724,0.002115130303306168,-0.036508600000001126,-0.0009928083916192288
27.539724,0.0017054566436364973,-0.036475616317018573,-0.0010924587412649697
27.559724,0.0017460160842005972,-0.03603636223776896,-0.0005632046619823551
27.579724,-0.00036424032606353007,-0.03574962564104185,-9.196923071076778e-05
27.599724,0.0007032421914099393,-0.03566358834500766,-2.9964568712659973e-05
27.619723,0.0004843610725180425,-0.03574258601401258,0.00036863682992383483
27.639723,0.0016387666669315138,-0.03570349510491065,0.0005413641026671109
27.659723,0.0011686734268474641,-0.03549825034964878,0.000762809324138897
27.679723,0.0016438249420066984,-0.03480915944055022,0.0004705016318075875
27.699723,0.002050468298683397,-0.03532440419577196,0.0005856531469847885
27.719722,0.0013011442893691868,-0.03560841351978345,0.00018705174835889388
27.739722,0.0005894426576751183,-0.03578475384612377,-0.00014688764559652896
27.759722,-0.0007310002327905221,-0.035789648951025065,-4.719813450550117e-06
27.779722,-0.002635382517195737,-0.036024497435870516,-0.0003900344987745163
27.799721,-0.0023203941722357378,-0.036126152447533345,-0.0010587990675863968
27.819721,-0.0014989023307525181,-0.03627209650349,-0.0017674237762510616
27.839721,-0.000648319580181346,-0.03628004522144197,-0.0017541370629766935
27.859721,-9.955501141577032e-05,-0.0360697188811193,-0.00124658461538915
27.879721,0.0020064356646034625,-0.03576330862473799,-0.0012337407925533744
27.89972,0.002064873893063222,-0.035947784149227946,-0.0007022722610486482
27.91972,0.0005033354315414878,-0.036107690909133794,-7.956829830457407e-05
27.93972,0.00021561981382775948,-0.03650349510492661,0.0003389631702514228
27.95972,-0.00047174615353537527,-0.036075336596763645,0.0005533221446193422
27.97972,-0.0005301610719347827,-0.035693518414955445,0.00017199347328722658
27.999719,-0.001000114451888335,-0.0355830289044608,-0.00041040745915752103
28.019719,0.00011065477889188205,-0.03542204988348859,-0.000675698834477122
28.039719,-0.000449275291048635,-0.03541584941728576,-0.0009502909090909004
28.059719,-0.0010611167829025427,-0.034983425174876834,-0.000906001864777463
28.079719,-2.850606030292669e-05,-0.034617690909149575,-0.001010081118869017
28.099718,0.00011848694666611453,-0.03491417109563277,-0.0013373771561697655
28.119718,-0.00017312144495440946,-0.035360441491859254,-0.0009339039626552257
28.139718,0.001602169930325943,-0.03583034825175252,-0.0009804074591414837
28.159718,0.002787997436146124,-0.035849555710947,-0.0013763515150812342
28.179718,0.0033123797205416835,-0.03570594265733189,-0.0019056055943622587
28.199718,0.00399060815879831,-0.03594391468529458,-0.0020096848484490427
28.219717,0.002917298135505687,-0.03558072121211283,-0.001848029836799364
28.239717,0.0003207013989116937,-0.03522454405594187,-0.0018639738927365558
28.259717,-0.001262631934413486,-0.0346530055944122,-0.0011526918414350375
28.279717,-0.002029555011339042,-0.03447771421912348,-0.0011371906759581683
28.299716,-0.003236781118570049,-0.035004753846151655,-0.0012992885780681702
28.319716,-0.0039220025637930166,-0.03511048811188609,-0.0003913631701014229
28.339716,-0.002443401165201413,-0.03546897296038383,-0.0007904074591457695
28.359716,-0.0008551494169755357,-0.035712026573437014,-0.0005955356642598201
28.379716,6.410466229340043e-05,-0.03616461398600431,-0.0008284960372213945
28.399715,0.0009352002333791343,-0.03616580279719489,-0.0009418759906023561
28.419715,0.0011239414920917248,-0.03615477715618066,-0.0010592419579910682
28.439715,0.0010209111890713838,-0.036101537062934,-0.0005432745919897118
28.459715,0.0007939414921388907,-0.036227317948703666,-0.0004746265733676702
28.479715,0.0013391163173190157,-0.03616624568764249,-0.0006190088577527207
28.499714,0.002996435664628386,-0.036397224708618184,-0.0005658620046154983
28.519714,0.004580934499154816,-0.03619764428906093,-0.00024698088572061274
28.539714,0.005046785314996021,-0.03588225967367652,-0.0001336009323290511
28.559714,0.004619675757861863,-0.0355836582750817,0.00030087459217314767
28.579714,0.00403496713315288,-0.03556417109558012,-0.00035061724933541387
28.599714,0.0026362958044474855,-0.0352276909091041,-0.0008001510488933797
28.619713,0.0009266687648209742,-0.03505400792543614,-0.00098350769224237
28.639713,-0.00048682773867428505,-0.035162469463895736,-0.00043432354301799284
28.659713,-0.0011123755242216115,-0.035065523076945014,-0.00012607179477705207
28.679713,-0.0005332613051104001,-0.03517901958043693,-0.00022572214443286316
28.699712,0.0020956198137633167,-0.03551083776224417,-0.0006088223775585684
28.719712,0.0029116804198502143,-0.03559629230768913,-6.36242423408819e-05
28.739712,0.0030657363639072905,-0.03570853006991913,0.00043684195814544497
28.759712,0.003787437995611622,-0.0360061524475358,0.00013080466209481508
28.779712,0.0037232655014538063,-0.035684613985994526,-0.0006114797202420624
28.799711,0.002679838928023246,-0.035597551048926146,-0.00047418368294709827
28.819711,0.0005081372963444793,-0.035206315617700094,-0.0007133445221221052
28.839711,-0.000722095803900095,-0.03509013846153959,0.00017066480190784889
28.859711,-0.0015917694635791675,-0.03480253939395378,0.0004589864802181573
28.879711,-0.0019724920742866126,-0.03496636223779285,1.5653146868323514e-05
28.899711,-0.0017466878784949478,-0.03503393799538668,-0.00030544242424072367
28.91971,-0.001888063169857807,-0.03490666526813158,-3.306480184799639e-05
28.93971,0.00010328881147773065,-0.034952516083988014,0.00020609603733761056
28.95971,0.002142356410561589,-0.035383308624762994,-0.00019029090903702206
28.97971,0.0010017969699995933,-0.035153774825208206,-0.0007788923076485607
28.99971,0.001444221212410831,-0.03553337855478423,-0.0009649062936667349
29.019709,0.0008156664338391929,-0.0364900219113915,-0.0010667710955308773
29.039709,0.0006376944058527431,-0.036913401864772086,-0.0007213165500559853
29.059709,0.00047687855502632625,-0.03699191002329669,-0.0011203608391035116
29.079709,0.0005848972030568682,-0.036861606992999334,-0.0016899179486955234
29.099709,0.0013600020981488852,-0.0366168284382404,-0.002194813053621303
29.119708,0.002706645454803963,-0.03550242284384572,-0.0016305706293703091
29.139708,0.0032223331005130557,-0.03469265594408594,-0.0010260251747903084
29.159708,0.0030065289047305943,-0.03437862331006227,-0.0007053724940928232
29.179708,0.0005919601401751143,-0.03410832027977547,-0.00034220233090676044
29.199708,0.0005603750586014063,-0.034209229370679425,-0.00031164289036829406
29.219707,0.0011896757578826315,-0.03487239953383099,0.0003593361306455576
29.239707,-0.000853144754920284,-0.03490780745926241,0.00033054825185563
29.259707,-0.003022771794565737,-0.03516435757580293,3.602610730856905e-05
29.279706,-0.0032526785544676287,-0.035453215384640066,-0.0008431114218921006
29.299706,-0.0007069675987846438,-0.03586323869464632,-0.001301503030305652
29.319706,-0.0002965480183672262,-0.03602027832165941,-0.0010955589743642657
29.339706,-0.0006779699297769761,-0.036329345920721554,-0.00110618834497157
29.359706,0.0005096524478393749,-0.03667790069928567,-0.0007075869463244749
29.379705,0.002425876224092225,-0.03663020839160618,-0.00028684102553576635
29.399705,0.0033924263406474994,-0.03648885641023584,-7.159627027953237e-05
29.419705,0.005797111655320633,-0.036403541724913946,0.0004647440560873388
29.439705,0.004765946154176899,-0.03603850675990595,0.000274301165637662
29.459705,0.00391226317046721,-0.03595482377621695,-2.4206992905489495e-05
29.479705,0.0038665755247687724,-0.03588932261070625,-0.0008696848484371265
29.499704,0.0038242212123957824,-0.036039625640994444,-0.001192994871782595
29.519704,0.0006977410259284931,-0.03608076783212286,-0.0017466079254225746
29.539704,-0.00011764358945867985,-0.03617484708619727,-0.0019078200466569816
29.559704,0.0003164123546133377,-0.0367536116549666,-0.00236178275063691
29.579704,0.0008152468534662527,-0.03665839020975766,-0.0022621324009651986
29.599703,0.0005225895108243362,-0.03667368158504064,-0.0016770741258772376
29.619703,0.0011510510492775295,-0.03627039487177889,-0.0014605006992739564
29.639703,0.0016748738931028704,-0.035558972960385564,-0.0017040904428407154
29.659703,0.001403778321990548,-0.03512377482520127,-0.0012120391607872818
29.679703,0.0019408179490364038,-0.034921467132891834,-0.0014516428904035308
29.699703,0.0001672515154808778,-0.03494195664338845,-0.0010911300698967224
29.719702,-0.001166011887773967,-0.034427970629401075,-0.0007855356642846847
29.739702,-0.001099345221113435,-0.0345409076923233,-0.0005950927738652184
29.759702,-0.0007440305358048873,-0.03548857668997092,-0.0009232745920590519
29.779702,-0.0005117461535266068,-0.03596880979019309,-0.0003231580419232738
29.799701,0.00028727482549690316,-0.03620869324008252,0.0004674013986780811
29.819701,-0.0004449862467762497,-0.03625983543125406,0.00076148065280563
29.839701,0.0011794892776821188,-0.03597454405596694,0.0007260494173726884
29.859701,0.0009391629373572737,-0.03595149044290952,0.001066632167964235
29.879701,0.0022473214455403963,-0.03602370489513404,0.0004705016318187177
29.8997,0.0012736384618623135,-0.03578512680656469,0.000616655477958137
29.9197,0.0017216804198813237,-0.03525170023314343,0.00019413799542831003
29.9397,0.0026235452217375746,-0.03525869324011826,-0.000645139393897845
29.9597,0.003716645454831393,-0.035151140792552736,-0.0014578433566487636
29.9797,0.0028535685317483015,-0.03512573286714324,-0.0014379132867250216
29.999699,0.002875829603995571,-0.03546137389279388,-0.0014622722610823863
30.019699,0.0023813074594711534,-0.035900651282072565,-0.0014866312354461114
30.039699,0.002397018415184313,-0.03613797062937681,-0.001176165034977759
30.059699,0.001811027739206056,-0.03664284242423853,-0.0009414331002066945
30.079699,0.0017661326343151183,-0.03670671188810839,-0.0011761650349438383
30.099698,0.0013195358977095906,-0.036329579020986394,-0.0006686125873759054
30.119698,0.002107694405839224,-0.035965732867149366,-0.0006637407924973301
30.139698,0.0017322165503601127,-0.03606769090912189,-0.0005198013985630622
30.159698,0.0023235452217180083,-0.03561839020982505,-0.0007146731934511317
30.179698,0.0014173913755649915,-0.035426525407953345,-0.0009361184148821071
30.199697,0.0013814240095925026,-0.035506711888117576,-0.0011239039626875105
30.219697,0.0019655032636726436,-0.0359927025640902,-0.0016885892773967068
30.239697,0.0019573913755801765,-0.036222399533778586,-0.001943251282070313
30.259697,0.003455573193765834,-0.036206921678289455,-0.002331223310031663
30.279697,0.003137298135486079,-0.036043541724884214,-0.002860920279748099
30.299696,0.005375270163465619,-0.035982772494125306,-0.0021323655011724132
30.319696,0.005590281818493581,-0.03576237622372632,-0.0010322256409995003
30.339696,0.0031699787882045333,-0.036025080186431656,0.000123275524520026
30.359696,0.00290878997703226,-0.035727457808833,0.0005838815851371385
30.379696,0.0012449438231744005,-0.035514777156155065,0.00017420792545209723
30.399695,-0.0008915363633204357,-0.03566605920742511,2.3182284421382506e-05
30.419695,-0.0009707671325849001,-0.03602291235430004,-0.00030499953374171036
30.439695,-0.0013238207456349033,-0.03590906620047843,-0.0008431114218793805
30.459695,-0.0017339372957580065,-0.035915359906784336,-0.0008453258740606812
30.479695,-0.002781303263134445,-0.03565650209793135,-0.0012328550115972186
30.499694,-0.0012195550113917905,-0.03605997529140402,-0.001494160372911189
30.519694,-0.0012889489507859604,-0.0359830522144711,-0.0004644400931851781
30.539694,-0.0003589722608379159,-0.03582664195804233,0.00042355524482072624
30.559694,0.0009820533801680493,-0.03557568624709058,0.0006826461539035747
30.579694,0.001170351748449468,-0.03563685174823415,6.880000001932584e-05
30.599693,0.0013603983684959246,-0.03584859999997038,0.00044791421914576067
30.619693,0.0022974613055780466,-0.035771746853127354,0.0007278209790671662
30.639693,0.002779419347584393,-0.035340418181803286,0.0006618303030591876
30.659693,0.0014613540795333022,-0.03540720139859545,0.00012327552450624562
30.679693,0.001206901865086447,-0.03509139720281158,-0.00039269184145695037
30.699692,0.0010494426576490093,-0.03582048811189926,-0.0013294051282019648
30.719692,0.0013164356646299053,-0.03580466060606348,-0.0009192885780682613
30.739692,0.0014932888114732685,-0.03562230629369044,-0.0009281463869143065
30.759692,0.0005326128207995497,-0.03594118741256413,-0.0008617128204629655
30.779691,0.0001788599070467106,-0.036360394871774795,-0.0011389622377300278
30.799691,2.1610489801573356e-05,-0.03672762097899384,-0.00022439347312821676
30.819691,5.596503795158144e-06,-0.03646398461536164,1.91962704645126e-05
30.839691,-0.0006608836826771567,-0.035837807459171166,-0.000563647552399747
30.859691,8.645690783505751e-07,-0.03573706153844587,-0.0007253025640573759
30.879691,0.0006614473196485087,-0.03543365827506026,-0.0010038806526359745
30.89969,0.001143428671639946,-0.03528027832166103,-0.0010238107225655469
30.91969,0.00023475734294771183,-0.03503566293703571,-0.0011278899766221202
30.93969,-0.0006791820509802068,-0.03452808717947739,-0.0015907104894756542
30.95969,-0.000927480419268083,-0.034688693240093486,-0.0016505006992532409
30.97969,-0.0009570142188094679,-0.034953355244784774,-0.0013515496503107177
30.999689,-0.0007298580416692357,-0.03504321538465548,-0.00020357762229972966
31.019689,0.0002322398603963044,-0.034753728205180495,-0.00031208578081377635
31.039689,0.00028391818206658287,-0.034759439160890276,-0.00062476643349735
31.059689,0.0021681839163371357,-0.03474053473199224,0.0003655365968420293
31.079689,0.003993894872038034,-0.03487239953382887,-0.00012872913743192563
31.099689,0.005133568531737685,-0.03511167692308409,-1.3577622258434852e-05
31.119688,0.0037404682986364904,-0.0353167585081636,-0.0002704540791175819
31.139688,0.0025585335667257557,-0.0349225860139957,-0.000800151048849389
31.159688,0.00151319557141404,-0.035084683916094046,-0.00094851934722735
31.179688,5.051491874061704e-05,-0.03517232960373576,-0.0005282163169233444
31.199687,-0.00041885571062476583,-0.03486783076924408,-5.60559430176413e-06
31.219687,0.00013872004692445244,-0.03489862331004315,5.152727283896889e-05
31.239687,-0.0003739606057831189,-0.035220651282076944,0.00021318228448599785
31.259687,0.0003752235433778046,-0.03535461398603639,0.0007070051283324907
31.279687,0.0022855265736803363,-0.03580484708625744,0.0003278909092012862
31.299686,0.003164827272977513,-0.036256688578099786,4.8869930153354874e-05
31.319686,0.004102169930309498,-0.0365619566433492,-6.185268057591316e-05
31.339686,0.004524990443144241,-0.03645372820510675,-0.0004073072260603453
31.359686,0.005088603496768512,-0.03674137389275072,-0.0004290088577644266
31.379686,0.00507342867161557,-0.036891886713228045,-0.00016283170155757104
31.399685,0.004047997436199045,-0.03668859999995743,3.691188820854378e-05
31.419685,0.004056738694929365,-0.03712244615381754,0.0002029958043141059
31.439685,0.002782076690232906,-0.03674188671327603,-7.377156078923312e-06
31.459685,0.001330375058525625,-0.036150488111900324,-0.00035061724933541387
31.479685,0.0005355498836952762,-0.03537016177158679,-0.00029259860133763673
31.499685,0.0013848272729590832,-0.03506769090911055,-0.0003563748251579544
31.519684,0.0021693727275006853,-0.03436447412588945,-0.000828053146869724
31.539684,0.002352286480405253,-0.034228693240099986,-0.0010207104895335623
31.559684,0.003253778321897966,-0.034490954312350816,-0.0009343468531494688
31.579684,0.0033519834501222747,-0.03534468391604765,-0.0009037874125368015
31.599683,0.0032599554780907967,-0.03618696829831861,-0.0003001277388461751
31.619683,0.002149512587652527,-0.03719270256403278,8.961585092148413e-05
31.639683,0.00011081794897672876,-0.03728901958035731,0.0008425296038661958
31.659683,-0.0012346599064786902,-0.037267131468484184,0.00083367179499206
31.679682,-0.0017065013983251272,-0.037020045221426566,0.0020808512821927066
31.699682,-0.0009453125871257199,-0.03681657202795087,0.002131340792670285
31.719682,-0.0013228650346821357,-0.035848320279736945,0.0011963990676748697
31.739682,0.00018098111916203726,-0.035870161771582657,0.000591853613105469
31.759682,0.002625083683264202,-0.03531703822846858,0.0001423198135814237
31.779682,0.00407412797230389,-0.03557512680654368,-0.0006544400931740026
31.799681,0.00407454755269591,-0.035679998601389734,-0.0006008503496114379
31.819681,0.0019661792543342075,-0.03559549976686043,-0.0005291020978503497
31.839681,0.0017675545457223095,-0.035386292307657524,-0.0004825986013450112
31.859681,0.0022703517485146737,-0.035516012587363,-7.026759901728667e-05
31.879681,0.002325549883691109,-0.03572149044283618,0.00045677202804215663
31.89968,0.0012056897438482354,-0.035602306293640765,-9.728391603800523e-05
31.91968,0.0016687899769590535,-0.03574473053609869,-0.00081963822841351
31.93968,0.0025355965037697522,-0.036315220046584176,-0.00027931188806432875
31.95968,0.0020673214454802144,-0.036314450815837555,0.0001591496504228302
31.97968,0.0010426594408113675,-0.037014893706265796,0.0001370051282679666
31.999679,-0.0008632379950919233,-0.03667904289042074,0.00019236643359867999
32.019679,-0.0022487624706115767,-0.036469509090896024,0.0002260261072549925
32.039679,-0.001455102796935836,-0.036563774825168094,-0.00018851934731551386
32.059679,0.0006851536133341704,-0.036391024242408455,6.3524475534755586e-06
32.079679,0.0007937783219517525,-0.03625440419579202,-0.0008444400932746582
32.099679,0.0014323564105261641,-0.03587594265733782,-0.0013338340326785182
32.119678,0.0028097923079622904,-0.03570060466201161,-0.0016372139860387637
32.139678,0.002202123310287303,-0.035297784149185205,-0.0008639272727317175
32.159678,0.0022091862473414174,-0.035193005594403005,-0.000979078787876058
32.179677,0.0014602118883749148,-0.03500559300697757,-0.0010853724941690531
32.199677,0.0016805149187015629,-0.03409736456878329,-0.0011828083916107029
32.219677,0.0018694892776922462,-0.034494986946432105,-0.001311689510498744
32.239677,0.0026961559443939367,-0.03480466060610568,-0.0016199412587773153
32.259677,0.004482636130893152,-0.0349470149184578,-0.0017129482517970027
32.279677,0.003624384382629414,-0.03551883310026331,-0.0014915030303358167
32.299676,0.004740631468850866,-0.036081350582742304,-0.0011150461538515354
32.319676,0.004005176923392302,-0.03618384475522045,-0.0005835776223441593
32.339676,0.004272845921059142,-0.0365545906759589,-0.0003001277388875155
32.359676,0.0029443377625523065,-0.03660114079249696,-0.00030898554772720074
32.379676,0.0019480207462316155,-0.03653752773888604,-0.00013625827498127467
32.399676,0.0027372048953975504,-0.036581327272690006,1.4324475617737815e-05
32.419675,0.0012649205131075444,-0.03702302890438735,9.847365977600948e-05
32.439675,-0.00018396060576514415,-0.03694109417246497,0.00023134079265749112
32.459675,-0.0011270841488925706,-0.0366258261072074,0.0002534853148044048
32.479675,-0.0011398347316629019,-0.0362187165500996,0.000567937529290578
32.499674,-0.0008054757572995582,-0.036304963636331934,0.0005883104896428422
32.519674,-0.0005534011652078919,-0.035779089510492815,0.0004665156178443575
32.539674,0.000351493939697512,-0.036068600000024445,-0.0008847431234722232
32.559674,5.3148951363759636e-05,-0.03574426433571369,-0.0008936009323490091
32.579674,0.0008643843826069235,-0.03619570955716766,-0.0010840438228304863
32.599673,0.0027429391611544394,-0.03617645547791025,-0.0012124820512815252
32.619673,0.0024256198138195018,-0.0363687398601851,-0.0006012932400685804
32.639673,0.003873988112201866,-0.0362202317016687,3.695104944712816e-06
32.659673,0.0029362258744232692,-0.036033378554803944,0.00019192354316697785
32.679673,0.0006056431238177224,-0.03543349510489272,0.0004067254079697796
32.699672,-0.0012441937060106798,-0.035464217715589184,0.0004886601398953396
32.719672,-0.0014420025638151464,-0.03499720139855945,0.0001095459207842752
32.739672,-0.001874403496224141,-0.035056641957992504,-0.00044849603723791647
32.759672,-0.001697830069631171,-0.03469743449881797,3.695104972803139e-06
32.779672,-0.001518109789884983,-0.034883238694656565,-0.00045912540788073104
32.799671,0.0010922631704886128,-0.03500482377625745,-0.00042147972020977744
32.819671,0.003280561538764614,-0.0354584601399055,-0.0001579599066842959
32.839671,0.006291983450208659,-0.03573694498837414,-0.00018674778548005374
32.859671,0.005502845921053715,-0.036625849417277825,-0.00027355431229213905
32.879671,0.002611936830117681,-0.03659608251748856,-0.00041085034960300343
32.89967,0.001566528904693811,-0.037130791142164776,-0.0004152792540133058
32.91967,0.0006505149186589076,-0.03701855337989768,0.00024728484859468276
32.93967,-7.845944032841003e-05,-0.03649906620040607,0.0007632522146039897
32.95967,0.00041210000025125864,-0.035860697902052575,0.0008141846155323507
32.97967,0.0012396524478211234,-0.03571163030299245,0.0005595226108375443
32.999669,0.0024667620049246006,-0.035464753846129786,0.0004022965035933976
33.019669,0.0037245475527034697,-0.035120581351989894,-0.0003351160838956454
33.039669,0.004110421678590765,-0.03516193333334347,-0.0007474470862599405
33.059669,0.0023051536133373244,-0.035574264335688686,-0.0006234377622494145
33.079669,0.0009035918417784646,-0.035679182750608274,-0.0008803142191175718
33.099668,-0.00011629160810640163,-0.036145593007006975,-0.0010548130536030265
33.119668,-0.0012401843819955785,-0.03644293566433722,-0.00075143310019773
33.139668,0.0008805848487781476,-0.035883308624714866,-0.0006717128204767912
33.159668,0.002618440326633908,-0.035838203729618906,-0.0008395682983388422
33.179668,0.0046585102567000755,-0.03620692167833557,-0.001397610256389654
33.199667,0.005355899534062805,-0.03577985874128237,-0.002061945920763672
33.219667,0.0050831955713466805,-0.03567533659674215,-0.0024738340326808947
33.239667,0.004231843589981189,-0.035622306293701576,-0.0021150927739035444
33.259667,0.003246249184413808,-0.035577434498826464,-0.0014636009323716623
33.279666,0.0036714240095926777,-0.035302399533786284,-0.0011735076922635246
33.299666,0.0032065755247496826,-0.03577629230768041,-0.0010694284381793904
33.319666,0.0028211909093946537,-0.036397038228425806,-0.0011075170162878763
33.339666,0.0037695125877245817,-0.036148110489513864,-0.0008939972027766093
33.359666,0.0037799321681279254,-0.03634890303033529,-0.0008778899766729494
33.379666,0.003318370396560165,-0.03658188671333124,-0.0010192419580205077
33.399665,0.0014719135201015933,-0.036222166433601724,-0.0006488456876101514
33.419665,-0.0009567344985346942,-0.036047924009361965,-0.000619708158456086
33.439665,-0.0005569209787251791,-0.035804893706339457,-0.00012576876445888655
33.459665,0.000433242191454023,-0.03536671188816099,7.120093252761865e-05
33.479665,0.0010469251751415928,-0.0354414205128506,-1.2855011535528322e-05
33.499664,0.0009873214455494857,-0.036349672261086145,-0.0003146032633095327
33.519664,0.002397834266098806,-0.03643643216782788,-0.0009983095570800047
33.539664,0.003331750350005979,-0.03657946247083998,-0.0009407337995356602
33.559664,0.0039511909094296985,-0.03652967226106789,-0.0005046032634043586
33.579664,0.002302915851121642,-0.036496105827509354,-0.00026264522145564163
33.599663,0.0017729857811790532,-0.03641498694639652,0.00036439440562110054
33.619663,0.0010942911424796642,-0.036062166433607656,5.2273193488664956e-05
33.639663,0.00191014195831437,-0.03577107086251402,0.0002403850816344249
33.659663,0.0026822864804561383,-0.03572834358977484,0.0002068186480880772
33.679662,0.003024454312635125,-0.03650964895105591,0.0002261659674713507
33.699662,0.0012964589746426993,-0.03694438088577147,-6.159627029523988e-05
33.719662,0.004348277156478545,-0.0369626559440412,-8.374079244215352e-05
33.739662,0.006720817949019941,-0.03717053473190449,0.00047861351990800534
33.759662,0.007166948485148256,-0.03689757435895857,0.0002599655012502101
33.779662,0.007186785314985883,-0.03659146713284349,2.3368764641312355e-05
33.799661,0.007681820280032427,-0.03655358834496493,-0.00023117668991868797
33.819661,0.007973521911738005,-0.03626596596735852,-0.000663111421887569
33.839661,0.005927298135514979,-0.036081117482505025,-0.0005788689976278126
33.859661,0.004904011422239151,-0.03655939254075288,-0.0007078899766463503
33.879661,0.0034779275061553984,-0.03677720139855191,-0.0006068410255716187
33.89966,-0.0012265480183470024,-0.03675072121209246,-0.0005193118880196668
33.91966,-0.0004500911419011173,-0.03633025501163524,0.00011928951060873673
33.93966,0.0004297223778938052,-0.03634657202795558,0.00011043170172188069
33.95966,0.0003579741261348367,-0.03583759766899742,-0.0003107571094900497
33.97966,0.0018082538464328061,-0.03512988205129149,-5.609510480213324e-05
33.999659,0.0032147573429368143,-0.03485596596737903,-4.679440552597593e-05
34.019659,0.00431039836857614,-0.03466228298371386,-0.00045066386941193537
34.039659,0.003416552214740022,-0.035243984615399064,-0.0004194517481985857
34.059659,0.004892216550410458,-0.0357833086247034,-0.0009149062936657706
34.079659,0.0034831722613551117,-0.03633018508156761,-0.0007888456875715108
34.099658,0.0018014939396576357,-0.037016502097908285,-0.0007868876455972123
34.119658,0.0023631256412668684,-0.036712912354326596,-0.0007095216782389518
34.139658,0.0019370650351901433,-0.03707466060607631,-0.0009600111887410581
34.159658,0.0012278109559422175,-0.03668703822845949,-0.0007768177155304458
34.179657,0.0030118902100311927,-0.03591801724945723,-0.00014423030289766454
34.199657,0.0037874613056168537,-0.03528272587414322,-5.145641014016962e-05
34.219657,0.001397507925668142,-0.034914287645704506,-0.00017231888102821775
34.239657,-0.0005923988342433137,-0.034940627972035045,-0.00013467319338482473
34.259657,-0.0004447531465755386,-0.03459356503498391,-0.00027418368288547007
34.279657,-0.0020419792538098275,-0.03517093100236082,0.00026299580432109315
34.299656,-0.0013315829834098744,-0.035597271328725574,-5.737715608200762e-05
34.319656,-0.000802189044021673,-0.0355925160839871,-0.0005103841490890278
34.339656,-0.0004704407922566303,-0.03577039487186094,-0.0005419692306738661
34.359656,0.00018412797230571562,-0.036007341258808,-0.00043602517472115826
34.379656,0.0032216337998128707,-0.0359662223776864,-0.0004671440558197729
34.399655,0.003404687412860126,-0.03584307552452293,-0.0006756289043156771
34.419655,0.0032312841494621758,-0.03580776083919776,-0.0004511766898619801
34.439655,0.0022955965037683036,-0.035788763170185506,-8.835617701991489e-05
34.459655,0.001588743356933269,-0.0358261757575736,0.0001749305362603349
34.479655,-0.00018552237736166322,-0.03619722470860955,-8.635897298445874e-06
34.499654,-0.0007827717945983266,-0.036625616316986485,-0.0006814797201580812
34.519654,-0.00041081375263226185,-0.03702209650343769,-0.0011557221443988588
34.539654,-0.00015678111859438728,-0.03642573286708192,-0.0008055123541971583
34.559655,-0.0010863615381964528,-0.03626589603725007,-0.0006038806525657191
34.579654,-0.0001214198132576993,-0.03593722470857274,-0.0004595916082720831
34.599653,-9.139650325665997e-05,-0.035474870396243585,-0.0006472372959051189
34.619653,0.0006227526809142924,-0.035080837762224745,-0.00034481305345259063
34.639653,-0.0009108836827201388,-0.03513328531469358,0.0001965622379137431
34.659653,-0.001260557342401903,-0.035575476456869655,-0.0004646265732991062
34.679652,-0.0012096016314608912,-0.03598058135199376,-0.0010620857807460901
34.699652,0.0017759927741641444,-0.036391770163188,-0.0014651160838003072
34.719652,0.002320864569048364,-0.03631046480187327,-0.0013738806525678494
34.739652,0.003402403030611191,-0.03574498694642706,-0.001022715151422391
34.759652,0.004472566200788756,-0.03590265594409231,-0.0010591953379376759
34.779652,0.004352356410569761,-0.03510482377626892,-0.0007022023309508042
34.799651,0.0038017969700080145,-0.03469246946392908,-0.0013305240092825101
34.819651,0.0033505848487998154,-0.03505421771566819,-0.0010584727272121195
34.839651,0.0033370883452833264,-0.03544962564107211,-0.0011523888111486728
34.859651,0.0026060160841896228,-0.03588866993009443,-0.0014968876456612564
34.87965,0.0019680207461885407,-0.03621013846154423,-0.001190454079219597
34.89965,0.003123848252031993,-0.03653160699300356,-0.0009950694638401418
34.91965,0.00196939603758845,-0.036604264335632755,-0.00034050069924122556
34.93965,0.002075410023601371,-0.0370984135197788,0.0003142079254961379
34.95965,0.002222519580718999,-0.03714279580416298,0.00033206340336059586
34.97965,0.00146389487208411,-0.036676711888101454,0.0006731123544240563
34.999649,0.0025610044292243006,-0.036599835431235704,3.8287179566582626e-05
35.019649,0.0036082538464648727,-0.036570091841484534,-7.823962696017707e-05
35.039649,0.0044010510492516995,-0.035864870396278135,-0.000257610256331097
35.059649,0.003370141958352069,-0.035480255011661244,-0.0003798480185973243
35.079648,0.0029455265737359966,-0.0350352666666627,-0.0005082862470494232
35.099648,0.003013428671645271,-0.035234567365955774,-0.00027975477853525135
35.119648,0.002178813287022351,-0.03586020839156907,-0.00105786666665741
35.139648,0.0014806780888806043,-0.03660631561768522,-0.0012325986013727263
35.159648,0.0012337083919238753,-0.036718343589734574,-0.0012355589743341052
35.179647,0.0012876244758230867,-0.03697083776222939,-0.0007282163169764926
35.199647,0.0004785568767799121,-0.03705172354313674,-0.0007981696969509509
35.219647,-0.0010682729600793427,-0.037106898368296816,-0.00016273846150749699
35.239647,-0.0017539606057577935,-0.036763704895115976,0.0007729258742124151
35.259647,-0.0016120258738247164,-0.03689547645689299,0.0010708279721181753
35.279647,-0.00024244545426398503,-0.03645727132869446,0.0011434153847035855
35.299646,0.0003709344991027696,-0.03652321538461831,0.001600268531557119
35.319646,-0.0004507904426134918,-0.03687291235430106,0.00041530349656967097
35.339646,0.0002936151518005516,-0.03690200326338424,0.00040483729609332457
35.359646,-0.0005882729600944651,-0.036120767832150666,0.0005536951049547902
35.379646,-0.0018147531465913611,-0.035451770163133306,0.0008493128205983661
35.399645,-0.0036191820509923886,-0.03585260932396746,0.0006343944056729486
35.419645,-0.0033345899764054476,-0.03582160699293423,0.0007739048952022144
35.439645,-0.0026168044286062524,-0.03533908951041861,0.0012678442891861635
35.459645,-0.0013412100230316875,-0.035269812121170904,0.0011095692309052543
35.479645,0.0003631256412770569,-0.03505232960371542,0.0007445342658469077
35.499644,0.000387134965276644,-0.03504379813518959,0.0007669351982368638
35.519644,-0.000542678554529843,-0.035293098834495815,0.0002293128205864085
35.539644,-0.0015599745918295892,-0.0355921897435858,0.0002670983683618883
35.559644,-0.003252119113963661,-0.03477125734267704,0.0001839981352674096
35.579643,-0.00369596526777944,-0.03497151375293824,0.0001402918415787121
35.599643,-0.0037709536127438206,-0.03592673519814045,0.00017840372970938888
35.619643,-0.0008313731931390292,-0.03620151375288459,0.00041917296052741714
35.639643,0.0004418669001062476,-0.03623344848481766,0.0007145342659041
35.659643,0.0013157363639604608,-0.03620757435897017,0.0007592662006407595
35.679642,0.00305338205158894,-0.03636515011655461,0.0002588000001279321
35.699642,0.003024174592359291,-0.03640573286712076,1.5210256517182589e-05
35.719642,0.0035458062939799414,-0.0364811407925238,-0.0001477268064282712
35.739642,0.002616272494459889,-0.03649570955709288,-1.6025174718888144e-05
35.759642,0.0017956198138100016,-0.036110185081570254,9.149650451737682e-06
35.779642,0.0005941279723231628,-0.03619547645687101,-2.791328662256611e-05
35.799641,-0.0002532379950409379,-0.03632841351981059,7.651561779072503e-05
35.819641,0.0009383703966043644,-0.03641752773892719,-0.00031089696964810694
35.839641,0.0006672515154868108,-0.03563818041958703,-0.0006679832167534239
35.859641,0.0010617270399638575,-0.035448763170185846,-0.00094292494171385
35.879641,0.0018632188814721317,-0.03527519673660447,-0.0011760251748271218
35.89964,0.0026258296040750206,-0.03526202657341614,-0.0012078433566354615
35.91964,0.004605433333669707,-0.03520470722609576,-0.0013053958041838272
35.93964,0.006670281818520241,-0.035422539393910615,-0.000809241957995257
35.95964,0.006474570862781879,-0.03555836689972326,-0.0005781230768689346
35.97964,0.004599605827813453,-0.03596370489507776,-0.0007555356643015965
35.999639,0.004750491608685581,-0.0362892759906611,-0.0004618293706170875
36.019639,0.004056948485155056,-0.03666333193473302,-0.00023059393937980947
36.039639,0.0010671582753485206,-0.03670729463869285,-6.182937058976242e-05
36.059639,-0.000571116782911113,-0.03713601258741703,-0.00038956829835560364
36.079638,-0.001590464102221981,-0.036792702564095024,-0.000292598601365727
36.099638,-0.002054147085902418,-0.036565336596720094,-0.00021425361299169692
36.119638,-0.0027585526803252302,-0.036637597668954545,-0.0003463048950381873
36.139638,-0.000865545687350328,-0.03635053473186535,-0.00025924195795973883
36.159638,0.0006077643359420585,-0.035644870396206584,-0.0008455123542594108
36.179637,0.0012434752916512764,-0.03573598927733869,-0.0008898013985664883
36.199637,0.0018199787881355662,-0.03542622237761451,-0.0005515496503387491
36.219637,0.0012473214454877197,-0.03575347179488784,5.1364102601479536e-05
36.239637,-0.00017976480161120386,-0.035997737529178175,-0.00024502284380726496
36.259637,0.0009212375294071617,-0.035916875058339126,-0.0007240671328658747
36.279636,0.0011196291378262984,-0.0360228424243029,-0.0001473771561611248
36.299636,0.0007501419583423485,-0.0361167818182187,0.0005174247086821564
36.319636,0.000536412354617581,-0.036337481118902996,0.000867308158590141
36.339636,0.0026134053615978754,-0.03589130396272288,0.0010174247087267802
36.359636,0.004531074359267388,-0.0354133319347333,0.0009234853147982463
36.379636,0.0033017503499433894,-0.035321793473193266,0.0016842079255644312
36.399635,0.0012501652683619927,-0.03504018508159997,0.0012874713288304309
36.419635,0.0007008412590431592,-0.03513293566433633,0.0007399188812691462
36.439635,-0.00021389067569066943,-0.035182469463874926,-0.00011788997657720054
36.459635,-0.00017864592043472663,-0.03518878648021574,-0.0006083328670130529
36.479635,0.000481983450195184,-0.0355858960373207,-0.0006008503495669173
36.499634,0.0011843144525189614,-0.03566542983683814,-0.001051223309951325
36.519634,0.0019216104898233774,-0.03600286573428124,-0.0006006405593799171
36.539634,0.002951144289351719,-0.036360394871798644,-5.7283916019743605e-05
36.559634,0.004186086014286139,-0.03685727132865924,0.000897727739025671
36.579633,0.003080981119163907,-0.0370858027972068,0.0013874713288005592
36.599633,0.0019448738930487167,-0.0373621431235411,0.0010129025642271832
36.619633,0.002182939161121378,-0.03730566293705458,0.00034402144529268675
36.639633,0.0022510976692864154,-0.037271327272717626,-3.2785081529761693e-05
36.659633,0.0034405615387475587,-0.03714892634034959,-0.00027695757569794037
36.679632,0.005294617482790253,-0.03721466060606789,-0.0008083095570646803
36.699632,0.004982729370887148,-0.036902539393947636,-0.0008946731934026627
36.719632,0.00519056153871718,-0.036915220046614294,-0.0002884727271962089
36.739632,0.004638650116821707,-0.03665321538461657,0.00017493053621528415
36.759632,0.004648347086537125,-0.03683428764570391,0.00018192354320653576
36.779632,0.002083964802135081,-0.03654692167834742,-0.00010805314676467611
36.799631,6.685524502537802e-05,-0.03638321538464741,-0.0005966312353754155
36.819631,-0.001166944288760725,-0.036432772494203944,-0.0008705240092948389
36.839631,-0.00101372750553168,-0.036877154778563515,-0.0011315962703943177
36.859631,-0.0005877601395373588,-0.03719575617716667,-0.0009768177156000242
36.879631,-0.00015913543091784495,-0.0374176909090769,-0.0009243701631497368
36.89963,-0.0006205573423312583,-0.03704880979022451,-0.0005287990675560346
36.91963,-0.0006714897432659794,-0.036913355244755267,-0.0004079599067002478
36.93963,3.196014018233442e-05,-0.036456245687653384,9.099114225673255e-05
36.95963,0.0003619834502002903,-0.036555359906763285,0.00027502377631180726
36.97963,-0.0007136109554027478,-0.03628333193471774,0.0006623198136407436
36.999629,-0.0007996016314026323,-0.035762586013969505,0.0003990331003302835
37.019629,-0.0018049862467865792,-0.03591757435895398,0.000662786014095167
37.039629,-0.001660464102259902,-0.03611232960368657,0.00027595617722065384
37.059629,-0.0005723522141391848,-0.03638316876451663,0.00033597948725513243
37.079628,0.001374267832487254,-0.036140907692249216,-0.00023779673657078153
37.099629,0.00222750792573238,-0.03623575617712483,-0.00036471981348770396
37.119628,0.0029922631704727867,-0.036157411188792135,-0.0005629715617334131
37.139628,0.005542006760192533,-0.0361478540792475,-0.00038311142187262857
37.159628,0.004970258508449893,-0.03644025501165008,-0.00047798321674445937
37.179627,0.0031087200469287323,-0.03608118741258379,-0.00047332121208362493
37.199627,0.001899116317332466,-0.035302679254087026,-0.0008145799533775462
37.219627,0.00038676200500108605,-0.03550253939396145,-0.00037868251746232617
37.239627,-0.0002416762234315057,-0.03544417109560218,-0.0009792885780906186
37.259627,0.000642939161186018,-0.03574454405597151,-0.000754463403250063
37.279626,0.0018900720283491726,-0.03593708484852121,-0.0006718293706137175
37.299626,0.002233382051645736,-0.03631759766903848,0.00010567645695267142
37.319626,0.0031069251751792036,-0.0367899752914234,0.0001386601399617304
37.339626,0.00480335874157877,-0.037110045221492964,-1.0407459103165461e-05
37.359626,0.004171097669312846,-0.03779242284386551,-0.0003415263402420167
37.379626,0.003973079021294878,-0.03743883310027755,-0.0004092419579674019
37.399625,0.003031447319651287,-0.03722473053615108,-0.0009457221445066406
37.419625,0.0028617736599804147,-0.03712713146853766,-0.0010129715617691224
37.439625,0.0017097923079760552,-0.036597760839163704,-0.00157649137531205
37.459625,0.0014907713289441216,-0.03659337855476545,-0.000875885314683949
37.479625,0.0024819368301098733,-0.036425965967330866,-0.0006278666666332165
37.499624,0.0019729624711029487,-0.03598237622372421,-0.0002248363635646888
37.519624,0.002767414685554918,-0.03618188671323184,-0.0007474470861804391
37.539624,0.00420620256432381,-0.03596652540788161,-0.0006411533798911541
37.559624,0.00461606270419592,-0.03616811048946336,-0.0003532745919971776
37.579623,0.005570887879048435,-0.03608270256407179,-0.0007811067598494721
37.599623,0.004399955478117554,-0.03626344848482248,-0.00047772680650512683
37.619623,0.004016552214730924,-0.03639104755244814,0.00022868344992470638
37.639623,0.002617577855739164,-0.036392562703966354,0.001154767366021606
37.659623,0.002568580186750721,-0.03666326200466115,0.001097191608458711
37.679622,0.001284897203060829,-0.036316222377604644,0.0004992895105593547
37.699622,-0.0002072939391248977,-0.035998646620031965,0.00016977902106299477
37.719622,-0.0022409069927229303,-0.035568809790217704,-0.0005056289043542691
37.739622,-0.0021490188808415598,-0.035251700233120645,-0.000999451748191752
37.759622,-0.003056874358669652,-0.03497650209793732,-0.0009086592073756258
37.779622,-0.0030012333330101033,-0.035014310955759895,-0.001557493706243094
37.799621,-0.0037072006989912745,-0.035452329603776665,-0.0006601976689578524
37.819621,-0.002034636596423167,-0.0357461524476193,0.0001325762238338137
37.839621,-0.001024333566154423,-0.03608349510493706,0.0010715039627739091
37.859621,-5.8412820239650814e-05,-0.036408903030339626,0.00022956923082521105
37.879621,-9.978811161754134e-05,-0.03630813379956458,5.905641032842679e-05
37.89962,0.0001261792543623217,-0.036328856410282044,0.0006990331003323594
37.91962,-0.0002647764566106887,-0.0363636815850972,0.0012349305362526883
37.93962,0.0020807480189163493,-0.03639701491841263,0.0007455365968398179
37.95962,0.001969162937357529,-0.03604526666666787,0.0009824829838123235
37.97962,0.0011936850818834227,-0.0361902550116389,0.0003469351982250535
37.999619,0.0007787200469034054,-0.03665932261070361,0.0003225762238539083
38.019619,0.0018868086250033774,-0.03636922937061455,0.00039122424252312075
38.039619,0.0017666687648536055,-0.03660221305358401,0.00035357855489138806
38.059619,0.0017785102566885212,-0.036686432167819985,-0.0008869575756853248
38.079618,0.0008610976692749777,-0.03644041818181125,-0.0009179599067069041
38.099618,0.0003484869466520001,-0.036066711888109296,-5.432354305995462e-05
38.119618,0.0009705382286761403,-0.03588246946387465,0.00030884662010490773
38.139618,0.002178766666903768,-0.03595717808859605,4.709836834174502e-05
38.159618,0.0016180207461696,-0.03579426433569293,0.0004080540793332569
38.179617,0.002355223543373591,-0.036310091841530404,-2.3764102509298208e-05
38.199617,0.0029915172496481884,-0.036588296969743334,0.0003664223777011932
38.219617,0.0032364822846291668,-0.03654566293709875,0.0006055832168899804
38.239617,0.002668137296299747,-0.03705260932403831,0.000215839627117021
38.259617,0.0018184403266317292,-0.036903681585107616,3.425454551656947e-05
38.279616,-0.000896617948422051,-0.03660950909091568,-0.0001734610722215859
38.299616,-0.0024833545451535617,-0.03601403123542385,-0.00033068717944294236
38.319616,-0.0031075969693786826,-0.035569439160823224,-0.0005056289043828895
38.339616,-0.002167620279401824,-0.0358751034964801,-0.0005388456875836494
38.359616,-0.0026794151511850403,-0.03562591934729172,-0.0007049296036669514
38.379616,-0.0016755689973526307,-0.035846082517447066,-0.0010038806526327946
38.399615,-0.002030464102271808,-0.035749089510477394,-0.00035504615376002644
38.419615,-0.00015302820485094853,-0.03586202657342083,-0.00041350769223349657
38.439615,-0.0002089722608079921,-0.03595990536131856,-0.00039800652675397747
38.459615,-0.00010109347292331728,-0.0356904881119047,0.00031283263411530863
38.479614,-0.0009948696967193623,-0.0361228657342719,-0.00012341445213860875
38.499614,0.0005355498837244275,-0.0361993459207376,-0.00020712074584079807
38.519614,0.0006896291378158859,-0.036230837762232085,-0.000424137062863061
38.539614,-0.0007792986011026309,-0.03693755104893238,-0.0005747198134498832
38.559614,-0.002860021211802053,-0.036529672261043505,-0.0010618993006750925
38.579613,-0.0038540072257774866,-0.036597620978987624,-0.0009644634032270826
38.599613,-0.0034397648015330965,-0.036420674592062385,-0.000800593939343632
38.619613,-0.0020204641022403443,-0.03636731794870424,-0.000929032167804741
38.639613,-0.0011485293703101481,-0.03623027832166769,-0.001065885314677543
38.659613,-9.347109525340339e-05,-0.036027271328666025,-0.0006606405594202948
38.679613,0.0016798855481034622,-0.03595454405595277,-0.0007071440559176834
38.699612,0.005166528904759003,-0.035917271328694114,0.0003960960373343847
38.719612,0.0037539414921641786,-0.03618860000003736,0.0005108046620295329
38.739612,0.003192845921083893,-0.036567014918445585,0.001053345454614076
38.759612,0.00446927948750875,-0.0363163622377998,0.001102506293776408
38.779612,0.003656109324342629,-0.036529648951072725,0.0011689398602367593
38.799611,0.0036101186483588864,-0.03662734125875742,0.0007907114219970493
38.819611,0.004009279487505709,-0.03724573286712794,7.544335670368082e-05
38.839611,0.003354500932708662,-0.0373093692307441,-0.0009365613053456099
38.859611,0.002096389044580426,-0.036979066200451896,-0.0014551860140124403
38.879611,0.001966785314976369,-0.03671846013983334,-0.001658915617737545
38.89961,0.0024272282054275435,-0.036665289976657495,-0.0010964447552589403
38.91961,-0.001242958274743387,-0.03662612913750596,-0.001446771095592797
38.93961,-0.0007555223772915652,-0.036436711888093644,-0.0012585426573429714
38.95961,-1.1443123199857819e-05,-0.03619974219112704,-0.0015442069930243767
38.979609,-0.0016666412583732316,-0.03616067459203352,-0.0011482629370634257
38.999609,-0.0008919093236055328,-0.03614424102559374,-0.0009843934732059456
39.019609,0.0010017037299871504,-0.03678932261066531,-0.0005906638694538561
39.039609,0.0017265289047859386,-0.03679647878781772,-0.000477726806527387
39.059609,0.002112822611049883,-0.03679109417246419,-0.0003187291375304617
39.079608,0.0023826128208140297,-0.036728040559404415,9.360186485821392e-05
39.099608,0.0024762025643736553,-0.03608424102562969,0.0002641146853936887
39.119608,0.001155106993262812,-0.035920278321701464,-0.0001101277388594708
39.139608,0.0019052002333623315,-0.036030884382324546,7.238228512281174e-06
39.159608,0.001939372727536,-0.03643545314689903,-0.0003492885780482578
39.179608,0.0002819368301193839,-0.03676589603733339,0.00014453426579611508
39.199607,0.00015354522173869776,-0.036974380885820814,-0.0001101277388997514
39.219607,0.0009294426576228444,-0.03715090769234078,-3.262191138555376e-05
39.239607,0.0028076477858141723,-0.03722911282051806,-0.00018541911419289758
39.259607,0.0031103750585329253,-0.037045173426572424,-6.628158502596627e-05
39.279606,0.002717088345214658,-0.03672314545451637,0.00025747132876657473
39.299606,0.002018976457090862,-0.03583349510486599,0.0006095692308982611
39.319606,0.001972286480423365,-0.03565025501162743,0.00024418461551923735
39.339606,0.0012387899769618906,-0.03546769090907534,0.0002109678322967469
39.359606,0.00023541002359238447,-0.03567978881117093,-0.00032714405584145323
39.379606,-0.002249881351686292,-0.035704707226101695,-0.00017434685304311962
39.399605,-0.0020737041955267528,-0.035844544055946934,-0.0002961417248654547
39.419605,-0.0005944967363375095,-0.03590354172492656,-1.490629361290208e-05
39.439605,0.0018416337997910251,-0.03611372820509807,0.00032656223785741917
39.459605,0.0038230790212389846,-0.0364285300698816,0.0003619934732908911
39.479604,0.0032614240095593305,-0.03663344848479941,-5.8309557031134746e-05
39.499604,0.0031716337997705654,-0.03667960233094909,-4.719813420869622e-06
39.519604,0.002855246853410196,-0.036572143123482934,-0.0006619692306851906
39.539604,0.0024222398604268817,-0.03639428764563394,-0.0013639505827041912
39.559604,0.002019279487460968,-0.03622836689972028,-0.0019862116550027832
39.579603,0.0014837550119296185,-0.036059695571065115,-0.0018821324009393196
39.599603,0.0020512142193622436,-0.036343518414869394,-0.0014104540792317902
39.619603,0.003028906527058608,-0.03599123403258509,-0.0007704773892214974
39.639603,0.004434244522409068,-0.03603258601396146,-0.000320943589688442
39.659603,0.005996575524751552,-0.03601892634029917,-0.0003457454544981793
39.679602,0.005594757342918056,-0.03603137389276724,-0.0008373538461469412
39.699602,0.004920468298635398,-0.036101070862448834,-0.0005158153845860519
39.719602,0.004356365734539281,-0.03579626899764589,-0.0007133445221327052
39.739602,0.004963148951322245,-0.03526307552446827,-0.0005251160838993098
39.759602,0.004282845921023825,-0.03524398461540755,-0.0010477268065352003
39.779602,0.0020973680655458453,-0.03589687505829528,-0.0009325752913473992
39.799601,-0.001725662237482111,-0.03656659533800109,-0.0008572839160314628
39.819601,-0.0024219326337324935,-0.03656263263405157,-0.0008218526805873908
39.839601,-0.0027640072258046954,-0.03707239953382519,-0.0007270741257931947
39.859601,-0.0015074337992264063,-0.037116245687662405,-0.0005654191141313253
39.8796,-0.0002384128202330524,-0.03716368158509514,-0.0002620391607355693
39.8996,0.000293148951319628,-0.036877224708617894,0.00019900979033603557
39.9196,0.0013632655014247201,-0.03647034825173784,4.7984149278820526e-05
39.9396,0.00120338205152729,-0.03586244615385949,0.00029821724951350386
39.959599,-2.722400907976302e-05,-0.035863798135221836,-0.0002314797201955129
39.979599,-0.0007435643354140652,-0.035813565034973516,0.00022469743601023702
39.999599,-0.0021334710953234883,-0.03558230629373048,7.681118955113388e-06
40.019599,-0.001734473426308684,-0.03516298228441309,0.000357564568847198
40.039599,-0.0017391820510149602,-0.034990837762261695,0.00023798414927294487
40.059599,-0.00048246876429292485,-0.03507102424242858,0.00031194685323017413
40.079598,-5.493962674819571e-05,-0.03524445081583865,-0.00031695757568228134
40.099598,-3.820303000350413e-05,-0.03543223636361914,-0.0006872139859653206
40.119598,-0.0012488090905831408,-0.035954520745874394,-0.0009157454545091728
40.139598,-0.0020537974355711404,-0.036164544055922364,-0.0014693585081353724
40.159598,-0.0023537508155203543,-0.03628673519809969,-0.0010840438228182964
40.179598,-0.0003896482514332766,-0.036324777156139944,-3.391142125763356e-06
40.199597,-0.00020626829807375568,-0.03681039487178401,0.0004926461539126305
40.219597,9.6039394225416e-05,-0.0367926792540776,0.0009665389278094109
40.239597,0.0008048972030733017,-0.036603611655010346,0.0008558163170812031
40.259597,0.0015961326343086606,-0.03637228298368696,0.0006343710956290272
40.279596,0.0009548972030698347,-0.03638799393939322,0.0003327627040305703
40.299597,0.00046547995362470327,-0.0358402317016301,0.000361550582815198
40.319596,-0.000386431468274436,-0.035781816783204724,0.00047050163179804727
40.339596,-0.0005542869461121066,-0.03553587272727422,-0.00015397389270516582
40.359596,-0.0016768976687150492,-0.03572906620045058,0.0002313407926103204
40.379595,-0.001258156410004382,-0.035972166433533834,0.0004306414919351929
40.399595,-0.0009029349647724092,-0.036535103496453614,0.0006786601399694952
40.419595,0.0006184170165768539,-0.036373961305328176,0.0002295692308633717
40.439595,0.0021924962706803292,-0.03611652540790146,-0.00016238881109512836
40.459594,0.0036631256413173817,-0.036283401864781135,-0.0007315030302299974
40.479594,0.003542309790490146,-0.03624083776220789,-0.0005122722609840327
40.499594,0.0029662258743840962,-0.03573246946384525,-0.0011035310022833057
40.519594,0.002388906527063755,-0.035594940326329434,-0.0009064447552017451
40.539594,0.0019661559443220865,-0.035924404195804734,-0.0008865146852965534
40.559594,0.0011257363638942548,-0.03621785407925362,-0.000366118414872174
40.579593,0.0012968086249368772,-0.03572151375289017,0.0001525062937755762
40.599593,0.001466645454792238,-0.03603013846150949,0.0003421100233956309
40.619593,0.001152403030557726,-0.03618911282049588,0.00020059487188054455
40.639593,0.001457251515422016,-0.036461606992990024,0.0006121333334267394
40.659593,0.0010227526809145865,-0.036640511421908106,0.0002893827506467189
40.679592,0.0008223331005038678,-0.036202702564114383,0.0005225995338672366
40.699592,0.0019159927741461739,-0.03639873986016872,0.0007335319347854336
40.719592,0.0029586967368442872,-0.03607417109562706,0.0008722265734839481
40.739592,0.00449196014012419,-0.036289299300761205,0.00042896317021287784
40.759592,0.0045110976692626925,-0.036024520745977506,0.0004871216783809026
40.779592,0.005615573193727462,-0.035538366899791785,7.824055949700123e-05
40.799591,0.006276925175103069,-0.03630871655012731,-0.0002019226106764574
40.819591,0.004411633799808261,-0.03635305221442736,0.0002166321679096808
40.839591,0.004406505594681343,-0.03640820372956736,0.0006840214453209746
40.859591,0.0015754100235869574,-0.03669794731931083,0.00028113100240149415
40.879591,0.00010391818212989221,-0.03675971888109604,0.0005464223776914147
40.89959,0.0008817270399587958,-0.03708974219113996,0.0008260261073084351
40.91959,0.0011641512824035185,-0.03683603589744987,0.0005387533800571496
40.93959,0.0006976477859107498,-0.03666666526809345,2.7797669087655213e-05
40.95959,-0.0011675037292710525,-0.0362481571096137,-7.404382276542611e-05
40.979589,0.0005193027975045807,-0.03585330862476252,-0.0004028317015621998
40.999589,0.0018896990678700923,-0.036237271328714064,-0.0006526219113832014
41.019589,0.0015122398603844207,-0.0360336815851025,-0.0004722023309659787
41.039589,0.0025530324011637483,-0.03648992867132235,-0.0004859552447313406
41.059589,0.0028345475526820644,-0.03671913613051081,-0.0003647431235257954
41.079588,0.002837997436156098,-0.03638661864799968,2.439440561772315e-05
41.099588,0.0036300020982117463,-0.036736851748218266,-3.6941724518788766e-06
41.119588,0.004295410023630937,-0.03678731794867683,-0.00012082703957521897
41.139588,0.004093265501499632,-0.03642109417247296,-0.0003437874125313008
41.159588,0.0027596058278495173,-0.035651420512829206,-0.0006631580419001508
41.179587,0.004001260839502006,-0.03543274918415134,-0.0004853025640352571
41.199587,0.004041563869803453,-0.03535114079253911,-0.0006184027971519004
41.219587,0.0027932421914672084,-0.035327947319349066,-0.0006302442890080162
41.239587,0.003451330769539951,-0.035225616317013014,0.00014528018653167256
41.259587,0.004396202564377825,-0.034681840093241205,0.00041311235436180085
41.279586,0.003717344755514088,-0.034886129137546074,0.0006811776224339809
41.299586,0.0020325895107612376,-0.03562501025642043,0.00045472074596849307
41.319586,0.0015546641028266344,-0.03562748111888983,-0.0004256988344924406
41.339586,0.0007948505830361464,-0.03557065128204341,-0.001090640559428058
41.359586,-0.0005070142188251699,-0.03566062797202402,-0.0012964913752621294
41.379586,-0.0007443801861949957,-0.03619836689974197,-8.262191135312747e-05
41.399585,-0.0011640305358331282,-0.03633160699297374,-0.0003677034964341733
41.419585,-0.0015634011652035209,-0.03675468391602926,-0.000626910955642818
41.439585,-0.00021438018616887347,-0.03654797062930681,-5.6048484759870973e-05
41.459584,0.001670141958343132,-0.03658461398595252,-3.390396259228697e-05
41.479584,0.0018965055947203855,-0.03715496363633189,-4.2295570964298547e-05
41.499584,0.0010007247089305698,-0.03746967226104521,0.00017262284393514832
41.519584,-4.006783185352787e-05,-0.03701538321677103,-0.0001627850814925186
41.539584,-0.0005813498831353368,-0.03687808717946017,-0.00011977808848015576
41.559584,-0.001058575990379295,-0.03673818041957856,0.0003719701632752528
41.579583,-0.001280837062647912,-0.03657778414920088,0.001179918881240002
41.599583,-0.001419531701336886,-0.03613535990678063,0.0009080307693604596
41.619583,-0.0010689023306869841,-0.03575729463869149,0.0009217836831194613
41.639583,-0.0005016762234471202,-0.03544603589742305,0.0004514806528001812
41.659583,0.000957647785876014,-0.03595263263402179,0.0005805016318303793
41.679582,0.0016317503499774318,-0.03608841351981232,-3.430023302200761e-05
41.699582,0.001623661771868465,-0.03641549976689533,0.00018772773898335696
41.719582,0.001026016084213741,-0.03669368158509668,0.00028863682986823104
41.739582,0.00252203007020524,-0.03679570955710927,-0.0002405006993007778
41.759582,0.0022936850818579975,-0.03704659533801884,-0.00037793659672676874
41.779581,0.0016093960375671967,-0.03700685174827754,-0.0008698946386765975
41.799581,0.0016121932403642273,-0.03654976550118672,-0.0008181696969333162
41.819581,0.0019977876459735676,-0.03634988205127686,-0.0007651627039212907
41.839581,0.0015515638697453586,-0.036283751515139975,-0.00046318135194286516
41.859581,0.0009593261075055771,-0.03666435757572957,0.0004465156177819606
41.87958,0.0015239181820995086,-0.03612020839156667,0.0010399888112832046
41.89958,0.0018549205131210434,-0.03562053473190427,0.0015199421912502
41.91958,0.001776622144817366,-0.0360322596736529,0.0018477743590931458
41.93958,0.003954967133177838,-0.0359970848484858,0.001142086713382509
41.95958,0.003821983450196,-0.036446245687659556,0.0007749538462569971
41.979579,0.0028098622380781546,-0.03638603589745602,0.000127657808964387
41.999579,0.002462146620345249,-0.03616018508164277,-0.00030252867124475573
42.019579,0.002599396037600071,-0.03618675850822066,-0.00045553566426242
42.039579,0.0016432188814095878,-0.036203425174886054,-0.00011145641016782729
42.059579,0.0009655731937480214,-0.03657333193476574,0.00018572307701926702
42.079578,-0.0002727717946043905,-0.03637834358974233,-8.886899757649133e-05
42.099578,-0.00040757365937702867,-0.035921443822829045,-0.00015707412579333123
42.119578,-0.0005096482514552017,-0.03605626899764295,-0.0006056755243973998
42.139578,0.00023657552479045343,-0.03546703822840204,-0.0011365379952891154
42.159578,0.00012830046648771817,-0.03537076783212825,-0.0010626452213751394
42.179577,4.2100000291823416e-05,-0.0352712340326046,-0.0010943468530719932
42.199577,-0.00028498624679330453,-0.03492834358976736,-0.0011770974358479153
42.219577,0.002439512587729671,-0.03502368158512171,-0.0009945799533174165
42.239577,0.003741657109862581,-0.03539023170167124,-0.0003474937062012066
42.259577,0.004053148951343385,-0.03613034825175884,0.0008111076924154954
42.279576,0.003944594172791315,-0.03633563962703329,0.0008372149185225282
42.299576,0.004207437995650993,-0.03649498694637475,0.0009359328672350423
42.319576,0.004244407692600492,-0.0365838214452065,0.0007042312355274407
42.339576,0.0018805382287254914,-0.03667239953378568,2.5093706374619237e-05
42.359576,0.0008512841494411838,-0.03718111748250133,3.3135664437083804e-05
42.379575,-0.0001341004659370774,-0.037071933333332606,-0.00024427692300492654
42.399575,-0.0004724920743287038,-0.037018063869499504,-0.0007563048950513948
42.419575,0.000181167599349107,-0.03702526666671062,-0.0014405706293438543
42.439575,-0.0011618393936554678,-0.03681419440563278,-0.001099102097867703
42.459575,-0.0022905573423597564,-0.03688191002333272,-0.0009352326339980327
42.479574,-0.002557596969399345,-0.03669922937065908,-0.0011482629370141353
42.499574,-0.003774077155875908,-0.03634293566436974,-0.0012926452214039555
42.519574,-0.0026688324006390787,-0.03629197995339745,-0.0012483561771207286
42.539574,-0.0027632846150886787,-0.03623242284382376,-0.001634113752887527
42.559574,-0.0013822356640661114,-0.036164264335648656,-0.0007992652679960548
42.579573,0.0010961326342979567,-0.036120558041955714,-0.00035858927731434475
42.599573,0.002947577855712139,-0.03666060466199779,-0.0005959785547270327
42.619573,0.004168789976920349,-0.036694870396248566,-0.0006229948717647115
42.639573,0.0030974146855496233,-0.03662377482514434,-4.502284375888693e-05
42.659573,0.001426155944304782,-0.0366896256409932,-0.0004019925407442379
42.679572,-0.00043053403236529403,-0.03673382144519349,-2.730722602227574e-05
42.699572,-0.0015059419577452217,-0.036628599999982775,-0.00022882237755441945
42.719572,-0.0014136109553892185,-0.0366249636363487,-0.0006074937062438519
42.739572,-0.0010215363632895518,-0.03651249277387825,-0.0002863981351348049
42.759572,-0.0008402076919729539,-0.03677048811188048,0.00018793752925038852
42.779571,0.0012779275061649093,-0.03670601258742358,0.000520105361422292
42.799571,0.0034219834501829855,-0.03652957902098708,0.00034737808865304554
42.819571,0.004554244522442122,-0.036451397202787464,0.00041558321685451527
42.839571,0.005066389044569335,-0.036386618647997554,0.000776538927838077
42.859571,0.00537508368326106,-0.0363368517482079,0.0003092895105556901
42.87957,0.005291517249696257,-0.03656738787872327,0.0006126694639525062
42.89957,0.004906575524754379,-0.03669347179482169,0.0003221333333935858
42.91957,0.004226132634319102,-0.03656540652676388,-0.00012341445217782954
42.93957,0.00503403473225961,-0.03677836689973407,0.00027740139864579626
42.95957,0.003416179254405634,-0.03698326200463393,0.00026455757581585074
42.979569,0.0028033820516063786,-0.036801327272713326,-0.000324929603700433
42.999569,0.0020308645690687416,-0.036312772494174604,-0.0008364680652485566
43.019569,-0.0003007904425909889,-0.03647580279718762,-0.0009671207458930864
43.039569,-0.0007509536127793863,-0.036397737529115924,-0.0016287990675724797
43.059569,-0.0008851261069825436,-0.03626484708622709,-0.0017767244754970082
43.079569,-0.0024954524473242714,-0.03604491701630638,-0.0011119459206976488
43.099568,-0.0037749629368288833,-0.0354181337995612,-0.001359964568735131
43.119568,-0.0034571074589443283,-0.03552267925410399,-0.0013998247086096458
43.139568,-0.002772562004368085,-0.03581195664339622,-0.0008324820512434555
43.159568,-0.002156641258438863,-0.036289206060622616,-0.0006752559440051393
43.179567,-0.0017947298365221433,-0.03665727132867552,-0.0007222023309363499
43.199567,-0.0008092519810588273,-0.03665790069928582,0.00011486060618783414
43.219567,-0.0017930515148713794,-0.03664006853143454,6.171375304160148e-05
43.239567,-0.0004963382281448623,-0.03662538321676616,-0.0003634610721372692
43.259567,0.0016466920748628823,-0.03659424102563476,-4.015104880611067e-05
43.279566,0.0026596291377886886,-0.03649074452214515,9.404475538637741e-05
43.299566,0.0027745941727676904,-0.0362511174825295,7.32289045504702e-05
43.319566,0.002666295804485165,-0.036411886713302526,0.0002592428905606942
43.339566,0.001853755011935695,-0.03640850675991786,0.0009705249418563821
43.359565,0.0020024962706766646,-0.03658041818179964,0.0010746041959240858
43.379565,0.0006116571098456743,-0.03638510349649312,0.001867820979149574
43.399565,-0.001020837062652968,-0.03638279580416634,0.001858963170282328
43.419565,-0.002576944288726969,-0.03572030163169065,0.0012477743590778637
43.439565,-0.0007549862467578484,-0.03609428764570023,0.0007118769231697251
43.459565,0.0008593027975386984,-0.03633992867135285,-0.00019870582744447522
43.479564,0.0038741046623329617,-0.03656673519815916,-0.0004666545453961596
43.499564,0.002748113986334219,-0.036788040559471824,-0.0007253025640732763
43.519564,0.003975200233421865,-0.03653433426575894,-0.0011013165500914047
43.539564,0.005023708391917471,-0.03672410116550147,-0.0007253025640605562
43.559564,0.005700794638992919,-0.036749159440544174,-0.00021642144516677622
43.579563,0.004181657109867887,-0.036575849417231805,0.0009311076923807093
43.599563,0.0025900254082488598,-0.03624496363633554,0.000651643822915916
43.619563,0.0036768086250379,-0.035650558041945064,0.000520991142261846
43.639563,0.0035366221448433605,-0.036441956643360134,0.00036376503503783965
43.659563,0.003027904196137249,-0.036580441491884906,-6.362424237215254e-05
43.679563,0.0031832655014836717,-0.03693011515155713,-0.00014245874121590705
43.699562,0.001930375058571648,-0.037020534731990636,-0.0011721790209874984
43.719562,0.0027827060609067985,-0.03680204988349135,-0.0017722955711100264
43.739562,0.0027109578091473003,-0.036923028904443184,-0.001715162703957633
43.759562,0.0017176477858424407,-0.03708841351980246,-0.0011832512820100748
43.779561,0.0007955032637147396,-0.03705589603726107,-0.0005282163169535551
43.799561,0.0006723331005545058,-0.03666426433562808,-9.462657332324066e-05
43.819561,0.00177011864835149,-0.036617364568729605,0.00024418461549644704
43.839561,0.0010856897439513926,-0.0366279706293322,0.0005564223777408984
43.859561,0.002349559207812598,-0.03640871655010645,0.0005232055945136378
43.87956,0.003604920513155325,-0.03639228298367462,0.0009373081586121615
43.89956,0.0054769251751311,-0.03605454405593243,0.0003898955711559333
43.91956,0.005008300466492265,-0.0363364088577974,0.00021273939398592452
43.93956,0.004767298135469816,-0.036724847086211584,0.0002304550117214758
43.959559,0.004348929837098307,-0.03714990536127048,-0.00019427692301615256
43.979559,0.003896272494453835,-0.03743137389272799,0.0003704083916946338
43.999559,0.0036081839163733882,-0.03759223636358077,0.0005413641026543906
44.019559,0.002743102331290167,-0.03748899627035117,0.0002667720280517422
44.039559,0.002412636130827789,-0.03689755104891783,0.0003553501166261464
44.059559,0.0027520300702038457,-0.036483658275066194,0.0004040680653520063
44.079558,0.00018776433593289832,-0.035797900699334424,0.0005413641026331903
44.099558,-0.0002704874123210055,-0.035509182750627255,0.00024905641029393066
44.119558,-0.0011498580416757455,-0.03594328531475266,0.00036420792546848165
44.139558,-0.0020503941721854795,-0.03575722470868375,0.00036863682991906477
44.159558,-0.0027545200462937677,-0.03565002191148608,-0.00041527925403079613
44.179557,-0.0027972473190138653,-0.03603216643361555,-0.00014511608386813055
44.199557,-0.002433191374959629,-0.03651470722611891,-0.0003045566433259086
44.219557,-0.0016930282048128091,-0.036570068531484604,-0.000215978554727654
44.239557,-0.00018281841460198616,-0.036725662937062475,0.0005236484849522301
44.259557,0.0009662258744229048,-0.03647822703964814,0.000634371095684148
44.279556,0.0008012608394424091,-0.036388833100246695,0.00010024522152613825
44.299556,0.00234923286738426,-0.03643661864802555,0.0004124829837769497
44.319556,0.0018476011657454446,-0.03660563962704274,0.0006095692308754708
44.339556,0.002119699067861278,-0.03614589603729016,0.00017332214458392267
44.359555,0.003484081352219507,-0.0363682969696951,-0.0003780764568599158
44.379555,0.0038593494174840584,-0.036798087179494135,-0.0002828550116504477
44.399555,0.002130025408178507,-0.03673610582749278,0.0001002452214752574
44.419555,0.0026723097904659465,-0.036573868065265,5.3741725000129456e-05
44.439555,0.002046435664609534,-0.03673692167830392,-0.00013448671321418559
44.459555,0.0025338249420175036,-0.036954124475530745,-0.00012961491832925038
44.479554,0.0007076710958599925,-0.03709487039626741,-0.0009046731934060355
44.499554,0.0006804916086728058,-0.036706991608383165,-0.00047639813510560883
44.519554,-0.0012006505824836804,-0.03678041818178813,-0.0007465613052751642
44.539554,4.5619813791620244e-05,-0.036632236363605714,-0.0014551860139286987
44.559554,0.00202051491867632,-0.03625729463866986,-0.0019715962703665277
44.579553,0.002216598834775041,-0.03623104755243392,-0.0020003841491612255
44.599553,0.0031312841494793267,-0.03547503356642701,-0.0012470275057720913
44.619553,0.005441237529434447,-0.03535834358973538,-0.0014463282050656934
44.639553,0.004414081352274014,-0.03540843682983889,-0.0016527151514848925
44.659553,0.0033742445224437447,-0.035636432167844255,-0.0010525986013454043
44.679552,0.0016234519816554938,-0.03605638554777988,-0.0010508270395799052
44.699552,0.0027827526809389904,-0.036232749184129664,-0.0008338107225661225
44.719552,0.0008731023312731808,-0.03666552307688047,-0.0008369109556707185
44.739552,0.0002992561774140843,-0.036990558041906776,-0.0004515962703488724
44.759552,0.0006419368300992967,-0.0366402783216279,-6.04848482197767e-06
44.779551,-0.00017745710928601742,-0.03708048811183134,3.824055945594938e-05
44.799551,0.0010461792543567448,-0.036992772494121466,0.0005435785548240314
44.819551,0.0014716804198521216,-0.037206525407872136,5.329883453821698e-05
44.839551,0.0013783937065619005,-0.037358390209760034,8.252960377097684e-05
44.85955,0.0018949904431581777,-0.037489975291348385,-0.00011411375284549117
44.87955,0.002966855245046859,-0.03783794731931957,-0.0006632979020370078
44.89955,0.004302985781181738,-0.037630488111881695,-0.001565022843803573
44.91955,0.001762286480500406,-0.03762731794871106,-0.0016186125873963479
44.93955,0.0006250137532162963,-0.03714873986012489,-0.0012062815850506028
44.95955,0.0006999554781649153,-0.03624363496502559,-0.0005043002330528026
44.979549,-0.0007305107223149682,-0.036106641958023884,-0.0002518526806066079
44.999549,-0.0027687158505486018,-0.03590300559439709,0.00016977902104020463
45.019549,-0.002634007225872149,-0.03605587272726994,-0.00015175944050372433
45.039549,-0.0007547065265821856,-0.035901816783218694,-0.00026203916079016
45.059549,-3.0254312140575714e-05,-0.03601922937061681,-0.0005127151514570755
45.079548,-0.0003392519811282039,-0.03653368158505013,-0.0012390554778249608
45.099548,-0.0001695783214382511,-0.03684487039623609,-0.0018546731934688785
45.119548,-0.0009949862468345582,-0.03731643216777489,-0.0018010834498533132
45.139548,-0.00020524265708091476,-0.037120884382225786,-0.0019268643356261583
45.159548,0.0009195125876833954,-0.03713682843817093,-0.0007842069929238575
45.179548,0.0004591163172866735,-0.037136572027913047,-0.000359032167756117
45.199547,-0.0005806039624395305,-0.036846478787831406,0.00043595617724441016
45.219547,0.00033748461564723717,-0.03650535990672999,0.0005267487180356258
45.239547,0.0005041979023784606,-0.03598699160835338,2.185361310242577e-05
45.259547,0.0002927759909831193,-0.035842912354284905,0.00011043170169909046
45.279546,8.091118912003541e-05,-0.03601897296034674,-0.0005317594405115833
45.299546,0.0011122165504483263,-0.03594053473192369,-0.0008240671328222226
45.319546,0.0016465988348403687,-0.03592528997669252,-0.0012005240092932534
45.339546,0.0028332888115134226,-0.03602505687646458,-0.001501689510466898
45.359546,0.0032446407928571775,-0.036103868065271306,-0.0013404773892595212
45.379545,0.0033418435900498854,-0.03638941585080996,-0.001183251282035515
45.399545,0.0034328226110276402,-0.03626030163170371,-0.0005078433566283212
45.419545,0.0031062958044920604,-0.03619925268065519,-0.00011632820509834316
45.439545,0.003077717715896553,-0.03616137389273954,-0.0008032512820313661
45.459545,0.003232472960645865,-0.03650878648015587,-0.0004910135197657145
45.479544,0.0025854566436174287,-0.03672755104892568,-0.00047994125867794745
45.499544,0.0023173214455035856,-0.03695843682980624,2.2739394029430964e-05
45.519544,0.002771144289337647,-0.03685939254076503,5.1527272799218324e-05
45.539544,0.004703661771839886,-0.0372090428903981,0.00035224988354328086
45.559544,0.004203358741545468,-0.03714284242421373,0.0007331356644378644
45.579543,0.004319955478147281,-0.03736556969695319,0.0009948839162036772
45.599543,0.0033501419583278325,-0.036594986946404236,0.00045234312364139434
45.619543,0.004068836596993542,-0.03638121072264303,8.695850825018039e-05
45.639543,0.00406659883474765,-0.03626636223779619,-0.0011819226106911179
45.659543,0.0029393727275049356,-0.036319019580466336,-0.0013524354312117524
45.679542,0.001322706060847899,-0.035881280652734944,-0.0017798247086217448
45.699542,0.001475013753173329,-0.035890371561818804,-0.001004323543105837
45.719542,0.002585246853419298,-0.03578678181820651,-0.0015535076923143141
45.739542,0.003895106993282797,-0.03620776083916148,-0.0015003608391479413
45.759542,0.004520141958336618,-0.03651230629371026,-0.000804579953308982
45.779541,0.004994920513107403,-0.03676314545452509,-0.0006827850814882369
45.799541,0.0040212608394520405,-0.03689274918412809,-0.0010038806525935742
45.819541,0.003926482284654134,-0.037782446153821786,-0.0007315030302114469
45.839541,0.0028716571098532217,-0.037778040559416186,-0.0012651860139266246
45.859541,0.0016279508161381997,-0.037474707226095555,-0.0007625053612261363
45.87954,0.0012982771564594717,-0.03717957902097417,-0.000707144055904963
45.89954,0.0015630557112209062,-0.036984241025631144,-1.8449417193720677e-05
45.91954,0.00188249627065209,-0.03692687505824836,-0.0004639972027529458
45.93954,0.0019989997671709687,-0.03683083776221821,-0.0005685193472878621
45.95954,0.0016394892776697904,-0.03691682843820432,-0.00021199254073262321
45.979539,0.0007934986016541883,-0.03666939254075129,-0.0001964913752387939
45.999539,-0.0004596249414500665,-0.03674853006988778,-0.00036257529134859604
46.019539,-0.0016592752911111929,-0.03748738787875903,-0.00030721398598820214
46.039539,-0.00203109347291761,-0.03705953240090786,-0.001270500699317463
46.059539,-0.002231699533542958,-0.03682580279719172,-0.0009077734265896028
46.079538,-0.000806524708374481,-0.0362926559440516,-0.0008103375291649133
46.099538,-4.6198368051796756e-05,-0.03570920606059394,-0.00018143310020687713
46.119538,-0.00025773682959678444,-0.03504139720278571,-0.0002770974358655378
46.139538,-0.0011968510486995692,-0.03491496363633374,0.0001502918415418045
46.159538,-0.0012040072258344984,-0.03488032494168445,0.0006977044289895525
46.179538,-0.0017761284379597584,-0.03477855337992444,0.0007951403264285521
46.199537,-0.0031768277386371242,-0.03523293566431388,0.00045854358980076547
46.219537,-0.0023416296034583653,-0.03623876317012953,0.00022204009328593232
46.239537,-0.001752795104626505,-0.03626936923073517,-0.0006880997668976261
46.259537,-0.00010911212094186044,-0.03652170023308684,-0.0002297081585005051
46.279536,0.0026616804198544026,-0.03658351841492066,-0.0003200578088398781
46.299536,0.002117671095843726,-0.03642752773892685,-0.0004042069929689993
46.319536,0.002319838927983971,-0.036695243356620055,-0.0008090088577839456
46.339536,0.0029040580422105104,-0.03700757435893154,-0.00040509277386049393
46.359536,0.0035862491844166557,-0.037088763170124724,-0.0009857221445127122
46.379535,0.0021627759909274933,-0.036873262004616436,-0.001362179020987453
46.399535,0.0009060160841605461,-0.03670032494166443,-0.0012842303030378432
46.419535,0.0013372282053545795,-0.03630235291368169,-0.0016407571095475013
46.439535,0.0004892561773933685,-0.03587309883444764,-0.0016699878787728411
46.459535,0.0008347340328777317,-0.036085919347279394,-0.0006424820512069307
46.479534,0.0005779741261327205,-0.036319648951013556,-0.0004166079253047018
46.499534,-0.000517224009060593,-0.036760674592051984,-0.00031474312345168966
46.519534,-0.0010311867130130582,-0.03754545314681762,-0.00015353100224855295
46.539534,-0.0013681330999498619,-0.03757102424240895,0.00019369510498229783
46.559534,-0.0013503475521482672,-0.0383480172493965,-0.0001079132866426594
46.579533,-0.000712678554472171,-0.038302795804168926,-0.00022040745916445667
46.599533,0.0011402818184957375,-0.03755200326338194,3.2040093298698314e-05
46.619533,0.0006408179490150413,-0.03698011515149767,-0.0006991720279461724
46.639533,0.0013244543126351986,-0.03623769090908435,-0.0005198013985747225
46.659533,0.0005136384618312255,-0.03633692167832059,-0.0002828550116011568
46.679533,0.0007968086250093848,-0.03631510349652357,-0.00023192261066060554
46.699532,0.00400713496532738,-0.03629605920750775,-0.0004112932400278154
46.719532,0.0030934519816478044,-0.03626582610726989,0.00019945268074971729
46.739532,0.00434818391634897,-0.03647706153850201,0.0009306648020184382
46.759531,0.005080771328941809,-0.03680995198137509,0.0006538582752074586
46.779531,0.005742472960635445,-0.03700181678321076,0.0004656298369798933
46.799531,0.004471796969935606,-0.03678843682980455,4.709836843926662e-05
46.819531,0.0006297689978991146,-0.03684869324004716,-6.761025629669208e-05
46.839531,-0.0004156622375321063,-0.03638214312349464,-1.4463403168479843e-05
46.859531,-0.0031323755242414902,-0.03703678181812356,-0.000545931934675856
46.87953,-0.004810930302784617,-0.03706535990671854,-0.0006965146852616184
46.89953,-0.002442002563842913,-0.037080045221409175,-0.000824952913705767
46.91953,-0.0021665247083530103,-0.03697006853143879,-0.0004839272726888782
46.93953,-0.0009361051279234866,-0.0369457328670893,-0.0005100578088207523
46.95953,0.0006945708627488439,-0.036704450815807976,-0.0011987524475616748
46.979529,0.0016972748254520166,-0.03685848344983385,-0.0009352326340245331
46.999529,0.0011309578091348478,-0.03665195664331702,-0.0013023888111934365
47.019529,0.0014922165503957643,-0.03638612913749974,-0.0013023888111934365
47.039529,0.0023648272730028945,-0.03597424102563658,-0.0010946731934823111
47.059529,0.002971820279976568,-0.036073728205135464,-0.0009994517482394523
47.079528,0.001537997436146926,-0.036051350582761335,-0.0005144867132310547
47.099528,0.0019360627042062433,-0.03612864662004667,-0.0004768410255913718
47.119528,0.002061330769469682,-0.035939742191144285,-0.00020889230762484722
47.139528,0.0013609111890445507,-0.036199485780882404,-0.00011367086240530891
47.159528,0.002145293473418624,-0.0364578773892603,-0.00019117668993275677
47.179528,0.0016573680655039681,-0.03666447412584371,-0.0002137641025331028
47.199527,0.0012437317018540379,-0.03671563962700988,-0.0006920857808783464
47.219527,0.0022529158510300458,-0.03653337855475264,-0.0007385892773858049
47.239527,0.004250887879034638,-0.036313331934734745,-0.0007873072261021247
47.259526,0.004182612820770834,-0.03657671188812019,-0.0006854424242056517
47.279526,0.0033278342660054403,-0.03652619906761141,-0.0006765846153315161
47.299526,0.003050375058546608,-0.03672633892775477,-0.0006455822843157668
47.319526,0.002990444988606194,-0.036738366899770405,0.00010113100246003358
47.339526,0.003306458974619455,-0.03721547645688274,-0.00024653799519933913
47.359525,0.004226249184413098,-0.03730853006990176,0.00012593286728143117
47.379525,0.0036761093242666937,-0.03756519673655959,-0.00031695757564200074
47.399525,0.004327647785800027,-0.03776853006988572,-0.00017036083903695866
47.419525,0.003774780652957616,-0.03797762097897343,1.1667132989364674e-05
47.439525,0.004449162937367199,-0.03808170023306604,-0.0009277034964322535
47.459525,0.0011867853149862353,-0.038158809790186564,-0.0010982163169682584
47.479524,0.0023194426576379924,-0.03785997529135394,-0.0005601044288491387
47.499524,0.002076342424530888,-0.03778288904426144,-7.513939388049143e-05
47.519524,0.0005133820515669828,-0.03735512680649003,0.0004009678322315103
47.539524,-0.0002973172491207341,-0.03689494032631953,-9.329790207424516e-05
47.559524,-5.235221417102605e-05,-0.03633424102560377,0.0003363058275265881
47.579523,0.0004299554781453974,-0.03614577948715694,-2.553566431931785e-05
47.599523,0.0001675545457423325,-0.03616682843820098,-3.8822377575665654e-05
47.619523,-0.001793564335378665,-0.036228833100197505,2.0524941781348906e-05
47.639523,-0.0014589023307072257,-0.036233518414886354,3.5583216861496535e-05
47.659523,-0.002196920978751509,-0.03663748111884571,0.00042089790220401315
47.679522,0.0003985102566778061,-0.036996478787831646,0.0009302219115528156
47.699522,0.001541820280003579,-0.037205593006941554,0.0005271916084943582
47.719522,0.0006564822846726885,-0.03712132727269777,0.0005829958042806241
47.739522,0.0005414240096171129,-0.03674629230768958,8.03151515430352e-05
47.759522,0.0026242678324276208,-0.036820931002331164,0.00015604941727159348
47.779521,0.0032155498837151643,-0.03652978881122178,-0.00010259860137796291
47.799521,0.0029748039629611976,-0.036361024242460876,-0.0010565846153743554
47.819521,0.0027214240095717063,-0.03594843682988958,-0.0008307104894726565
47.839521,0.002387088345252814,-0.03571149044294888,-0.0008081230768723106
47.85952,0.0018670184151672012,-0.036094427505882674,-0.0008811999999459954
47.87952,0.0013461792543593507,-0.036269369230794005,-0.0007594051281300204
47.89952,0.002176342424527517,-0.03679300559440842,-0.0008617128204592554
47.91952,0.000373755011941601,-0.0367444741258691,-0.0004896848484186671
47.93952,-0.0002394617712740553,-0.036780138461501695,-0.00024210909082772737
47.959519,0.0005971582753436953,-0.03717074452209096,0.0002517137530214156
47.979519,0.0002810743592702211,-0.036693122144450134,0.0001897090910063475
47.999519,0.0008655032637229798,-0.03666361165495162,-0.0007120158507384873
48.019519,0.0017126128208217778,-0.03646207319343544,-0.0009848363635835869
48.039519,0.0018228226110321,-0.03623200326337927,-0.0016053258741124397
48.059519,0.0033772981354869983,-0.03631102424239843,-0.001382109090901125
48.079518,0.0028022864804611034,-0.036558366899735656,-0.0010255822843580765
48.099518,0.0031609578090881388,-0.03682969557107625,-0.00046089696967909047
48.119518,0.001060934499062016,-0.036946968298353415,0.0003832522145166294
48.139518,1.830046643365598e-05,-0.037203774825148105,0.0009368652681799295
48.159518,-0.0010148930067732098,-0.03702612913753063,0.0007659095572212325
48.179517,-0.002359671561535863,-0.03670142051282031,0.0011180074593232384
48.199517,-0.0026473405591702285,-0.03651225967367117,0.0007194060607074138
48.219517,-0.0031126785545131583,-0.03620438088577893,0.0001042312354914883
48.239517,-0.00289892564075242,-0.03638701491841827,-0.0007899645687437482
48.259516,-0.0026128650346921747,-0.036365033566424565,-0.0007695916083967839
48.279516,-0.002879158740997796,-0.03684752773891746,-0.0007673771561826226
48.299516,-0.0027518627036977245,-0.03691813379953183,-0.0002049062936950078
48.319516,-0.0029287624705796396,-0.03737552307690847,0.00035933613059255655
48.339516,-0.0019316296034440979,-0.03728079114217668,0.0003305482518307195
48.359515,-0.0017553125871312717,-0.03725927599068193,0.00046120093251924
48.379515,0.0013150603732670963,-0.03695253939395868,0.0008757463870849762
48.399515,0.00310468741288879,-0.03643079114220163,0.0008288000001410456
48.419515,0.003940002098182745,-0.03646890303029679,0.0007818536132034749
48.439515,0.0035702118883732094,-0.037091723543102535,0.00030308904441433916
48.459514,0.0026067620048992103,-0.03717834358972861,0.00023444102574247678
48.479514,0.002327065035206675,-0.03766515011653569,-7.336783209379216e-05
48.499514,0.0005407480188855877,-0.03773626899767588,-0.0005357454545219843
48.519514,-0.0019049163167738753,-0.03796167692309242,-0.000960920279718345
48.539514,-0.0026824687643152156,-0.03795468391611388,-0.0009498480186480684
48.559514,-0.0032568743587015996,-0.03781421771563981,-0.00040332121210294534
48.579513,-0.0015860118878340082,-0.037152026573454185,0.0004102685314922973
48.599513,-0.0017559419577574632,-0.03693512680654182,0.0004700587413234147
48.619513,-3.878578060174378e-05,-0.03650738787877458,0.0005878675991708595
48.639513,-0.0011344034962289485,-0.03606619906757498,0.00019369510498547785
48.659513,0.0005603517485378744,-0.03564755104891068,-0.00017833286705299035
48.679512,0.001765386713607652,-0.035744567365935925,-0.00041306480178059416
48.699512,0.002034757342960167,-0.035549555710946514,-0.0008975869463291993
48.719512,0.0029060860142996123,-0.03558752773892973,-0.001280687179436354
48.739512,0.004444454312654562,-0.036065756177131085,-0.0012341836829426757
48.759511,0.0041432421914328246,-0.0363290662004383,-0.0011075170163032464
48.779511,0.0035770650352503937,-0.03659657202793602,-0.00017434685311944062
48.799511,0.002860514918710011,-0.03706391468528703,-0.00023900885777878233
48.819511,0.002687834266031788,-0.03717685174821509,-0.0008346965034931277
48.839511,9.38482520615356e-05,-0.036999485780842715,-0.0006570974359062571
48.85951,0.00044018857843693246,-0.037245196736546526,-0.0009981230769273858
48.87951,0.000837298135574222,-0.03734251608392069,-0.0006526685314413639
48.89951,0.002466645454911696,-0.03707638554779796,-0.0002673538460898372
48.91951,0.0044158062940825825,-0.03725428764570512,-0.00012607179478659196
48.93951,0.005220771329026131,-0.03789018508159716,-0.00016106013977829157
48.95951,0.006572775991024208,-0.03812573286716824,-0.0002806405593795752
48.979509,0.006603941492180455,-0.03814920606062775,-0.0001566312353690492
48.999509,0.005424734032936576,-0.03812151375295713,-0.0006221090908901773
49.019509,0.004029023077207931,-0.03744661864803919,-0.0013909668997784405
49.039509,0.00346762447579676,-0.03660862331003479,-0.000812551981344624
49.059509,0.0018957596739312967,-0.03643694498834789,-0.0016744167832250143
49.079508,0.00038755454572961495,-0.03607356503496528,-0.0014795449883332347
49.099508,6.438438257082453e-05,-0.036497248018631696,-0.0009215030302257117
49.119508,-0.0014381097899120602,-0.03723918275057423,-0.0009215030302140515
49.139508,-0.002518226340020526,-0.03754065128206445,-0.0004431813518847085
49.159508,-0.0009100212118100248,-0.03723412447555363,2.5839627145157144e-05
49.179507,-0.0013312566430684573,-0.03687911282055318,0.00024949930082527444
49.199507,-0.000334030535864821,-0.0362506279721043,0.00016756456885784368
49.219507,0.0011480673662425485,-0.035523518414979194,0.00038236643365799523
49.239507,0.0035180906762521482,-0.0352767118881725,0.0008939048952257292
49.259506,0.002153009091168293,-0.0353124694638875,0.0003376344989261058
49.279506,0.0019258529140307105,-0.03503321538459646,0.00020476736605787437
49.299506,0.0019007713289764098,-0.035584940326296374,0.00014453426584063576
49.319506,-0.0004291820509854555,-0.03604866993003286,-3.483636353028414e-05
49.339506,3.2589510799515176e-05,-0.036042586013976495,2.9382750672974977e-05
49.359506,0.0015743144525301933,-0.03595228298366719,0.00022204009334847336
49.379505,0.001712962471155175,-0.03616871655011878,0.00018439440569713024
49.399505,0.00287739137558785,-0.03639554638696052,-9.949836822301623e-05
49.419505,0.0038101419583435945,-0.03636433426576838,9.980233109496619e-05
49.439505,0.004114547552743322,-0.036450488111927304,0.00023975571105752408
49.459505,0.003950188578374246,-0.036895056876485074,8.518694645394089e-05
49.479504,0.003966412354601582,-0.03684379813522007,-0.00065001118877006
49.499504,0.0023443377625216545,-0.036959648951061935,-0.0004259086246608905
49.519504,0.0007285102566613798,-0.03722174685317811,-0.0005339738927135544
49.539504,0.0015586268067729735,-0.037177364568785454,-0.0011008736596538724
49.559504,0.0012273447554915042,-0.03726307552446657,-0.0010300111887704987
49.579504,0.0011864589745780377,-0.03736612913752606,-0.001561479720271515
49.599503,0.0009465755247029154,-0.037610301631683635,-0.0010964447552117697
49.619503,0.0021325662006985743,-0.037195499766890766,-0.0004998713286149396
49.639503,0.0020540813522443983,-0.03740657202794899,-0.0002341370628837769
49.659503,0.0021991163172693515,-0.03791328531467246,-0.0002832979020763195
49.679502,0.0019168319350134264,-0.037489415850799374,-0.0005206871794667472
49.699502,0.00042885990705842216,-0.036971956643348625,1.0781352015718865e-05
49.719502,0.0013224729606667986,-0.03714468391606859,-0.0005034144522042388
49.739502,0.0009873447555488865,-0.036807201398591706,-0.0006562116550052222
49.759501,0.0023561326343349777,-0.036570721212109664,-0.0009418759906643673
49.779501,0.001874780652941112,-0.03654193333332557,-0.0011611067599023815
49.799501,0.0006861326342852792,-0.037038530069916156,-0.0004369808857444176
49.819501,0.0009232188813670808,-0.0369396023309912,0.0002650004662523226
49.839501,0.0019119601401316722,-0.03747871655011913,0.0009355365968249321
49.8595,0.00045170372987319055,-0.037269998601402905,0.0010639748252531805
49.8795,-0.0002399279717422584,-0.037083168764570414,0.0013961426574489347
49.8995,-0.0011431214449370767,-0.03691822703962165,0.001688450349777064
49.9195,-0.000869438461254474,-0.036902096503482015,0.0011791263404457518
49.9395,-0.0009372939390928665,-0.03645566293705939,0.0006742312355544225
49.959499,-0.0006229815848013205,-0.03618941585079126,-0.0006632979020311778
49.979499,-0.0023206272724719595,-0.03629396130530543,-0.000991036829798079
49.999499,-0.0028773172491408133,-0.03636515011649259,-0.0008271673659220486
50.019499,-0.001557037528846941,-0.035985802797157504,-0.0006455822843523374
50.039499,0.0006117736600000911,-0.03643542983679204,-6.716736591375066e-05
50.059499,0.000531237529467481,-0.036332982284353506,-0.00042369417246633945
50.079498,0.002246762004991378,-0.0366772713286563,-0.0003506172493751645
50.099498,0.0035650370632655097,-0.03647302890441066,-7.377156098003644e-06
50.119498,0.004152845921063719,-0.0366984135197997,-0.0002159785546762431
50.139498,0.004877764335969292,-0.037025942657306465,-0.000307213985900751
50.159497,0.0034440813522611364,-0.03718456736591759,-0.0003138573425326347
50.179497,0.0033659228440773557,-0.03733549976682403,0.00012681864815596554
50.199497,0.002461890210039135,-0.037220091841411736,0.0005568652682059911
50.219497,0.0009042212123521852,-0.03686929930063035,0.0002069818182889962
50.239497,0.0007139648021028282,-0.037035709557033336,9.891655020188157e-05
50.259497,0.0005074379955844033,-0.03672104755239461,-0.0010995449883243157
50.279496,0.0008032655014414798,-0.03666009184144493,-0.0013387058275173428
50.299496,-6.63615381810205e-05,-0.03643032494167936,-0.001037540326344758
50.319496,-0.0006005806523959945,-0.03630659533794838,-0.0010729715617623296
50.339496,-0.0004940538458540572,-0.0362381571094879,-0.0009573771561528966
50.359496,-0.0006551261069139766,-0.03592659533794529,-0.0006579832167362706
50.379495,-0.0012544734262686858,-0.03572617575751867,-0.0007447897435616061
50.399495,-0.001933750815541934,-0.03578647878781627,-0.0006318526806377873
50.419495,-0.0019251261069342309,-0.03599967226103328,-0.000847097435879711
50.439495,0.00011140069958185837,-0.03640549976686439,-0.0008807571095360237
50.459495,-9.158740972654161e-06,-0.03680456736593676,-0.0007815496503097947
50.479494,0.0009951536133215992,-0.037211979953355304,-0.00013492960366178792
50.499495,0.0010727526808848107,-0.03749542983679605,0.0004098256411263164
50.519494,0.0017768552449979377,-0.0370624461538132,9.094452222984073e-05
50.539494,0.0010987666669115591,-0.036739066200410696,-0.0002305939393183285
50.559494,0.001244803962956453,-0.0363373878787395,-0.0001885193472635731
50.579494,-2.223566406532189e-05,-0.03630058135192679,-9.506946382331399e-05
50.599493,-0.0007605340323467479,-0.03638948578084314,-0.00012119999996896817
50.619493,-0.0012629116547380808,-0.036711933333312415,-0.00019427692303682287
50.639493,-0.0009071773890131322,-0.03643640885779668,0.0003792662005486293
50.659492,-0.001528785780621471,-0.03658090769229905,0.0005590797203830517
50.679492,0.0007342212123870676,-0.03656703822844605,0.0008115272728308363
50.699492,0.001175666433815396,-0.036730558041972255,0.0008646741259722988
50.719492,0.0008862958044741551,-0.036152376223792144,0.0006742312355136118
50.739492,0.0003630324012004818,-0.03565615244755291,0.0007583804196925539
50.759491,-1.3237995046378554e-05,-0.03579237622377248,0.0012017137530333777
50.779491,-0.0005663615381699938,-0.03629985874124893,0.000960338461667
50.799491,-0.0015179233097339544,-0.03613887972028255,0.00021362517492193997
50.819491,-0.0006362916081217309,-0.03599822703962404,-0.0007430181817552967
50.839491,0.0012301186482795942,-0.03567263263402646,-0.0004259086246508204
50.859491,0.0007947340328992202,-0.03603440419579891,-0.0012474703962647446
50.87949,0.003692542890740391,-0.03668263263403163,-0.0011212466200400573
50.89949,0.004242775990975561,-0.03695522004663203,-0.001258985547790044
50.91949,0.0036415172497312152,-0.036700348251744924,-0.0008869575757330252
50.93949,0.002056808625004006,-0.03631214312353357,-0.0005636475524045169
50.95949,-0.00013971818152470937,-0.0365475277389244,-0.0002890554778045187
50.979489,-0.0020918393936771155,-0.03669741118879778,-0.0001916195803368984
50.999489,-0.0024682496500989934,-0.03605612913752677,-0.0003156289043574947
51.019489,-0.0003495783214247628,-0.035902446153828455,-0.000621223309963702
51.039489,-0.00036943846127875145,-0.036399509090877184,0.00033099114228362194
51.059489,-0.0013978067596540746,-0.03687277249414247,7.987226114843373e-05
51.079488,0.000906365734554895,-0.03757356503492584,0.00032789090917955576
51.099488,0.00040832377650948013,-0.037424310955671225,0.00028094452222502493
51.119488,0.0001342911424728098,-0.037436478787824246,0.0008682172495282074
51.139488,-0.0010233079251308417,-0.03699559300695659,0.00039875338003483916
51.159487,-0.0015633312351517874,-0.03692496363635184,0.00021273939402408518
51.179487,-0.0030847065265179417,-0.03698489370629119,0.0003101752914959455
51.199487,-0.002381373193159913,-0.036821467132891916,-0.00023015104886118598
51.219487,-0.0014083662001137134,-0.03674755104897641,-0.00048702750573570344
51.239487,-0.0017566412583866274,-0.03709922937065619,-0.000392248950940447
51.259487,-0.0008241237758702844,-0.0363930755244959,-0.00029702750573786906
51.279486,0.00029885990711580636,-0.03617002191141872,0.00023266946398068785
51.299486,0.0001190230772417024,-0.03566328531466776,0.0004514573427663298
51.319486,0.0017447340329270829,-0.03563146713284352,0.0010298722612017367
51.339486,0.002317741025909917,-0.035558390209768774,0.0003921100234018952
51.359486,0.002092053380219668,-0.036166292307670975,0.0008305715618683839
51.379485,0.0014343843825691564,-0.036717341258725236,0.0005869818182655845
51.399485,0.000997997436184212,-0.03737013846153321,4.842703967713189e-05
51.419485,0.0007290696972766489,-0.03764055804195217,-5.565221439004153e-05
51.439485,0.0003685801867830213,-0.03768090769231072,-0.0004591254078711908
51.459485,0.0005845941728070741,-0.037205313286718195,5.50703963386964e-05
51.479484,0.000616039394234385,-0.0370860825174837,-0.00015973146845880504
51.499484,0.0005306314687892798,-0.03684692167832883,-0.0005410601397994009
51.519484,7.697179511214659e-05,-0.03654971888111901,-0.0004945566432781622
51.539484,0.0004250836832117016,-0.03675776083914665,-0.00046355431226665294
51.559484,-0.001342492074347603,-0.03722687505825892,-8.532587403701331e-05
51.579483,-0.001936058507913231,-0.03772211981350889,-0.0002292652679792315
51.599483,-0.0022132613051226613,-0.038398343589739946,-0.0005928783215959364
51.619483,-0.001508645920479458,-0.03885463729604235,3.646899775087112e-05
51.639483,-0.0007030048948356551,-0.03869009184150634,0.00019812400938835987
51.659482,0.00023177365995937166,-0.0386624694638954,0.0008093128205891144
51.679482,0.0016285335667258396,-0.03868855337997653,0.0011791263404038808
51.699482,0.0021444776226599545,-0.03804834358976924,0.0013983571096270553
51.719482,0.002602939161138489,-0.0372061757575875,0.0017508979021915038
51.739482,0.0032395358977286006,-0.03669090769231389,0.0017070517483458087
51.759482,0.0018532655014606705,-0.03662482377622986,0.0015498256411170326
51.779481,0.0027960860142407806,-0.03708764428906432,0.0008013407926271438
51.799481,0.002546528904668721,-0.037682049883474934,4.001212128239913e-05
51.819481,0.0022146174827610606,-0.038354893706296946,-0.00048215571091118903
51.839481,0.0009013074594717595,-0.038279718881127474,-0.001325862004615846
51.85948,0.00035230979048957287,-0.03822319207459233,-0.0010756289043530724
51.87948,-0.00020176946358628012,-0.038585732867127825,-0.0005680764567808988
51.89948,-0.0007760351978342173,-0.0374716769230729,-0.0007319459206855497
51.91948,0.00025711165531819595,-0.037013961305353775,-0.00047064055937475965
51.93948,0.00018464079283473148,-0.036425383216761774,-0.0005060717948188316
51.959479,0.000699349417524874,-0.036404031235414414,0.00019812400939578007
51.97948,0.002368160606304492,-0.03653596596734941,0.00043285594414405406
51.999479,0.0017844776226143206,-0.03705971888109387,0.0009160494173572725
52.019479,0.001020375058531837,-0.03719643216779006,0.00047493053622425004
52.039479,-0.0011031680649753878,-0.0372655230768984,-6.096689969077861e-05
52.059479,-0.0005104174822150706,-0.03728027832165562,0.0006325995338873785
52.079479,-2.655244438936954e-06,-0.03731559300697919,0.0001432055944586081
52.099478,0.000905153613400954,-0.03705067459208143,-0.00040819300697728035
52.119478,0.00326713496539049,-0.03670650209790284,-0.0003280298368018489
52.139478,0.0032439414921903833,-0.03662587272726875,-0.0008639272726977971
52.159477,0.004426086014302959,-0.03698062797202987,-0.0007664913752423673
52.179477,0.004908533566711718,-0.036997551048954205,-0.00023502284371485052
52.199477,0.0036892328673883744,-0.037446572027966196,-0.00023059393926744742
52.219477,0.0017004916086596174,-0.03693878648018059,-0.0007089156175925506
52.239477,-0.0005912799531097672,-0.03699601258739737,-0.0014423421910643027
52.259476,-0.0015556855475211636,-0.03715391468530255,-0.0010548130535341252
52.279476,-0.0013847997666306306,-0.03685887972026464,-0.0014693585081104617
52.299476,-0.0006764081582467084,-0.03690908951046214,-0.0015535076922936438
52.319476,0.0008215638697333996,-0.03622032494167743,-0.0012390554778482813
52.339476,0.0018225895107577175,-0.03623780745915821,-0.0017071906759908923
52.359475,0.003186878555027713,-0.03686587272723362,-0.0009409902097723427
52.379475,0.0025332655013916346,-0.0371288097901879,0.00038059487185380567
52.399475,0.0011096291377540248,-0.03738461398599551,0.001100291841573907
52.419475,0.00029286923100351294,-0.03689713146853747,0.0015675412588621238
52.439475,-0.0006328417247271982,-0.03701412447553243,0.001403228904543261
52.459474,-0.001868482750372404,-0.03718417109558751,0.0019794293707751064
52.479474,-0.0014282962701789683,-0.036810208391604884,0.0018797790211113451
52.499474,-0.0009009536128543605,-0.03681426433564105,0.001104277855551977
52.519474,-0.0005744034962753889,-0.03648934592070238,0.0003070750583235083
52.539474,0.0014804449885818416,-0.03651300559435002,-0.0002093351980957703
52.559474,0.0033593027974512324,-0.03724584941719597,5.0198601428850566e-05
52.579473,0.003242775990930833,-0.03746647878783277,0.00020078135202362317
52.599473,0.002924897203078148,-0.03741321538459094,0.0006175412588056409
52.619473,0.004211120979323088,-0.037132003263393984,0.0010050703963766288
52.639473,0.0037209578091508795,-0.037019998601393315,0.0011357230770624996
52.659472,0.0031217037299045456,-0.03687293566434074,0.0017876578090250234
52.679472,0.0020838482520559257,-0.03700475384615472,0.0011432522145943583
52.699472,0.00021314895135889523,-0.03725636223776016,0.0003394060607122751
52.719472,-0.0017025853143548,-0.037419206060569685,-0.00022483636354348876
52.739472,-0.0010620258738088084,-0.03741894965031815,-0.0005171440558551879
52.759472,0.00014974568795988712,-0.03741114079250516,-0.00032182937052534596
52.779471,-0.0001269909087755088,-0.03709403123539592,-0.0002930414917322382
52.799471,-0.0007543568761025062,-0.037141467132850915,0.00020786759916618052
52.819471,0.0005452235434812551,-0.03685431095568726,0.0001370051283008272
52.839471,-0.0003600911418697006,-0.03702738787878143,-1.8006526730218053e-05
52.859471,0.0005569717951749347,-0.03740897296037567,-0.00011367086243021938
52.87947,0.001092333100540346,-0.03807878648019887,-0.0007850927738651729
52.89947,0.0021449205131372374,-0.038229019580410424,-0.0012749296037198154
52.91947,0.0020038249420215918,-0.03854209650347548,-0.0014631580419473807
52.93947,0.0016979974361844626,-0.03872151375289344,-0.0013900811188456055
52.959469,0.0016734986016828204,-0.038469159440540246,-0.000493227971931115
52.979469,0.001703871562053828,-0.03798396130534121,-0.00037143310012998027
52.999469,0.0008004682986783696,-0.03797510349648138,1.1667132971344339e-05
53.019469,-0.0004373871791937178,-0.03765776083913592,0.0004430424243636469
53.039469,-0.0019016995335270532,-0.037666735198116766,0.0005112475525349061
53.059469,-0.002479205361042944,-0.03770284242420385,0.001029872261169406
53.079468,-0.0010413032631199667,-0.03732731794868248,0.0008664456877346178
53.099468,0.000423079021267752,-0.0373242410255847,0.0006870750583504478
53.119468,-0.0016736575754932059,-0.037281910023257224,0.0003885668998178964
53.139468,-0.0010767811186121311,-0.03719724801860015,0.00016269277394163808
53.159467,0.0007457596739202481,-0.036714404195776505,2.5396736663634077e-05
53.179467,0.0016605615387047495,-0.03636582610718702,-0.0002669109556321647
53.199467,0.0014556198137716434,-0.036311140792496144,7.681118976313823e-06
53.219467,0.0005704916086219237,-0.036136432167799305,-0.00021819300689729452
53.239467,0.001374058042163511,-0.03604109417246934,-0.00022262191133091736
53.259466,0.0015346641027716573,-0.03638207319344715,0.00012593286722472027
53.279466,0.0034714006995279394,-0.03662915944052968,-0.0005122722610221934
53.299466,0.003485899534041579,-0.037038483449851105,-0.0005454890442256036
53.319466,0.001913941492103251,-0.036907877389240354,-0.0010703142190968558
53.339466,0.004040025408199975,-0.03723482377619816,-0.0010220391608276084
53.359465,0.0034456664338544064,-0.037554334265715,-0.0011859086246787285
53.379465,0.0011002351984436937,-0.038139439160807066,-0.0006810135197465885
53.399465,-0.000635405827186245,-0.038350418181779714,-0.00015397389267283513
53.419465,-0.0034508137525954916,-0.038202376223756954,-7.602517471845522e-05
53.439465,-0.003493704195483649,-0.03758337855478243,0.0003070750584045999
53.459465,-0.002571466433240683,-0.03729573286714905,0.0002428559441674202
53.479464,-0.0005469209787149158,-0.03699002191144673,-0.0005685193472565916
53.499464,0.0007830324012382626,-0.03632827365969652,-0.0005680764568153494
53.519464,0.0021262724944817093,-0.03627256270397358,-0.0009445333333102308
53.539464,0.0036827993010060314,-0.036356711888119134,-0.0010951160839118932
53.559464,0.003955713053928236,-0.036699229370633635,-0.0016571440559699261
53.579463,0.0029415638697827674,-0.0371812340326303,-0.0013581930070205128
53.599463,0.0012526827508794792,-0.03728999860137414,-0.0008599412587361572
53.619463,-0.000838342890159501,-0.03721855337993864,-0.0005654191141906863
53.639463,-0.0006086692304917114,-0.03702857668996247,-0.0002846265733677159
53.659462,0.0004529158510907318,-0.03691866993004222,8.917296045851157e-05
53.679462,0.0005445708627342909,-0.03727496363633739,0.0005475645688826629
53.699462,-0.0005480631698992738,-0.037655756177118825,0.0009311076924469603
53.719462,-0.0007410468528955184,-0.037711117482481335,0.0011476811190422912
53.739462,-0.00039493962678337387,-0.03785016177153286,0.0007025762239094681
53.759461,0.0012161559443007318,-0.03833452074590704,0.000297331468623599
53.779461,0.00020755454570123305,-0.038263774825180744,0.0004058396271148553
53.799461,0.0002532421913843003,-0.03772025501167212,0.0006250703963576398
53.819461,0.001419256177395405,-0.03760563962706944,0.0005962825175719522
53.839461,0.0023122398603781197,-0.037619275990690995,0.0006073547786194386
53.85946,0.004667857576010545,-0.03701410116549487,0.0003677510490174999
53.87946,0.0035040347321829307,-0.037075872727251456,0.0008066554779474912
53.89946,0.0031703517484864504,-0.037346105827469035,0.0006671449884208754
53.91946,0.003112123310224292,-0.0374164787878159,0.00035224988351148024
53.93946,0.003238020746110213,-0.03768904289037078,-8.621165496931868e-05
53.95946,0.0020382771563661516,-0.037249532400865946,-0.00044495291373235874
53.979459,0.000322706060831793,-0.03700466060599758,-7.735384613599363e-05
53.999459,5.715827532109001e-05,-0.03639442750578087,0.0002548139860571103
54.019459,0.0013796058278011713,-0.03645570955708098,0.0006427860140502605
54.039459,0.0034640114222299293,-0.03627475384612209,0.0002729724942402639
54.059458,0.00601440769265424,-0.03607953240091175,-0.00016770349643349604
54.079458,0.005080514918748058,-0.03659685174823464,0.00032656223786483945
54.099458,0.004122216550434828,-0.03699244615384153,-0.00025362424233924636
54.119458,0.003137787645987074,-0.03771682843820914,-0.0006522256409439408
54.139458,0.0024423331005181525,-0.03778305221443214,-0.0008129948717095451
54.159457,0.0007646407928289572,-0.037242725874106285,-0.0013577501164965893
54.179457,-0.000518459440262165,-0.0374882969696706,-0.0012647431235081725
54.199457,-0.00033079044258520765,-0.036954986946381496,-0.0013426918414837527
54.219457,0.00047310233129461694,-0.03703757435899837,-0.0008178666666416509
54.239457,0.001904058042244224,-0.036708180419598654,-0.0012705006992952028
54.259457,0.0035572515154444974,-0.036447993939424064,-0.0008829715617745653
54.279456,0.0035266687648398496,-0.036270021911445564,-0.00043343776224151
54.299456,0.0037586501168407746,-0.03610787738930602,-0.00048437016317941136
54.319456,0.006172589510784903,-0.03636822703962376,5.948718252763883e-07
54.339456,0.006435433333633451,-0.03647489370626969,0.0004589864802600279
54.359455,0.006577134965357867,-0.03671612913749603,0.0002880307693145814
54.379455,0.00542102773925183,-0.03705999860135116,0.00041646899775608004
54.399455,0.00512650559473445,-0.03728771421907592,0.0003810377623231383
54.419455,0.003388533566743883,-0.03773326200463355,0.0005648372961515312
54.439455,0.0032116337998317583,-0.03741699160836452,0.0005648372961674316
54.459455,0.0020058529140555732,-0.037323868065256144,0.0008000121213383977
54.479454,0.0011986734268761333,-0.0369599286713171,0.0008598023311159841
54.499454,0.0008942911424911772,-0.0367967818181926,0.0003854666667631213
54.519454,0.001773871562058358,-0.03678815710955045,5.9499300790869474e-05
54.539454,0.0004853167834856511,-0.037161583682974446,-0.00010658461528713223
54.559453,0.0008045242426880328,-0.03743438088579788,-0.00039667785538466995
54.579453,0.0007607946389617735,-0.03726121072261867,-7.292494163770968e-05
54.599453,0.001651657109822802,-0.03717319207460653,-0.0004980997668308905
54.619453,0.00202885990702409,-0.0367016536130666,-0.0006823421910703152
54.639453,0.003282542890696443,-0.03650316876457513,-0.0006929715616855696
54.659452,0.0024799787881520053,-0.03671885641025299,-0.0006663981351225235
54.679452,0.0028897923079966937,-0.03645892634031031,0.00020609603740651152
54.699452,0.0019679741261674787,-0.0361349170162901,2.1853613138996236e-05
54.719452,0.0013669717951810172,-0.036171257342589025,0.0006312708625678919
54.739452,-0.0003461284379337688,-0.036369555710881234,0.0006113407926298396
54.759451,-0.0014267811185780708,-0.03680901958035918,0.0007840680653662255
54.779451,-0.0017786925404866473,-0.036774683916004205,0.0008815039628052253
54.799451,-0.001014286946090768,-0.03631074452209345,4.134079260771585e-05
54.819451,-0.00022023100202823775,-0.03650932261068481,-0.0001774470861742161
54.839451,0.00042624918446383143,-0.03681466060602519,-0.000520244288970384
54.859451,0.002199582517810166,-0.036812003263372965,-0.0008701277388714786
54.87945,0.0038312375294675266,-0.03672904289042541,-0.0005645333332748115
54.89945,0.004510375058575827,-0.03634284242422268,-0.00042546573422176843
54.91945,0.0034079508161396696,-0.03620286573424481,0.0004160261072814472
54.93945,0.0012755965037327302,-0.03645554638693253,0.0008859328671927372
54.95945,0.0024833121214286914,-0.0373843109556837,0.0009483804196426875
54.979449,0.003357344755465273,-0.037388460139825594,0.0009036484849399486
54.999449,0.0035060160841534497,-0.03754811048949104,0.0007752102565010998
55.019449,0.0027693494174969562,-0.03802081445217816,0.0013558396271718682
55.039449,0.0005570883452572699,-0.03786398461534042,0.0010697324010481607
55.059449,0.0010414006995653443,-0.03778650209785159,0.0005028326341210928
55.079448,0.0014780440562102914,-0.037747807459159774,0.00040096783225430054
55.099448,0.0013732888114630038,-0.03790678181814351,0.0004895459208398348
55.119448,-1.876247058605761e-05,-0.038220021911394134,0.0011879841493023973
55.139448,0.0004328692310199932,-0.03805752773891059,0.0008784037297276597
55.159447,0.0038331722613263526,-0.03802335524473374,0.00020255291386067325
55.179447,0.004202379720558319,-0.037301350582738806,-0.0002979132865959732
55.199447,0.0016784170165893481,-0.036991327272721766,0.0003385202798568211
55.219447,-0.00025470652654233187,-0.036692865734246315,0.000294231235568294
55.239447,-0.002821536363384158,-0.036596362237742666,2.849696980374071e-05
55.259446,-0.003705382517255064,-0.036860907692285894,0.00015870676000914827
55.279446,-0.005578669230549935,-0.037066711888091484,0.0006764456877463235
55.299446,-0.008051886013772843,-0.03750528997667582,0.0011734153847243042
55.319446,-0.007752655244533817,-0.037918390209757055,0.001663858275177117
55.339446,-0.00529340116527493,-0.037875662937039076,0.0009392662005795697
55.359445,-0.003036920978774069,-0.0377506279719933,0.0018488233101505783
55.379445,-0.0014050794869015495,-0.03770074452210065,0.0016781939395163381
55.399445,-0.0010370608388649328,-0.03756692167828601,0.002009895571230108
55.419445,0.0017609111891116265,-0.037638553379901685,0.0007584969697918493
55.439445,0.0038061326343396236,-0.037465359906719356,0.0003383104895850194
55.459445,0.00574177365997872,-0.03720510349647183,0.00041511701637571145
55.479444,0.0032993027975179163,-0.036943145454513715,0.0008277976690665138
55.499444,0.003511820280009773,-0.03716389137524239,0.0006711310023899355
55.519444,0.0032872748254747313,-0.03694570955705757,0.0005686834499344437
55.539444,0.0029278342660380065,-0.03724901958038039,0.0002791496504209045
55.559443,0.0018038715620843763,-0.03687363496499163,0.0013078442891493042
55.579443,0.0019541745924006645,-0.03713682843816616,0.0007100587413513636
55.599443,0.0015987433569610214,-0.03746934592068736,0.0010194993008077946
55.619443,0.002820398368608884,-0.037271910023262335,0.00033579300706382275
55.639442,0.0027348972031078747,-0.03694755104891667,0.0008578209790861036
55.659442,0.002839838928048592,-0.03653657202794812,0.0008170517482957831
55.679442,0.0005616337998368289,-0.0363893925407655,0.000699219580469608
55.699442,0.0018891862473426663,-0.03659729463867112,0.00042101445226726806
55.719442,0.0018167386949057727,-0.03637041818180195,8.07738932335285e-06
55.739442,0.0016048039629580956,-0.03681939254077857,-0.00013656130528831014
55.759441,0.0012698389279828012,-0.036779136130523624,-0.0003277967365163364
55.779441,0.002510235198383967,-0.037433401864792715,-0.0003543701630915727
55.799441,0.001405293473448873,-0.038214917016319086,-5.6001864738279106e-05
55.819441,0.002983288811479745,-0.03775386806527875,-5.419114163985662e-06
55.839441,0.002076528904729618,-0.03800654871794103,0.0005381939394482407
55.859441,0.0012989531471459459,-0.037530791142181504,9.241305364113359e-05
55.87944,0.000439512587702228,-0.03695165361303167,-0.00022623496502760033
55.89944,0.0005252235433886479,-0.036178063869440905,-0.0001355589743330303
55.91944,0.0014579508161285612,-0.03601002191140345,-0.0006159785547793593
55.93944,0.0016429857811479257,-0.036334683916065154,-0.0004898713286518475
55.95944,0.0019956664338259106,-0.03672312214450266,-0.0006000344988267973
55.979439,0.0035670417252046897,-0.036647690909101804,-0.0006511999999993304
55.999439,0.001659186247365791,-0.0373211407925506,-0.0009322023310114212
56.019439,0.001416995105185092,-0.037248110489538785,-0.0005732512820078499
56.039439,0.0007642212124167965,-0.03770114079256694,-0.0005473771561115984
56.059438,-0.0008893685311904065,-0.03767794731936047,-0.000320011188747795
56.079438,-0.0004670608388608303,-0.037137737529148215,-0.0012990554778128677
56.099438,-0.0004820025638268419,-0.036465709557111384,-0.0013130414917943113
56.119438,0.00039030512848756366,-0.036428530069924005,-0.0012246965034391686
56.139438,0.0012761792543638313,-0.036603914685273395,-0.0008153724940970646
56.159437,0.0006997456879503549,-0.035996828438180216,-0.000817237295995319
56.179437,0.0006994193476343783,-0.03552258601395693,-0.0009632745920407429
56.199437,0.00020629580451881084,-0.036368879720258894,-0.0008947431235153469
56.219437,-0.00014125664304497662,-0.036878296969716076,-0.000503134731886004
56.239437,0.0007473447555447878,-0.037344031235472294,0.00010304242431415894
56.259436,-0.00023682773866522328,-0.03782281911425977,0.0001620167832933247
56.279436,0.001618859907028903,-0.03771223636368008,-0.001080850349591545
56.299436,0.0020050603732014328,-0.03788918275058835,-0.00046290163163629046
56.319436,0.002522775990916417,-0.03766321538460478,-0.0005329482516783126
56.339436,0.0020229857811467746,-0.037231420512789715,-0.000511992540718799
56.359435,0.0002573214455126164,-0.03655249277384669,-0.0008548829836429522
56.379436,-0.00035955501136036416,-0.03633288904423931,-0.0006001044288414299
56.399435,0.0003256897439070552,-0.03643286573421639,-0.0008686125873813526
56.419435,-0.00015370419548707193,-0.03655589603725302,-0.000687377156139739
56.439435,-0.0006182962701151151,-0.03637820372956095,0.00010304242432210905
56.459434,-0.0028200911419293357,-0.036452819114172925,-0.0004486825173968951
56.479434,-0.0031210934729174315,-0.03677377482513557,-0.0007732745919957378
56.499434,-0.003999275291103852,-0.037010977622324616,-0.00022980139851771844
56.519434,-0.002660510722338411,-0.03724314545451315,-0.0004392186479388993
56.539433,-0.0011170375288464048,-0.037349765501152855,-0.0001371207458166577
56.559433,-0.0005743102561325633,-0.03721354172493858,5.777435909678336e-05
56.579433,0.000544873893033376,-0.03704300559442384,0.00019728484861279884
56.599433,0.001278789976963722,-0.03686762097906279,0.0006162358975507462
56.619433,0.002611680419861918,-0.03696274918419887,1.4347785660599407e-05
56.639433,0.0035605848487413245,-0.03682069790213204,0.0002022265735590074
56.659432,0.0010995125876820965,-0.036917993939408214,-0.00043038414907264465
56.679432,0.000827577855772482,-0.03754384475525886,-0.0008680298367597927
56.699432,0.0007667153849099713,-0.037839462470838844,-0.0008951860139274387
56.719432,0.003290911189111984,-0.03823270256406927,-0.0012280764568418589
56.739432,0.005899559207768174,-0.03824811048947857,-0.0009259785547540677
56.759431,0.006210608158813035,-0.03834335524471341,-0.00039404382280551844
56.779431,0.005967414685618225,-0.03828797062932128,0.00012413799538773932
56.799431,0.0073192328674546725,-0.03834720139855834,0.0006285668998257054
56.819431,0.008724547552778702,-0.03863097762232035,5.635244762493093e-05
56.839431,0.007905293473506395,-0.03791037156170194,0.0006848139861284747
56.859431,0.005170258508479719,-0.037468553379879865,0.0006786368299536641
56.87943,0.004892589510819047,-0.03753985874120925,0.0005169818182727146
56.89943,0.0036914006996291732,-0.03732678181814081,-7.47431234740914e-05
56.91943,0.0043361093243393135,-0.03681859999998538,-0.0006935076922611573
56.93943,0.004713824942047888,-0.03637752773894338,-0.0009341603729470292
56.95943,0.003775969464192186,-0.03599326200469646,-0.0010740205128118123
56.979429,0.002912239860446932,-0.035843588345034975,-0.0009528083915797669
56.999429,0.004864104662321315,-0.036070837762287825,-0.0011338340326004599
57.019429,0.004872123310329787,-0.03589172354316101,-0.0005780065267399588
57.039429,0.004142100000278677,-0.035535103496543506,3.222657354035841e-05
57.059428,0.0026304449886231014,-0.03634006853150772,0.0009355832169307955
57.079428,0.002109932168115327,-0.03715941585083753,0.0012888466201836997
57.099428,0.002280771328971018,-0.037865103496504696,0.001088030769351211
57.119428,0.001989838928042798,-0.03816195664335621,0.0013694993008468753
57.139428,0.0008773680655689559,-0.03822825034965691,0.0010525995339203892
57.159427,0.0002498622380627013,-0.038316711888102345,0.0006998023311033581
57.179427,0.0006124962707017972,-0.038006199067594906,3.6515617774053144e-05
57.199427,0.0015307946389988849,-0.03744337855476171,-0.000534230302993698
57.219427,0.0010748972030959994,-0.03642885641022991,-0.0007675636363341815
57.239427,0.0005416804198749958,-0.036236875058256256,-0.0005040438227896197
57.259427,-0.0005601843819755727,-0.03641016177154431,-0.00043723729597845023
57.279426,-0.0007924454542380222,-0.0360676675990414,0.0001219934732465114
57.299426,-0.0006203242421241868,-0.03612279580417882,0.0005372615385075936
57.319426,-0.0021235177153236875,-0.036497061538476955,0.0010362125874788844
57.339426,-0.001584893006713182,-0.03699692167834497,0.001375256876544334
57.359426,-0.0014117461535577448,-0.03693237622378387,0.001151364102630115
57.379425,-0.000521909323717118,-0.03675815710957531,0.0007232755245162273
57.399425,-0.00014076713257578182,-0.036912003263396095,0.0007845575758211094
57.419425,0.0003574379956355711,-0.03717566293705313,0.0002470284383198397
57.439425,0.0012344076926362512,-0.03776375151513937,-1.2482051190010205e-05
57.459424,0.0003667153849340578,-0.03826060466198466,-0.000981246619968986
57.479424,0.0001587666669745205,-0.0383107678321293,-0.0007863748250899263
57.499424,0.000985969464152687,-0.03860372820509628,-0.0006918759905975347
57.519424,0.0011703750585543406,-0.03859382144520128,-0.001134789743511887
57.539424,0.001832333100522288,-0.03863496363633499,-0.0007318993005977068
57.559423,0.0011244076926208795,-0.038202236363583525,-0.0011811067598338663
57.579423,0.00048499044322055594,-0.0375162456876044,-0.000642085780814841
57.599423,2.844032668359789e-05,-0.03717414778549888,0.0006138349651304349
57.619423,-0.0013747531465176837,-0.03696519673654749,0.0007651403264141934
57.639423,-0.0023089489506964507,-0.03688771421906343,0.0010997557110168695
57.659422,-0.004291000232785512,-0.03697535990672104,0.0009201286713721665
57.679422,-0.002989508391288264,-0.037052213053569365,0.0009194293706815215
57.699422,-0.0012774571092558215,-0.03718552307689845,0.0010511310023935544
57.719422,-0.0005255923074141234,-0.03760195664335389,0.00035511701638674456
57.739422,-0.000390021211839746,-0.03807652540792866,0.0005554899767960112
57.759421,-0.0005207904426174921,-0.03846258601397759,-0.00020826293697321545
57.779421,-0.00015943846127576143,-0.038279835431243726,7.238228528181365e-06
57.799421,0.0011691862473362001,-0.038357690909082844,0.00037649230779552006
57.819421,0.0005750370631972423,-0.03819873986012659,0.00030656223785438335
57.839421,0.002464104662280327,-0.03809312214449781,0.0004712475525574549
57.859421,0.0027557363638859413,-0.03772477715616218,0.00032777435906807
57.87942,0.0052710976692646305,-0.037426525407902346,0.0005650470863438316
57.89942,0.005777810955986511,-0.03697442750579311,0.0006667720280732371
57.91942,0.00650147062964871,-0.03715298228435289,0.0006224596737805392
57.93942,0.005253055711252323,-0.03689927599064478,0.0003599888113336909
57.959419,0.0029126827508664443,-0.03687025501162233,3.583962717026037e-05
57.979419,0.0016485568767394057,-0.03650661864800093,-0.0003716195802831292
57.999419,0.0016052235434168974,-0.03649699160838336,-0.0007790787877343986
58.019419,0.0009553167835042555,-0.03678894965036749,-0.00046861258727134655
58.039419,0.0018525662007535953,-0.03708827365969846,-0.0004132512819067125
58.059418,0.0002949671331189086,-0.03734524335669884,0.00018194685330027795
58.079418,0.0012218902100486107,-0.0373058960373438,0.0005502219115661571
58.099418,0.0011405615387440112,-0.03771857669001712,0.000169685781002321
58.119418,0.0011492561774394884,-0.037933378554801896,-0.0004982629369618481
58.139418,-8.969487151639407e-05,-0.038031187412599664,-0.0009354424241505824
58.159417,-0.0008542869461147127,-0.03838818041958972,-0.001260990209704843
58.179417,-0.0008092752910820792,-0.03808424102564865,-0.0013672839159973083
58.199417,0.00099834708655577,-0.03817396130538409,-0.001916001864700481
58.219417,0.002424640792842953,-0.03833720139862969,-0.0011798713285618035
58.239417,0.0029156664338950648,-0.03816750442893451,-0.0008418759905453065
58.259417,0.0038188132870184705,-0.03825848344990802,-0.0003395449881866958
58.279416,0.0056118435900740565,-0.03786074452213288,-0.0004372139858507874
58.299416,0.005839465967706343,-0.03797759766898357,-0.00021483636349082483
58.319416,0.004715503263724621,-0.03775612913748906,-0.00025735384600590296
58.339416,0.0035506780888866067,-0.03736006853141663,-8.68410254974586e-05
58.359415,0.0027731023312849152,-0.03743943916077448,0.000547774359123724
58.379415,0.0014886967368715868,-0.0372697421910793,0.000670734732062507
58.399415,0.001123172261337686,-0.036993634964990765,0.000324464335780714
58.419415,0.0005400953382520451,-0.037014637296007916,0.0005896158509184073
58.439415,0.000502682750850704,-0.03688577948716645,-4.8496037192040874e-05
58.459414,0.00255823053639911,-0.037180534731932766,-0.00023462657332170092
58.479414,0.0032702585084557964,-0.03752682843822986,-0.00037180606049616897
58.499414,0.0026429624711487307,-0.03759256270399692,-0.00017215571084001912
58.519414,0.002867554545751475,-0.03785664195810163,-0.0003363748250293066
58.539414,0.002591214219416649,-0.0370354531469053,-0.0008344167830715412
58.559413,0.0027372748254614735,-0.03707417109561189,-0.00046658461523948434
58.579413,0.0022938482520239354,-0.0371896722611103,-0.0011017827504557266
58.599413,0.003123009091180111,-0.03720342517486029,-0.0010866312353106646
58.619413,0.0025404449886075853,-0.037194310955753714,-0.0010003841490666778
58.639413,0.003072123310277582,-0.03724309883453396,-0.00140551235418806
58.659412,0.003448789976944093,-0.037335826107246006,-0.0006190321677107809
58.679412,0.0017303983685629516,-0.03740400792539879,-0.00028406713273919663
58.699412,-0.0003080864799343268,-0.03712734125872625,0.000551597202930026
58.719412,-0.00019587202769843332,-0.037083168764549215,0.0010819002332456932
58.739412,-0.00022274848454625435,-0.036872982284350674,0.0005425062938429889
58.759411,-0.0011868510486421355,-0.03736111748250586,0.0009455365968685857
58.779411,-0.0012643102561050606,-0.03770211981351963,0.0004716438229813454
58.799411,0.00015720489540821183,-0.03782391468530964,0.00040078135211970195
58.819411,0.0006469251751068479,-0.0383058261072345,0.000864044755394868
58.839411,0.0004530790212503101,-0.03816722470863959,0.00048537342670649576
58.85941,0.0013664356646133794,-0.037838693240104415,0.0007887533800662113
58.87941,0.00075594615413348,-0.03722939254078064,0.0007378209791224801
58.89941,0.002211540559716286,-0.03711794731931257,0.0007798955711894257
58.91941,0.004136412354596381,-0.036732865734220056,0.0005562358975299785
58.939409,0.004799955478142229,-0.036771886713257,0.00015891655023271925
58.959409,0.0036397689979571664,-0.036978646620024896,-0.0003381696968593975
58.979409,0.004066155944339798,-0.03713519673657144,-0.00102369417237668
58.999409,0.0033164123545959363,-0.03721878648016426,-0.0012833678320434577
59.019409,0.0029105149187109757,-0.038026595337978905,-0.0008696149182820414
59.039409,0.0007115638697858686,-0.03801277249417135,-0.0011026918413768326
59.059409,0.001069629137876745,-0.038111187412593256,-0.0008501277388143819
59.079408,-0.0004900445217886052,-0.03811342517483014,-0.000530896969581329
59.099408,0.00039286923110879335,-0.038500837762239296,-0.0007234144520839297
59.119408,0.0003535219117622346,-0.03807090769231824,0.00023975571110310495
59.139408,0.0009430324012614888,-0.03780377482519996,0.0002459561773048767
59.159407,0.0006575545457941832,-0.03770204988347373,0.00020085128218400828
59.179407,0.0017252701634975145,-0.03765328531472787,-0.00011124661993789644
59.199407,0.0023884403266469624,-0.037571676923121994,-0.0004884261071397838
59.219407,0.0031363890445983643,-0.03754158368300987,-0.0005205706292969604
59.239407,0.0027489764571775525,-0.037284194405622764,-0.0007023888111203833
59.259406,0.0031440347322353483,-0.03682929930071067,-0.0007154424241707198
59.279406,0.0020256664338551096,-0.03703883310023803,-0.00021693426565286153
59.299406,0.0019250137531957882,-0.03713156037297129,0.0002142778555931131
59.319406,0.002077950816148469,-0.03683034825174743,0.0009294060607194143
59.339406,0.0014602351984384465,-0.03664678181817858,0.0007938582751587478
59.359405,0.0013723097905246153,-0.0369643808857867,0.001273671794973516
59.379405,0.0015901652683632502,-0.037422539393959786,0.0006146974359880782
59.399405,0.0021500487182302347,-0.03809876317018236,0.0003671216784130385
59.419405,0.0015753867135637066,-0.037789695571133985,-1.5978554677155947e-05
59.439405,0.0008725428906886526,-0.037670791142236676,3.982564113296031e-05
59.459404,0.00017361515175848621,-0.03744433426576059,0.00023912634044511257
59.479404,0.00015988554803810602,-0.03755202657343487,0.0008183804197265718
59.499404,0.0005721000002808453,-0.03735307552448262,0.0007712708626182929
59.519404,4.356853177784798e-05,-0.037168133799503254,9.2389743713284e-05
59.539403,-0.00022267855444629045,-0.03683111748248291,-6.984801853304447e-05
59.559403,0.00011389487215930504,-0.03671060466195371,-0.00040900885769619975
59.579403,0.001031167599432811,-0.037228366899725265,-0.0009250927737761817
59.599403,0.0027896524479056085,-0.03743764428901383,-0.0010999179485972229
59.619403,0.0020868319350649364,-0.03694792400931042,-0.0007740438227206258
59.639403,0.0017180440562440706,-0.03706978881116859,-0.0005967477854142899
59.659403,0.0024210510492484925,-0.03697328531465434,-6.889230755271591e-05
59.679402,0.0029343843825938463,-0.036738133799477476,-8.496037138268516e-06
59.699402,0.002397251515459225,-0.03667473053607316,-0.00029101351967122566
59.719402,0.0010520766902907014,-0.036952492773830545,-0.00010942843809091452
59.739402,0.0015657596739991333,-0.036923611654966694,-0.000317586946248582
59.759402,0.0018901652684273369,-0.037447504428869745,-0.0005284027970605931
59.779401,0.002845176923430881,-0.03818535990677299,-0.0005306172492768744
59.799401,0.0034738948721080368,-0.038034823776255465,-0.0007985659672227286
59.819401,0.0023273680655698913,-0.038049439160880064,-0.0004110368296967913
59.839401,0.0025065522147389016,-0.03826132727275792,-0.0007365613052145506
59.8594,0.003036645454830468,-0.03822927599068155,-0.00018029090895096793
59.8794,0.0018114706296414682,-0.0376914438228017,8.101445235399204e-05
59.8994,0.000351540559679353,-0.037421863403197524,0.0009574480187912749
59.9194,0.0015382305363751973,-0.03778934592067922,0.0013062825176041962
59.9394,0.003423195571376676,-0.03816013846147637,0.0005082638695820766
59.959399,0.003699652447843128,-0.03857701491838418,0.0005209678322778152
59.979399,0.003753685081862835,-0.038458693240102065,8.437109567990039e-05
59.999399,0.003764081352248228,-0.03785542983685547,-0.0001841370628276921
60.019399,0.0029491396273319775,-0.03710801724947117,0.00010164382294770873
60.039399,0.0022525662007607796,-0.03669181678328534,0.00022378834509390117
60.059398,0.0017561792543799783,-0.03621211981358789,0.0007447673660751792
60.079398,0.00017282261100769658,-0.03584419440566018,0.0009869585082770784
60.099398,6.3848252034457e-05,-0.03584186340332393,0.001787424708752761
60.119398,0.0005534053616254558,-0.03646575617719128,0.0013764689977878455
60.139398,0.0019708878791215756,-0.03712960233102137,0.0010044410257663376
60.159397,0.0031878109560383207,-0.037701816783214194,0.0008981473194770526
60.179397,0.002980701398910526,-0.0380967118880875,0.0002648139861553548
60.199397,0.0024818902100803312,-0.03823729463866777,0.00026968578102756974
60.219397,0.003658486946679268,-0.03837736456874658,-0.0001351160837714762
60.239397,0.0029766454548176505,-0.038608926340301955,-0.00026355431220820486
60.259396,0.0034140114221611235,-0.038434683916064846,-0.0006178666665164218
60.279397,0.0032913307694589543,-0.03833442750583683,-0.0007950228436705304
60.299396,0.0034351069932437145,-0.037931280652690205,-0.00023255198120623573
60.319396,0.001605410023583296,-0.03756237622376687,-0.0003857920744426316
60.339396,0.0007734519816157802,-0.0374550102563863,3.716829851041744e-05
60.359395,0.0007092328674119913,-0.037332049883404585,-8.462657328488721e-05
60.379395,-0.0017784361302504946,-0.036807900699262736,-0.00023299487165277815
60.399395,-0.0021348930066919895,-0.03723232960369916,0.00011024522158251208
60.419395,-0.0015430981348536997,-0.0372056163169929,-0.0001355589742190785
60.439395,-0.00036545244720315986,-0.036837364568739143,0.00011024522158251208
60.459394,0.002136062704295432,-0.0367560125873832,-7.355431221408046e-05
60.479394,0.0039920533802536625,-0.03674410116549444,-0.00012448671314456157
60.499394,0.004563568531756901,-0.036445523076901666,-0.00015770349635910186
60.519394,0.004275643123831262,-0.03673887972024907,-0.0006913864800334687
60.539394,0.0033431955713422727,-0.03708680512816685,-0.000923461072107259
60.559393,0.0017300254081798025,-0.037361746853119326,-0.0009659785546223369
60.579393,-0.0005751494169918661,-0.037385173426566255,-0.000636025174675195
60.599393,-0.00230929860112737,-0.03771920606060833,2.6096037436430585e-05
60.619393,-0.002244123775912512,-0.037081606993033256,9.917296051117531e-05
60.639393,-0.0009530048947853561,-0.03680715477860245,0.0006638582751891012
60.659392,-0.000789321911099575,-0.03675225967370283,0.00048005874139144856
60.679392,9.380163201026391e-05,-0.036540861072302123,0.0005841379954697522
60.699392,0.0005019368301442975,-0.0367849170163143,0.000704161305509628
60.719392,0.0022841279723202473,-0.03708316876454444,0.00022583962717339474
60.739392,0.0029121932403787004,-0.03727701491839091,-0.0002081930068690114
60.759391,0.0009685335667131104,-0.0380816536130153,0.0001478909092031147
60.779391,0.0004982771564525225,-0.03822060466196216,0.0006244410257362183
60.799391,0.000175992774161376,-0.038002889044259316,0.00061115431244542
60.819391,0.001353615151775944,-0.03799158368297243,0.000785653146945185
60.839391,0.0021750836832433325,-0.03832382144523158,0.0007807813520793301
60.85939,0.0021457829839492994,-0.037965779487185686,0.0006080540793614945
60.87939,0.003226668764848903,-0.038444544055931895,0.0006142545455775766
60.89939,0.004697810955990592,-0.03874498694635348,0.0007360494173887816
60.91939,0.005721097669284439,-0.038172282983648,0.00029050163182743627
60.93939,0.0050489065271198275,-0.03824172354310404,6.728484863096197e-05
60.95939,0.003320771328974116,-0.0381757328671109,-0.0002316662003354114
60.979389,0.001125083683299403,-0.03734242284381602,-0.0007719925406702826
60.999389,0.00019988554810406833,-0.03673787738929432,-0.0012348130534962562
61.019389,-0.00044009114188396387,-0.036883914685348754,-0.0010820158507048128
61.039389,-0.0002736342654249337,-0.03685020839165919,-0.0014850461537304098
61.059388,-6.97181815318402e-05,-0.036488949650388736,-0.0013229482516352482
61.079388,0.0022916804198578667,-0.03702843682987066,-0.001090873659554038
61.099388,0.004024617482794909,-0.03685118741260235,-0.0005213165499970069
61.119388,0.003303079021248566,-0.03691773752915192,-0.0005434610721264303
61.139388,0.005350538228706556,-0.03759020839160827,-0.00010499953364881152
61.159387,0.0045990230771876545,-0.03763242284381366,-9.65846152498387e-05
61.179387,0.003961680419872584,-0.03748011515151367,0.00016693519826981276
61.199387,0.004764594172808191,-0.03784405454545271,0.00039103776236944194
61.219387,0.0030789764571833873,-0.03799216643356272,0.0005239048952376734
61.239387,0.0010719834501906624,-0.038129112820499904,0.0003538349651906116
61.259386,0.0004776710958460166,-0.037790208391586685,-4.6537995199191995e-05
61.279386,0.0007668319350013174,-0.037891816783188176,7.304242436552102e-05
61.299386,-8.412820216956596e-06,-0.037358972960337605,0.0001222032635119529
61.319386,-0.00042636153817312444,-0.037325989277352395,-0.00035390396259686884
61.339386,0.002520421678608859,-0.037698040559398745,-1.5092773792021368e-05
61.359385,0.0029287200469035306,-0.0376489962703691,-7.311142180569868e-05
61.379385,0.005041470629670373,-0.03761542983682699,0.0002457696970764666
61.399385,0.0060903983685845,-0.038325429836835914,0.00013947599079407167
61.419385,0.005449093007270091,-0.03827848344991954,-4.906293569248497e-06
61.439384,0.005244174592350166,-0.038327341258774836,-0.0001355589742021182
61.459384,0.004305060373227242,-0.03804727132872565,-0.0004012932399354009
61.479384,0.003356762004941765,-0.038080954312389316,-0.0003547897434549727
61.499384,0.0025923797205823873,-0.03750414778557626,-0.0008796149182907144
61.519384,0.0026757363639384594,-0.0371332386946406,-0.0015727384614170293
61.539383,0.0033584869466782522,-0.03668100093241094,-0.0012383561770436843
61.559383,0.0026134286715988656,-0.03651524335665368,-0.001360151048836339
61.579383,0.0014059461541211056,-0.03645587272727289,-0.0008171673658571945
61.599383,0.001869675757841155,-0.036674986946381924,-0.0007418759905576882
61.619383,0.00367683193499225,-0.03664773752912764,-0.00044071048938139335
61.639382,0.003116855245009471,-0.036930697902074275,0.00012663216796942624
61.659382,0.0024831722613416554,-0.037250511421878005,0.00023071142206893035
61.679382,0.001699908858102719,-0.03766342517477853,-3.768018633671641e-05
61.699382,0.0006440114222015113,-0.03779559300694658,-0.0005558620045124839
61.719382,0.0006203284385338007,-0.03776083776219004,-0.0006222955709452745
61.739382,0.0005676477858589518,-0.037245989277358796,-0.00032821631686754646
61.759381,7.91862473973285e-05,-0.0373077608391281,-2.4836363493520674e-05
61.779381,-0.0006319792537778634,-0.037449579020936444,0.0005061892775259727
61.799381,0.001086925175110564,-0.03744109417243221,0.0005947673660993166
61.819381,0.0024849904431605476,-0.03723093100225798,0.0010775179488416123
61.839381,0.0016201652683458085,-0.037631816783156136,0.0018260027973161306
61.85938,0.0035943377625171423,-0.03773349510483373,0.0015159794872959109
61.87938,0.003915130303327634,-0.037824753846100574,0.0016470750584076535
61.89938,0.002620608158790437,-0.037772586013940956,0.0011311076924264373
61.91938,0.002779419347604533,-0.037780604661977524,0.0004556997670123533
61.93938,0.0027841046622801386,-0.037319812121186596,-0.000334859673546071
61.959379,0.0030206780888445846,-0.03746058135196983,-0.0007529482516369751
61.979379,0.002671633799768872,-0.037951700233094805,-0.001324276922958975
61.999379,0.0029740114221393876,-0.03795652540790621,-0.0017888689975451475
62.019379,0.002779396037520861,-0.037940068531463325,-0.0019106638693314423
62.039379,0.001363778321933065,-0.03809813379953391,-0.0012263981350617726
62.059378,0.0028828692310306748,-0.03790375151513517,-0.0012596149182614725
62.079378,0.0035801419583518785,-0.037514683916050805,-0.0009296615382904804
62.099378,0.001128370396590008,-0.03698065128202026,-0.001158193006836453
62.119378,0.0023203517485760584,-0.0365439613053516,-0.0009013165499629954
62.139378,0.0026940813523092127,-0.03630100093239142,-0.00042299487164690255
62.159377,0.002775946154154949,-0.03654179347319878,0.0005070750584121672
62.179377,0.0019034519816582443,-0.036732632634032064,0.0010828326341630198
62.199377,0.0019520067601890155,-0.037185686247061735,0.001128893240224996
62.219377,0.0013613074594907013,-0.03747918275056455,0.0010398722612045795
62.239377,0.0006054799536607936,-0.037532842424208526,0.0010265855479137812
62.259376,0.001377484615677365,-0.03770834358970173,0.0011638815852050351
62.279376,0.0009662025644166135,-0.037975476456827965,0.0008051403264658454
62.299376,0.0008110510492624914,-0.03769239953375765,0.00035339207472180877
62.319376,0.002313265501487032,-0.0377754764568559,9.651561784835151e-05
62.339375,0.003600095338311062,-0.03775004522143852,-0.0002117361303968291
62.359375,0.00465163379984787,-0.037653961305375655,-0.00023166620032693142
62.379375,0.004511004429238588,-0.03741032494174596,-0.0002631114217685527
62.399375,0.006539559207782637,-0.0375836815850937,-0.00039863589728900763
62.419375,0.005599838928074792,-0.03678659533800905,-0.0002276801863398511
62.439375,0.004914477622682637,-0.036599019580415025,0.00019793752926754166
62.459374,0.002682682750897519,-0.036906315617700546,0.0012214573427907207
62.479374,0.0008255965037865924,-0.036754567365925195,0.0008937184150338899
62.499374,0.0003115172497003811,-0.03684922937056763,0.00020458088589094542
62.519374,-0.0009440305358447855,-0.03734253939388192,-0.00027595524465096895
62.539373,-9.920536103361251e-05,-0.03762107086241932,-0.0009912233099151873
62.559373,0.0005683703965532378,-0.03761361165496835,-0.0014978899765783755
62.579373,0.00012974568792028086,-0.03765941585078675,-0.0018787757574538785
62.599373,0.0011000720282554948,-0.03751878648015574,-0.0016905473192183633
62.619373,0.0009468552450503004,-0.03709687505825959,-0.000977050815722294
62.639373,0.0018410743592663873,-0.03697825034963122,-1.3764102431193775e-05
62.659372,0.00246137738956736,-0.037102282983662346,0.0003383337996840622
62.679372,0.003256319114506545,-0.03684135058273258,-0.0003640904427480903
62.699372,0.0029416337998387403,-0.03709195664334299,-0.0006741137527656602
62.719372,0.0032829624711753847,-0.03742466060607511,-0.0003680764567335808
62.739372,0.003549046387274396,-0.03759284242426162,-0.000419008857664592
62.759371,0.0028538249420591855,-0.03719347179487692,-0.000810966899616732
62.779371,0.001507787646017648,-0.037197784149191636,-0.001344649883291629
62.799371,0.0006873680655970925,-0.037048040559446625,-0.0004052792539124112
62.819371,-0.0005695783213404947,-0.03733941585082615,0.00021343869479211171
62.839371,-0.0005726785544535709,-0.037317084848467796,0.00013371841503460226
62.85937,0.00034256620075309274,-0.03742696829835048,-0.0006041370628389721
62.87937,0.0010584170165996503,-0.03778151375288591,-0.000911945920665701
62.89937,0.0007390230771831689,-0.03781859999997339,-0.0013083328670594142
62.91937,0.0009358995340358587,-0.0381334018647972,-0.0012069109556381039
62.939369,0.00043534009350369783,-0.038068530069918005,-0.0008437407924658214
62.959369,-0.0007054524472929286,-0.037893984615363786,-0.00038756363627703166
62.979369,0.0005522631704289075,-0.03782312214451062,0.0001616205129282651
62.999369,-0.0003761983680226513,-0.03785594265735851,0.0009163058276448361
63.019369,-0.0013689722607556339,-0.038004077855490176,0.0009508512821947632
63.039369,0.0007893494175790806,-0.03767780745922043,0.0006620867134161819
63.059368,0.0021600487182866085,-0.03738755104896968,0.0005712941726223163
63.079368,0.0023290930073546095,-0.03736869324009747,0.0005030890444134265
63.099368,0.0013426128208676431,-0.03685204988344144,-0.00011252867119763056
63.119368,-0.0004800678318021231,-0.03671988205125484,-0.0006129948716563971
63.139368,-0.002186920978635774,-0.03666610582746175,-0.000470827039491338
63.159367,-0.001747293939013087,-0.036800231701572816,0.00017800745933796945
63.179367,-0.00021894895068264204,-0.03668790069924983,0.00034409137542392126
63.199367,-0.0010255923073331358,-0.037066105827467874,0.000186865268205215
63.219367,-0.00035540582716547505,-0.03731638554774535,0.0001496624710051844
63.239367,0.0029313540795754345,-0.03714577948714072,-5.362424227867808e-05
63.259366,0.003806155944358634,-0.03725771421907799,0.00014390489524624482
63.279366,0.0034340347322234514,-0.03760132727271074,-3.94517480910852e-05
63.299366,0.0029259927741704236,-0.03761074452213178,-0.00048012773878339547
63.319366,0.0021122398604203727,-0.03831792400929921,-0.0011378200464847187
63.339366,0.0015871116553157563,-0.038503681585073814,-0.0013818526805245202
63.359365,0.003098836597049036,-0.038551606992996944,-0.0008725286712159983
63.379365,0.003211424009643168,-0.0384150335664233,-0.000770663869356626
63.399365,0.002586575524799206,-0.038552772494156326,-0.0007573771560690078
63.419365,0.0030647573429535314,-0.03844316876455477,-0.0006732279719144463
63.439365,0.005084524242718639,-0.0379144974358635,-0.0011958386945074059
63.459364,0.004241866900062404,-0.03774643216780332,-0.0013198480184983218
63.479364,0.0035815172497014377,-0.03769244615384549,-0.0009301044287370227
63.499364,0.003329932168106525,-0.03780004522144214,-0.0008729715616206701
63.519364,0.004058323776501434,-0.03800461398600747,-0.0005784494171001096
63.539364,0.004370701398905533,-0.03768286573428131,-0.000624952913600678
63.559363,0.004565060373253986,-0.03783160699301433,0.00010847365981542329
63.579363,0.005315363403568066,-0.03812650209790638,0.00013061818195968678
63.599363,0.0037083237765201237,-0.03835545314684649,3.9515152964073e-06
63.619363,0.004859955478136495,-0.0384189263403338,-0.00021970815836303985
63.639363,0.004114291142477489,-0.0378272013986029,-0.0009677501163809458
63.659362,0.0034411675993547396,-0.0371441244755254,-0.0016896615383067285
63.679362,0.003968440326614894,-0.03686575617715659,-0.001355722144386816
63.699362,0.003581447319612074,-0.03680433426570637,-0.001397796736475492
63.719362,0.003339792307956612,-0.03657165361302646,-0.0005009435896415629
63.739362,0.0018527759909474856,-0.03648281911418622,1.0594871888010331e-05
63.759361,-0.0007622123540303727,-0.0364614671328219,0.0006992895105775224
63.779361,-0.0004568044286085846,-0.03673186340323563,0.00048448764578691073
63.799361,-0.00239083706263964,-0.036912282983644365,0.00040255291386771087
63.819361,-0.0009222356640344492,-0.036981816783198715,0.00013061818195173644
63.839361,-0.0007120958038924821,-0.036837108158503516,9.075804211485232e-05
63.85936,0.0012453167835114393,-0.03673167692308036,-0.00018870582736107115
63.87936,0.0023007247089090015,-0.037541070862485086,0.00026525687659871707
63.89936,0.0016831256413019848,-0.03779834358976124,0.0002812009325406788
63.91936,0.0005427993009560713,-0.038112935664380024,0.0009322498835820277
63.939359,0.0009645242426847583,-0.03803787738931515,0.0007949538462875935
63.959359,-0.00048221235403875283,-0.03773438088580579,0.0005309911423298798
63.979359,0.0006646874128586908,-0.03734731794873693,-1.154965020696262e-05
63.999359,0.0006701652683561063,-0.03691748111887973,0.00016339207473086456
64.019359,0.002287810956006122,-0.03670396130535309,-2.4836363496700707e-05
64.039358,0.0036485102567240567,-0.03665892634031205,0.0002138815852195735
64.059358,0.006028673426888197,-0.03653608251747415,0.0005726228439539932
64.079358,0.004861120979321844,-0.03733510349652469,0.0007958396271684882
64.099358,0.0045234752916572946,-0.03745887972032019,0.0005606648019954019
64.119358,0.004273918182069335,-0.03826675850821254,0.00028164382297397097
64.139358,0.0045788132869769484,-0.03805044149187456,-0.00040040745907093684
64.159357,0.0021250370631979857,-0.03793568624709476,-0.0004491254077877867
64.179357,0.00239496713312814,-0.03786165361305717,-0.00038667785534313647
64.199357,0.001966202564387139,-0.03750232960372663,0.0002975878789159327
64.219357,0.002938440326628419,-0.036940091841467286,0.0003396624709929485
64.239357,0.00483715827537406,-0.03653883310019871,0.000620897902229601
64.259356,0.005729932168172955,-0.03699503356641446,0.0003888233101589908
64.279356,0.004394221212459776,-0.037417084848499406,-5.349184004660635e-06
64.299356,0.006039093007305851,-0.037648157109580284,-0.00039022097887148435
64.319356,0.005733568531779997,-0.03845293566435213,-0.000662155710804949
64.339355,0.0029882072264345028,-0.03837629230768816,-0.0010324121210551276
64.359355,0.0012033820516009603,-0.038708786480178156,-0.00046772680637879177
64.379355,0.0017591163173350662,-0.0388392993006959,-0.00024406713272358472
64.399355,-0.00028580209759808525,-0.03816915944055301,-0.00011341445207375467
64.419355,-0.0014392986010973406,-0.037367271328654236,-0.000884486713135899
64.439355,-0.000855359207159356,-0.03678018508158318,-0.0009066312352828126
64.459355,-0.001614263636069019,-0.036747947319352076,-0.0015886825173277205
64.479354,-0.00069435687619304,-0.036171397202823405,-0.0016506871793321885
64.499354,3.433776249088278e-05,-0.03614724801868219,-0.0015709668996123096
64.519354,0.0006106314688035429,-0.03655559300703396,-0.0008313398599923167
64.539354,0.0004093261075098101,-0.03652356503499039,-0.00023786666652340308
64.559355,0.0007008645690510405,-0.037067527738960396,0.0007519934733259732
64.579353,0.0025091862473795344,-0.03766638554781676,0.0013321799535046183
64.599353,0.001292426340635618,-0.03797619906761341,0.001509336130658727
64.619353,0.0007954333336587664,-0.03809149044290044,0.0008804317017627019
64.639353,0.0012259228441325438,-0.038268413519817794,0.0005354200467523725
64.659352,0.0011348505830432337,-0.03808906620044839,-0.0006891720278256675
64.679352,0.0018950836832718528,-0.038071513752885144,-0.0011785659672136272
64.699352,0.0014205848487763722,-0.03798575617713208,-0.0013357920744371035
64.719352,0.004197857576040701,-0.03797738787876901,-0.0011006172492465272
64.739352,0.004369372727554776,-0.03786156037292494,-0.000998752447402525
64.759351,0.0035573680655559834,-0.038047457808838524,-0.0007861650348319048
64.779351,0.005052193240379163,-0.03817412447550233,-0.0003623188809873613
64.799351,0.00490142400963654,-0.03859403123539835,-3.015104885202837e-05
64.819351,0.003849069697271632,-0.03876859999997741,-0.0008140671327780389
64.83935,0.0026092794874792375,-0.038662655944040066,-0.0013349062936187503
64.85935,0.002781563869766431,-0.03838934592073796,-0.0017888689975785383
64.87935,0.002610817949032895,-0.03806181678322272,-0.0011116895103973653
64.89935,0.002728207226418358,-0.03762846013987951,-0.00033220233090391774
64.91935,0.0044650836832965096,-0.037077970629391235,0.00024975571107520745
64.939349,0.003016528904753577,-0.03684995198137481,0.0005854666667749287
64.959349,0.00285373170194975,-0.03639307552450544,0.0013715972029082104
64.979349,0.0028270883453021104,-0.03647139720281965,0.0017458396271650798
64.999349,0.0028766687648866737,-0.03698188671328543,0.00166789090919957
65.019349,0.0024263890445740703,-0.0372785067598933,0.0006270983684207724
65.039349,0.0010065988347866843,-0.03732454405592566,0.00029050163183167626
65.059348,0.0011774613056523765,-0.03736230629369061,2.0781352115553067e-05
65.079348,0.0009962958045054266,-0.03717025501165568,-3.01510488117479e-05
65.099348,0.0031914240096290016,-0.03738517342656838,-0.0004553258739784283
65.119348,0.004618440326666651,-0.03702097762238629,-0.0006922722609201934
65.139348,0.003914267832486421,-0.03696025501166912,-0.0008844867131337791
65.159347,0.003557134965333542,-0.03720279580422032,3.716829850723734e-05
65.179347,0.002952612820836153,-0.03754708484850297,3.495384629201588e-05
65.199347,0.0024312375294601347,-0.03773321538461885,0.0003206181819527509
65.219347,0.002490631468821251,-0.03802027832168684,0.0006062825176140159
65.239347,0.0002499787881630564,-0.03813218974359344,0.000907890909236853
65.259346,0.0016937550119416186,-0.03812006853148005,0.0008990331003590071
65.279346,0.003098417016608784,-0.03788720139861042,0.0007794526807651437
65.299346,0.005052519580707859,-0.038235196736607496,-1.3321212009032187e-05
65.319346,0.00683074801896397,-0.03788708484849416,-0.00015903216772734954
65.339346,0.005727717715932822,-0.03782216643356633,6.285594417295866e-05
65.359345,0.005294081352283036,-0.03797496363637845,0.0001425762238732273
65.379345,0.0050425428907537075,-0.038066105827509425,-0.000672342191045212
65.399345,0.004226132634338713,-0.03787461398601874,-0.0005554191141215924
65.419345,0.0029521699303641695,-0.03780139720281615,0.00014213333342986498
65.439345,0.0023503517485411267,-0.03755197995338678,0.00021521025652315997
65.459344,0.0037219135200840373,-0.03762727132868417,0.0001257463870461309
65.479344,0.0029605382287113406,-0.03758344848486331,0.0003201752914786481
65.499344,0.0030623097904914883,-0.037939718881137875,0.00023159720290901386
65.519344,0.004540398368601777,-0.03762132727273762,0.000740921212240856
65.539343,0.0038018435900651175,-0.03764135058276391,0.0011705249418597096
65.559343,0.004273708391923146,-0.037309788811217735,0.000817541258865149
65.579343,0.0034829624712020323,-0.037601606993022084,0.0005783804197065725
65.599343,0.002213871562115075,-0.03719650209791388,0.0004809445222734029
65.619343,0.0005505149187709307,-0.03693111748252936,0.0006780307693581436
65.639343,1.4664102913535286e-05,-0.03686866993007624,0.0005673081586368259
65.659342,-0.0015881797199380665,-0.03739978881121365,0.00044329883463107005
65.679342,-0.0026151494168955287,-0.03762720139863508,0.000231154312488442
65.699342,-0.0013529116546587253,-0.03806822703964065,-0.00019579207445486743
65.719342,0.0004183470865906946,-0.037855080186491856,-0.0004863282049846373
65.739341,0.001582845921078283,-0.03809272587413699,-0.0007480764567281896
65.759341,0.002430724708941189,-0.03774053473193986,-0.0002918993005574203
65.779341,0.002075736363934308,-0.03814179347317929,0.00013637575772604632
65.799341,0.0011491396273110423,-0.03775741118877106,-0.00010101351968028148
65.819341,0.0014536617718360358,-0.03732405454540771,9.266200582303875e-06
65.83934,-0.00083116340297482,-0.0368324694638177,0.0005349771562862199
65.85934,-2.065058242329144e-05,-0.037198530069892745,0.00041096783224760334
65.87934,0.000932426340678496,-0.037245010256380134,0.00037110769236884864
65.89934,0.0007729158511647448,-0.03723696829835317,1.2366433624358842e-05
65.91934,0.0010675778558264025,-0.03725328531468465,-0.00043761025634092863
65.939339,0.00013671538496990354,-0.037412259673678464,-0.0006431114218310024
65.95934,-0.0010940538458025586,-0.03722811048953098,-9.348438219294343e-05
65.979339,-0.0008664780882681854,-0.03766773752915791,-0.00028078041945230135
65.999339,-0.0010434710952775556,-0.037546292307691236,-0.0003377501164281562
66.019339,-0.0010500212118307452,-0.03704829696967324,-0.00021469650336297807
66.039338,-0.0012172240090189731,-0.036969882051245885,-5.4230302881618536e-05
66.059338,0.001618743356953458,-0.037542236363597825,-0.0004674937061542301
66.079338,0.002698953147149627,-0.037775476456840006,-0.00042775011641134163
66.099338,0.0032972282054024513,-0.03776288904425628,-0.0006615729602358598
66.119338,0.0024721466203311312,-0.03788839020974905,-0.000575325873995053
66.139338,0.0017529158511168643,-0.0376398121211705,0.00015970909104286933
66.159337,0.0005897689979746641,-0.03763563962700801,8.381165512717248e-05
66.179337,0.001747018415217888,-0.038031210722578396,0.0003366088579062344
66.199337,0.0004697689979792397,-0.038237014918388754,0.0007307580420519347
66.219337,-0.0015384594402187658,-0.038062655944021605,0.00030604941732695725
66.239336,-0.0013629582746895207,-0.0382269916083828,0.0005293594406169664
66.259336,-0.0010415596732983483,-0.038189695571087645,-0.0001422023309362939
66.279336,0.00035216993042002666,-0.038384404195798645,-0.00028742377616050645
66.299336,0.0025180673663039517,-0.038158763170171334,-0.0007987524474776389
66.319336,0.0016475778558232778,-0.03787813379954133,-6.597855469985035e-05
66.339336,0.0034122165504640654,-0.03771076783217921,-3.4743123437279443e-05
66.359335,0.0027606081588524983,-0.03792160699302613,-0.000266188344882758
66.379335,0.004139838928073665,-0.03822997529139552,-0.0006230648017358835
66.399335,0.0038243144525401973,-0.03826307552449169,-0.0005357687644127333
66.419335,0.0035159228441295396,-0.037916828438229966,-0.00036336783202995434
66.439334,0.0037063424245453646,-0.037823122144524934,0.00034898648031143746
66.459334,0.0032032655014538466,-0.03814841351981283,9.141072274150498e-05
66.479334,0.0029913773895489616,-0.03826461398602573,0.0003385902099313449
66.499334,0.0032407013988763195,-0.038295662937093286,-0.00037108344975312225
66.519334,0.0016390696972459692,-0.03854974219116335,-9.168951037981283e-05
66.539334,0.0006286034967800161,-0.038568390209821,-0.0006524354311108004
66.559333,0.0001881606063483084,-0.038857900699326126,-0.0010236475523423677
66.579333,-0.0005288557106512674,-0.03879554638695964,-0.0017274937061928417
66.599333,-0.00025771351951311256,-0.03838132727272154,-0.0014376102563194047
66.619333,0.00034895314715518446,-0.03815859999998472,-0.0012267944055079237
66.639333,-0.0003160585078220959,-0.03792713146850751,-0.0007287757574841699
66.659332,-0.0016428417246003954,-0.03806967226104883,-1.872913743192412e-05
66.679332,-0.00071783006960432,-0.03776818041955762,0.0003334853148032977
66.699332,0.001748999767229218,-0.037782282983642064,0.000416958508259725
66.719332,0.0018355265737394987,-0.037946851748208214,0.0007592662005729185
66.739332,0.0015305382287372918,-0.03794090769227175,0.0004906181819496695
66.759331,0.002058323776538123,-0.037928903030256575,0.0003028792541902385
66.779331,0.0011659694641805393,-0.037563634964977916,2.9219580536717202e-05
66.799331,0.00154422121243767,-0.03763076783212944,-0.0004511999998788713
66.819331,0.0006214706296921884,-0.03788095431232928,-0.0005031813518556551
66.83933,-0.0012167811185528205,-0.03766184009323296,-8.031421898925057e-05
66.85933,-0.000932655244440443,-0.037998786480204744,-0.0004546965033638967
66.87933,0.0010434053616253662,-0.03814107086251256,-0.0005731347317951326
66.89933,0.0030725662008036256,-0.03829920606064866,-0.00010122330989696209
66.91933,0.0026066920749301583,-0.038315989277451515,-4.119999987414378e-05
66.939329,0.0024063424245573933,-0.03827333193478209,-0.0003762815849476736
66.959329,0.0015619135201314198,-0.03792706153848758,-0.00014283170150259435
66.979329,0.0015823331005328366,-0.03801584941727283,-0.00031660792527203277
66.999329,0.00028529347350253313,-0.038180954312362625,-0.00043537249403779505
67.019329,-0.0013233778551835912,-0.0381925860139957,-0.00031008111874474464
67.039329,-0.002028832400650586,-0.037819555710970676,-0.00048726060591521415
67.059329,-0.0013704174822268865,-0.03776687505829159,-0.0010536009322429133
67.079328,-0.001252189043974171,-0.038048110489524535,0.00024173706309535455
67.099328,-0.000814426806196207,-0.03814006853147831,0.0005288000001299596
67.119328,-0.0003293685311430354,-0.038042749184152916,0.0010888233101226706
67.139328,-0.00036107016286161976,-0.0382199986013889,0.0010901053613877046
67.159327,-0.00018911212089358246,-0.03780915944054607,0.0014379142191844644
67.179327,0.00024783426606317014,-0.03809832027972099,0.001422296503561659
67.199327,-0.0006836342653914998,-0.038117084848493826,0.0004847673660457844
67.219327,-0.00021361095536395392,-0.03800722470865771,-5.043076913619849e-05
67.239327,-0.0017220025637585353,-0.037597341258774536,-0.0010211999998744944
67.259326,-0.0017423055940654264,-0.037189089510511,-0.000923064801706159
67.279326,-0.0018450561768231833,-0.03739689836830082,-0.00046068717932990774
67.299326,-0.00246862261037985,-0.037478017249398275,-0.0008613631700357567
67.319326,-0.0024781564099272103,-0.03779643216779899,-0.0003309435896377542
67.339325,-0.0013604174821911829,-0.03799153706289095,-0.00028574545445144155
67.359325,-0.0018639606057397743,-0.03780857668992822,0.00044712167839921124
67.379325,-0.0015471540789561138,-0.03844165361301853,0.0009403384616061932
67.399325,-0.001783168064968892,-0.038314613986013976,0.000854207925482702
67.419325,-0.00029086037266319933,-0.03787314545455604,0.0014164223777219742
67.439324,0.00012233310052375845,-0.03750787738930387,0.0009763291376347937
67.459324,0.0005387666669553497,-0.036842749184176946,0.0009448839161984727
67.479324,0.0008165988347994505,-0.036873005594413144,8.325221455642414e-05
67.499324,0.001002892541114659,-0.03686540652679563,-0.00043283170152726787
67.519324,0.00019349860171787755,-0.03703601258740927,-0.0009935776222598455
67.539324,-1.4473426260141206e-05,-0.03668964895102599,-0.000699987878675162
67.559324,-0.0006525386943410471,-0.03684267925405472,-0.0006597547784355187
67.579323,-0.0002544034962199266,-0.03743953240092579,-0.00035695757563641205
67.599323,0.00019172703990944732,-0.03752104755245403,-0.00020870582737046684
67.619323,0.0013856664338475363,-0.037758366899775235,0.0004011776225213323
67.639323,0.0032991163172948067,-0.03809277249420045,0.00040327552461128744
67.659322,0.0028862724944783463,-0.03824326200469639,-0.0002053724940534995
67.679322,0.0043285568767577045,-0.038763378554821086,-0.0008121324008227514
67.699322,0.0033078109560231448,-0.03860818041962205,-0.0008472372959418368
67.719322,0.0017609111891132162,-0.038211024242469,-0.001188286246994167
67.739322,0.0008106547788571517,-0.037687178088613514,-0.0003497081584307382
67.759321,0.00045291585112306257,-0.037708390209830384,-0.0004045333332521151
67.779321,-0.0013600445218181043,-0.03749696829842603,-0.00044033752905018545
67.799321,-0.002323960605727446,-0.037578320279770844,-0.0001128550115544175
67.819321,-0.0026897881115508925,-0.037407317948758755,7.441771573098009e-05
67.83932,-0.002585778787547642,-0.03745440419582417,0.00042756456889465866
67.85932,-0.0011145666663404399,-0.037716968298377805,0.00038863682995443096
67.87932,-0.0007722589740701772,-0.03767955571096428,0.00037092121224114
67.89932,-0.00011755034938104445,-0.037439602331006676,0.0004820867134026402
67.91932,0.00027764778576590786,-0.0376073878787942,0.0002672848486019586
67.93932,-0.0010966878785852326,-0.03771351841492603,0.000823112354421119
67.959319,-0.0024002310021137424,-0.03784811048951273,0.0005507347320442921
67.979319,-0.004483680885539382,-0.03733449743590797,-0.00024735384603115064
67.999319,-0.004459112120955266,-0.03725025501166782,0.00031467412598978146
68.019319,-0.0036151960370015977,-0.03712494032635788,0.0001702918416068511
68.039318,-0.003368482750272541,-0.037131723543125564,0.0009298489511495262
68.059318,-0.0018165713283440014,-0.03722414778555231,0.0014723897436800084
68.079318,-0.00042766689943861847,-0.03692242284383654,0.0015543244756113985
68.099318,0.0029332888115074012,-0.03720563962707763,0.001693834965119464
68.119318,0.004256598834799015,-0.03763608251754307,0.0015560960373848477
68.139318,0.0031492328674198296,-0.03796209650355758,0.0015516671329559948
68.159317,0.0020433121214986473,-0.038257924009369074,0.0011769818182790833
68.179317,0.0017914240095712598,-0.038239415850838746,0.0011171916084914268
68.199317,0.0015062724944130404,-0.038629625641041214,0.0016158862471799243
68.219317,0.001669908858044369,-0.03890934592076283,0.0016092428905374401
68.239316,0.0006079741261131584,-0.03875915944057499,0.0018594759907647035
68.259316,0.0006028459209915406,-0.038682562703976596,0.0018081006993882099
68.279317,0.0014403284385040354,-0.03859048811189067,0.0018014573427409556
68.299316,0.0026927993009821676,-0.038682329603738255,0.0011056764569687776
68.319316,0.002735806294021031,-0.03858927599070917,0.0005343477856457178
68.339315,0.0004486268068448466,-0.0383473179487419,0.0006056531469475434
68.359315,-0.000581489743262654,-0.03809827365968932,0.0009090331003258091
68.379315,-0.00016727062905052474,-0.03787580279720667,0.0010268419581329735
68.399315,6.746130569032917e-05,-0.037754357575768616,0.0009515505828461873
68.419315,0.0024485568767855757,-0.037797714219143,0.00103392820522677
68.439315,0.003094431002665695,-0.03772414778560965,0.0007442778555853146
68.459314,0.004681773659985836,-0.037862725874192975,0.0006738582751702137
68.479314,0.004034687412914677,-0.03821344848489295,0.0006277976691114175
68.499314,0.004791307459515514,-0.03844724801868521,-0.00046614172481202246
68.519314,0.003823988112217861,-0.03862790069933759,-0.0006649995336691524
68.539314,0.0018050137532480642,-0.038610534731965115,-0.000813367832035983
68.559313,0.001566062704292918,-0.038395150116567786,-0.0008510135196820262
68.579313,0.00250830046652461,-0.03812661864803058,-0.0010215263401941806
68.599313,0.0029074379956497715,-0.03780494032635351,-0.000806724475396679
68.619313,0.00259221655043871,-0.037648063869488865,-3.0384149052739714e-05
68.639313,0.0010382771564809577,-0.03765598927743667,-6.730722599230659e-05
68.659312,0.0010397456879267012,-0.037629322610775846,-1.7190675890986723e-05
68.679312,0.0008587433569165392,-0.03802594265739359,-0.00021485967356813695
68.699312,0.0012162491844006267,-0.03828992867138886,-0.0004300111887234163
68.719312,0.0007497223778771867,-0.03850100093247148,-2.931188803088669e-05
68.739311,0.001414197902339301,-0.03865915944064144,-0.00041229557100800544
68.759311,0.00016673869487660053,-0.03846093100241209,-0.00015551235421960272
68.779311,0.0006483703965176803,-0.03821533659681128,0.0005492662005587979
68.799311,-0.0008111400929639028,-0.03827347179493591,0.0007848139861166231
68.819311,-0.001219298601090977,-0.03841561631706235,0.0008390097903292987
68.839311,-0.0020496482514207725,-0.038532982284401766,0.00040989557120613986
68.85931,-0.0009513498831037826,-0.03849645547786277,-0.00028101351969753326
68.87931,-0.0001321191138563163,-0.03865971888110883,-0.0008479132865922705
68.89931,0.001995176923427738,-0.03820365827504955,-0.0003695916082767076
68.91931,0.0025850836833127217,-0.037851210722601426,-0.0003013864800699378
68.93931,0.003295153613358538,-0.03759617575756481,-0.00043203916072188773
68.959309,0.0011055498837454904,-0.037602912354298176,0.00027880000010976766
68.979309,0.0020162025643790937,-0.037213308624686456,0.0008350703963712303
68.999309,0.0012183703965504037,-0.03754267925407299,0.0004072382285464962
69.019309,0.003103848252017827,-0.03799177016316056,0.00025886993017913544
69.039308,0.0034110743592272365,-0.03809505687645363,0.0003496624709714111
69.059308,0.003999722377885277,-0.03859037156177706,-0.00031644475513047495
69.079308,0.0022707946389882465,-0.038497574358978826,-0.0008257687644480068
69.099308,0.002960048718249037,-0.03802393799536643,-0.0011933678320411919
69.119308,0.0017029391611375609,-0.03787009184152974,-0.0010835776222345508
69.139308,0.0006159461541344901,-0.03774013846158911,-0.0009367477854113072
69.159307,0.0006770883452786642,-0.03803361165504694,-0.0012065613052538256
69.179307,0.0013703517485254058,-0.03750508018651373,-0.0012721790208940257
69.199307,0.0025036850818540967,-0.037590115151568265,-0.001552575291299466
69.219307,0.005900631468793737,-0.037614334265779766,-0.0011938573425983679
69.239306,0.007320561538714801,-0.03730197995341164,-0.0005149529136886579
69.259306,0.005097251515412188,-0.037517597669017626,-0.0012135310022684668
69.279306,0.0015951536133517207,-0.037499672261076,-0.0005433678320991469
69.299306,0.0016937083919014765,-0.03758773752913941,-0.0004860251747634633
69.319306,0.0008299787881848432,-0.0379456396270601,3.46275058965386e-05
69.339305,-0.0002928650346596208,-0.03767967226108901,-0.000228053146790311
69.359305,1.1796970005939863e-05,-0.03801498694639187,-0.0003584494172055785
69.379305,0.0003423797205729135,-0.03793097762239006,-8.775757533354659e-06
69.399305,0.0019842445224174665,-0.038181420512850436,0.0002532289044776206
69.419305,0.003588813286984885,-0.03785256270399716,0.0004275645688273477
69.439304,0.0018981139862976853,-0.03733407785552125,0.001041667132966829
69.459304,0.0015513074594901255,-0.0373952433566998,1.2646153941003446e-05
69.479304,0.001712309790511562,-0.037580791142234934,0.0006284969697909323
69.499304,0.0035550370632520664,-0.03787216643359539,0.0001062358975122893
69.519304,0.003232519580753319,-0.03802927599069837,0.00010588624716087176
69.539303,0.004082309790548792,-0.03789197995338697,8.849696977203717e-05
69.559303,0.0033071815854213327,-0.038244893706289515,1.1550582830178145e-05
69.579303,0.0034802585084863463,-0.03870526666666352,0.0002665622378472517
69.599303,0.0020196524478631977,-0.03921375151515832,0.0006661892774760575
69.619303,0.00033067808888704534,-0.0388539846154088,0.0008906648019625456
69.639302,-0.0012645200463148514,-0.03854232960378008,0.0011153734266873758
69.659302,0.0003787899769696849,-0.03848030163176084,0.00021723822854866182
69.679302,-0.0006287391605687407,-0.03791191002337008,0.0004288932402183855
69.699302,-0.00043368088549943195,-0.037893961305418444,-0.0001700578087442337
69.719302,0.00035233310051494416,-0.037200464801933356,-9.218647923185989e-06
69.739301,0.000976738694921903,-0.03724790069938412,-0.0005523421910513778
69.759301,0.002057904196090451,-0.03740734125880373,-0.0011377501164563056
69.779301,0.0034150603732662575,-0.037774101165547684,-0.00079241212112523
69.799301,0.002588277156488062,-0.03839424102567053,-0.0005526918414096853
69.819301,0.0015682305364499776,-0.038631187412596926,-0.00042611841483252045
69.839301,0.0013416804199004955,-0.039125336596728656,-0.0003967477854517734
69.8593,0.0001668086250232049,-0.03915785407921492,-0.0003494284381172736
69.8793,-0.0010994151511985587,-0.03908568624704485,5.86368299660867e-05
69.8993,-0.0009042170160008733,-0.0392747072260656,-0.000128659207342032
69.9193,0.00039361515183110047,-0.0384260125873852,0.00016364848496171707
69.939299,-0.0001710235428225835,-0.037977784149171696,0.00019686526817625736
69.959299,0.0019993727275530574,-0.037623005594406934,0.0004648139861215815
69.979299,0.004150072028253898,-0.03743060466202483,0.0008483571096567282
69.999299,0.005228859907022205,-0.03775522004666495,0.000717261538564066
70.019299,0.004705363403541992,-0.038285010256475446,0.0007726228439228697
70.039298,0.004436738694929274,-0.03887743449891661,0.0009298489511468762
70.059299,0.0025248272730552714,-0.0388315137530058,0.0010135552448554254
70.079298,0.0019187899770285362,-0.039051420512924456,0.0009161193474211957
70.099298,0.0003921233103716457,-0.03861825034973068,0.0013311076924006138
70.119298,-2.309813484717416e-05,-0.03804041818186225,0.0014090564103502235
70.139297,-0.0012701377618765132,-0.03739438088579234,0.0012389864802846116
70.159297,-0.0008220958038442526,-0.037107457808863854,0.000694231235539968
70.179297,0.0009410743593083904,-0.03756943916083688,0.0003532055945225492
70.199297,0.001485013753238183,-0.03804004522143405,-0.00014283170150471448
70.219297,0.002517787646020697,-0.038501933333305594,-0.00030625827492996243
70.239296,0.003964664102875235,-0.03875503356640865,-0.0008222256408905085
70.259296,0.0039218202800473615,-0.038720884382287386,-0.0011123188809800961
70.279296,0.005677647785866345,-0.03852295897436454,-0.0011362349649009888
70.299296,0.003773708391898132,-0.0378081804195674,-0.0007022023308776631
70.319296,0.0025460627042455685,-0.03765887972025409,-0.00023761025629149066
70.339296,0.0012314939396726133,-0.03737647878786389,0.00030005874137313673
70.359295,-0.000368715850532525,-0.0373215836830088,0.000543648484960036
70.379295,-0.0015224687642721737,-0.03789207319350012,0.001056468997789624
70.399295,-0.0006733312351282627,-0.03805515011657554,0.0005881706294778947
70.419295,-0.0005098580416342519,-0.038359532400959434,-5.705081575066125e-05
70.439295,0.0019389298371360983,-0.038317667599094864,-0.0004053025640088037
70.459294,0.003621237529462416,-0.03783316876460343,-0.00034143310014636205
70.479294,0.004869675757891595,-0.03765006853150967,-0.0005430648017778013
70.499294,0.004557950816147538,-0.03716806386948279,-0.00044772680643882703
70.519294,0.0036379974361842476,-0.037096735198164074,0.00016509370639586975
70.539294,0.003591960140131742,-0.03723153706296639,-7.010442880788761e-05
70.559293,0.0025486734268587094,-0.03736403123545254,0.00012919627049048438
70.579293,0.0021811675993675386,-0.0374199752913746,0.00011637575767848993
70.599293,0.002977251515433841,-0.03754118741258545,-0.0007134610721699899
70.619292,0.002690817949015888,-0.03760095431236734,-0.0008663748250840493
70.639292,0.003569279487468602,-0.03762957902098126,-0.000633740792450641
70.659292,0.0036565055947071585,-0.037686572027981424,-0.0008083328670344004
70.679292,0.003416155944342102,-0.03795799393943622,-0.0007125286712208627
70.699292,0.0033913074595081226,-0.03802018508162564,-0.000231176689859857
70.719292,0.002849116317313158,-0.03772680512825552,0.00023269277402301934
70.739291,0.0024694193476080943,-0.037505010256442914,-0.00032884568752394844
70.759291,0.0012657130539070944,-0.0371718400932304,0.0004993594406715087
70.779291,0.0013740114222092305,-0.03683375151512355,0.0005232755245892214
70.799291,0.0010619601401656287,-0.037109229370609745,0.0004723431236550303
70.819291,0.0009287200469407488,-0.03736053473191398,0.0008244410257469657
70.83929,0.000586179254410414,-0.03752638554777272,0.0004829724942830046
70.85929,0.00032699510522290055,-0.03802239953380747,1.793752925028974e-05
70.87929,0.0009133354315536352,-0.038418436829870437,0.0003102452215524488
70.89929,0.0019341279723421173,-0.03861298228440649,0.00016409137539924925
70.91929,0.0025556198138092893,-0.03842118741260665,0.0003013874126936834
70.939289,0.00142790419607247,-0.03780918275060006,-0.0001990787877656131
70.959289,0.0017869951051657275,-0.03758960233099367,0.00014637575768701853
70.979289,0.002809862238062784,-0.03771869324009362,-0.00027702750570621275
70.999289,0.001554244522467474,-0.03786496363636785,-0.00012113006981547323
71.019289,0.0017105149187307623,-0.03770743449883203,0.00012817062949976334
71.039288,0.001024827273066092,-0.03715377482519855,-0.0007391720278467722
71.059288,0.0016237783220128105,-0.03737489370632998,-0.0005867477854427177
71.079288,0.0031330090912242946,-0.03784820372963701,-0.0007467710954759449
71.099288,0.003663172261366004,-0.03801041818182722,-0.0006851160838287245
71.119288,0.002739162937337398,-0.03816771421911197,-0.0002866312353508864
71.139287,0.004178230536418694,-0.03786664195803239,4.565314693197298e-05
71.159287,0.005235526573719212,-0.03781020839157753,0.0008068419581340306
71.179287,0.0041479041961365905,-0.03772265594401081,-9.047738918188219e-05
71.199287,0.0021008412590871207,-0.03700964895098499,0.0001841146854059259
71.219287,0.001659069697306775,-0.036701257342604016,0.0002217836830842302
71.239287,0.0005464123546575245,-0.036805686247066066,5.5350116646861024e-05
71.259286,-0.00011929860106976178,-0.037376968298385556,-6.318135190547009e-05
71.279286,-0.00023349440529790466,-0.03774431095574206,-0.0005422023309365883
71.299286,-0.002395988577790339,-0.03755843682988883,-0.00034136317010416894
71.319286,-0.002369997901811222,-0.03765461398607386,7.297249422739645e-05
71.339286,-5.4683216487133156e-05,-0.0374219100233495,0.00030176037302330136
71.359285,0.0004789997672137343,-0.037497014918438085,0.00018555990684484853
71.379285,0.0007387666670031967,-0.037350324941725195,-0.0004907804194950423
71.399285,0.0015119135201458256,-0.03741652540792283,0.00010947599076964262
71.419285,0.003898393706618453,-0.03760079114219716,0.0005469818182823033
71.439284,0.00450009533830457,-0.037835965967396745,0.0010484969698112228
71.459284,0.0031120533802584203,-0.03840820372965893,0.000940921212224043
71.479284,0.0016052701634909601,-0.03872654871800897,0.0008372848485880416
71.499284,8.08878791158645e-05,-0.03842734125880273,0.0009125762238806577
71.519284,-8.223566401082818e-05,-0.03822594265737201,0.0006889165502238608
71.539284,-0.00032794661972206443,-0.03790356503495765,0.0001503617716756889
71.559283,-0.00011211911388455081,-0.03757766759905674,-0.00017339114207445144
71.579283,0.000793568531790723,-0.037567341258724136,-4.3181351867983635e-05
71.599283,0.0013827526809384902,-0.037644427505810804,0.00019376503507166138
71.619283,0.00315300909118493,-0.03676135058272627,0.00033814731944611183
71.639282,0.002911983450153539,-0.03621682843821414,0.00022299580429382127
71.659282,0.002311680419856132,-0.036310301631707856,0.00025134079264038667
71.679282,0.0011345941727800507,-0.03667556969698653,5.602610732962499e-05
71.699282,0.002632706060886945,-0.03679785407925368,0.00016674871805094277
71.719282,0.0026209111890911118,-0.03699624568764207,0.00014017529148100652
71.739281,0.00299692517509228,-0.03750088438228771,1.660885791755293e-05
71.759281,0.004142030070181893,-0.03786209650350159,2.812400943384203e-05
71.779281,0.004171657109798263,-0.038753937995340756,0.0003385902098968942
71.799281,0.003612892541016594,-0.03865447412587414,0.0002748139861205671
71.819281,0.004689885548028482,-0.038068763170156346,0.0003031589744692524
71.83928,0.004170025408196122,-0.03803065128206118,0.0001875645688788997
71.85928,0.0037984403266306957,-0.038020931002374976,0.0002982871796002175
71.87928,0.0013407013988916154,-0.03789263263407882,0.0006512708625751676
71.89928,0.0006837783219946815,-0.03783939254083693,0.000665000466302968
71.91928,0.0003030324012454354,-0.03763799393946186,0.0007469351982375382
71.93928,2.4803963003944274e-05,-0.037629858741309564,0.0005099888112952431
71.95928,-0.0007140538458625405,-0.03803104755248083,0.0004723431236518501
71.979279,-0.0024452892770815775,-0.038416338927777835,0.0006339981353073592
71.999279,-0.0022585993003801097,-0.03835083776226184,0.0002331822844991037
72.019279,-0.0013097648015322958,-0.0380339379953539,0.00023539673671697518
72.039279,-0.0008567111884602231,-0.03829009184152565,-0.0001118293705059255
72.059278,-0.0001585993003422578,-0.037871886713322735,-0.00025754032621894276
72.079278,0.000848813287060301,-0.03760815710956626,-0.00023761025629149066
72.099278,0.0018579275061771556,-0.03713041818181979,-0.0003040438227242813
72.119278,0.004101983450217301,-0.03683957902099305,-0.0002974004660786172
72.139278,0.0052052468534608196,-0.036565196736597014,-0.0004679132865875915
72.159277,0.004533358741556602,-0.03701435757575275,-0.0004125519812256076
72.179277,0.0031597456879617586,-0.03706270256411189,-0.00013131654999266537
72.199277,0.002191354079559041,-0.03719790069930047,0.0002916438229630337
72.219277,0.002190561538756842,-0.037416292307695616,9.455757587882298e-05
72.239277,0.002023451981673279,-0.03768505687646003,-0.00031954498821970057
72.259276,0.0005799088581187484,-0.03752528997667779,-0.0007070741257456381
72.279276,0.00027830046652506195,-0.03767554638692267,-0.0008403841490540517
72.299276,-0.001418715850487055,-0.037769742191131876,-0.0005082163168948683
72.319276,-0.0005723988341681967,-0.03802650209791664,-0.000728332867006887
72.339275,0.0006274846156894006,-0.038126408857848355,-0.0007194750581528917
72.359275,0.00061077132894676,-0.038441094172531,-0.0005378899765725805
72.379275,9.629580448064859e-05,-0.038110091841542855,-0.00029872913741612396
72.399275,0.0014619834501488939,-0.03769552307698461,-0.00011714405583369283
72.419275,0.0029776477858360012,-0.037632795804239214,-0.00023672447541218597
72.439274,0.004173568531788601,-0.03736869324013033,-0.0005423188810014332
72.459275,0.0023269018651022183,-0.03712647878791313,-0.0006751860138643646
72.479274,0.0007796291378488914,-0.0368894857809079,-0.0007947664334396778
72.499274,-0.0002602776220760419,-0.036829812121228024,-0.0006171673658427369
72.519274,7.002540822728795e-05,-0.03677617575757761,-0.0004218526805298554
72.539274,0.0008725428907135629,-0.03741950909090905,-0.00022033752901467189
72.559273,0.0008249205130810383,-0.037877061538433614,-0.00013175944043814771
72.579273,0.0001875079256803149,-0.03797438088574311,9.411468543281068e-05
72.599273,0.002183941492125419,-0.03773046480181161,5.425454557260624e-05
72.619273,0.0028493027975102976,-0.03811619906754032,-2.3694172373823433e-05
72.639272,0.003696016084237146,-0.03786146713282133,8.747132878555655e-05
72.659272,0.004338836597055461,-0.03747081445218717,-0.00023849603717609506
72.679272,0.0037214706296936763,-0.037228413519788194,-0.0005064447551240694
72.699272,0.0029443610725760874,-0.03683111748251154,-0.0005972372959174049
72.719271,0.003143941492174674,-0.037011840093243216,-0.00078546573414497
72.739272,0.0029877410259689496,-0.03756391468532848,-0.0012708736595431994
72.759271,0.0015238249420536742,-0.03772309883450929,-0.0009249762236514456
72.779271,0.00012163379985378304,-0.037897434498837285,-0.00039395058262930234
72.799271,0.0012453634035754317,-0.03740617575754525,-1.3064801749029169e-05
72.819271,0.0007917503499522208,-0.03732062797199932,0.0002925296038418081
72.83927,0.0004823097905074502,-0.03715946247084269,0.001081317482616713
72.85927,0.0023175778557699487,-0.03707752773891872,0.0009369351982396127
72.87927,0.00134039836859571,-0.036921047552440335,0.0010481006994016429
72.89927,0.002471773659955933,-0.037461840093261436,0.0005099888112963032
72.91927,0.0025888132870191287,-0.03808365827510924,1.616596748002077e-05
72.93927,0.0030529624711619387,-0.03851890303036654,-0.0005928083914859022
72.959269,0.003198300466490747,-0.03871908951054898,-0.0006703142189889696
72.979269,0.003074337762505523,-0.03923090769233743,-0.0008939738926436466
72.999269,0.0030609344991000594,-0.03902468391608099,-0.00022698088566033598
73.019269,0.002397671095849126,-0.039069812121215575,-1.1067597888477355e-06
73.039268,0.0018274846156812739,-0.03947934592074362,7.152727284624494e-05
73.059268,0.001789279487490983,-0.038817038228416305,0.00020217995349501475
73.079268,0.001005782983998864,-0.03849309883449075,-0.00021192261060456883
73.099268,0.0012027759909731099,-0.038441653613065174,-0.0002938573425396691
73.119267,9.342867163241494e-05,-0.03828918275060614,7.152727283988463e-05
73.139268,-0.00013552237733578827,-0.03771913613055765,-0.0003399179486027054
73.159267,-0.00044447342629175447,-0.03769708484850692,1.882331013701433e-05
73.179267,-0.00017104685289194538,-0.03792862331003957,0.00044222657353607594
73.199267,8.046829864964282e-05,-0.03754060466203968,0.000648170629482762
73.219267,0.0010093494175441033,-0.03723687505831423,0.0003182172495377399
73.239266,0.001264873893091783,-0.037521373892804986,-0.0002730414917101222
73.259266,0.0006241279723581924,-0.03737349510493332,-0.0003235310022004211
73.279266,0.0005863191145308406,-0.037749019580476426,-0.0008062815849458966
73.299266,0.0010865289047184742,-0.037722236363702,-0.0005644634031340365
73.319266,0.0012900254082126572,-0.038271070862517714,-0.0009608503495166195
73.339266,0.0007945009326783688,-0.03804773752917213,-0.0014086125872735755
73.359265,0.00012042167861716198,-0.0384479473193891,-0.0008155822842512044
73.379265,0.0011037550119456102,-0.0382671314685888,-0.000769078787751696
73.399265,0.002592333100548606,-0.037339765501221034,-0.0010667011653678424
73.419265,0.0032968552450505736,-0.036824520745959016,-0.0005684494171253571
73.439265,0.0024611442893533986,-0.03657347179490789,-0.00041122330990400085
73.459264,0.0022895825177938816,-0.03634913613057416,-3.2551981239479014e-05
73.479264,0.0013710044291902195,-0.037071257342706554,-0.00011005780874625647
73.499264,0.0007703284385086035,-0.037399089510560105,0.0002092662005707911
73.519264,-0.000988739160523743,-0.03802230629377118,-0.0004909435896244098
73.539263,-0.0022191587409373663,-0.03828794731939079,-0.0009537641024344832
73.559263,-0.0032447997665499013,-0.03883004522148427,-0.0009112466199167551
73.579263,-0.00321633822810139,-0.0392439379953836,-0.0014958620045226632
73.599263,-0.0019624454542181867,-0.03897256270400764,-0.0014276568763137735
73.619263,-0.0007020025638167743,-0.03886032494176704,-0.0006587990674695005
73.639262,0.00040958251775762315,-0.03871137389279455,-0.00010341445209211225
73.659262,0.0010398389280022163,-0.03868480046621348,0.00042141072272189887
73.679262,-0.0015106039624548165,-0.03933191002333704,0.0008310843823862697
73.699262,-0.0020072240090819103,-0.03859172354315054,0.0014843477856380698
73.719262,-0.002249158741002076,-0.03808277249419019,0.0015348372961283688
73.739261,7.596946412241623e-05,-0.03764069790209751,0.0011495226108187127
73.759261,0.00197993216810752,-0.037430791142195476,0.0009147906760911091
73.779261,0.002215060373245764,-0.03738943916086415,0.0002522265735393012
73.799261,0.0025300487182608844,-0.03718370489516277,-2.4579953262668234e-05
73.819261,0.0015584636366632165,-0.037349089510543235,0.0003279608392720996
73.839261,0.00034704172526183884,-0.03776163030308022,0.0004962592075695628
73.85926,-0.002347783449552154,-0.037791117482557084,0.0010148839161855125
73.87926,-0.004654426806185996,-0.03807794731938674,0.0007956531469570381
73.89926,-0.0055267344985226625,-0.0382431454545743,0.0006605715618772954
73.91926,-0.0053694617712468536,-0.038329112820551466,0.0007690797203849819
73.93926,-0.0027034944053010218,-0.03842857669001809,0.0005347906760980908
73.959259,-0.00039787668966479036,-0.03805242284386151,-0.00020926526794492518
73.979259,-0.0007807904425811658,-0.0375330755245004,-0.0006167244753951346
73.999259,-0.00038661794839207425,-0.03718911282054538,-0.0011814097900725304
74.019258,-0.0005375736593747657,-0.03692538321678891,-0.0009537641024291831
74.039258,0.00031128414949278024,-0.036495686247095066,-0.0011021324007997237
74.059258,0.000663545221746414,-0.036752073193460646,-0.0007456055942805257
74.079258,0.0029828692310511543,-0.03685755104893402,-0.0004156522143339138
74.099258,0.0018152934734509503,-0.03773549976688634,2.879254190282657e-06
74.119258,0.002243172261344977,-0.037599858741232665,0.0005941379954402647
74.139257,0.0034127293708870795,-0.038051280652648005,0.0011145342658291334
74.159257,0.004314291142455376,-0.03765890303027681,0.0008930890443886177
74.179257,0.0021559927741555724,-0.03767862330998865,0.0008510144523200821
74.199257,0.0019248272730092485,-0.03748853006991158,0.00017560652692613854
74.219257,1.506037326269409e-05,-0.037353914685302164,0.00014726153858328326
74.239256,-0.00040855268031965745,-0.03693680512823074,-0.0008603142189799139
74.259256,-0.001058063169833849,-0.03727535990679042,-0.0009444634031302353
74.279256,-0.000860137761914716,-0.03707601258745191,-0.0010817594404267895
74.299256,-0.002641932633708116,-0.03773715477859653,-0.0012722023308695761
74.319256,-0.0014629582747364997,-0.03780090769235596,-0.0007389622376359217
74.339255,3.032843852984182e-05,-0.03825184009329151,7.308158621255486e-06
74.359255,0.0021557596739437317,-0.038203262004718935,0.00036383496513992355
74.379255,0.0035212841494550486,-0.03863309883454592,0.001083089044386982
74.399255,0.004841936830108749,-0.038353937995393994,0.0014108279721226128
74.419255,0.0036085335666988356,-0.03813256270402005,0.0015746974359917532
74.439255,0.00420081794899254,-0.03719832027976192,0.001187611188910768
74.459254,0.003703242191398898,-0.03690561631704276,0.0009316205129224453
74.479254,0.003317158275324603,-0.03723724801865551,-9.367086235139257e-05
74.499254,0.0026417736599459608,-0.037388763170171854,-0.00018889230756669067
74.519255,0.0023283703965612116,-0.03744009184151721,-0.0008244400931025498
74.539253,0.0015351303033421528,-0.03753295897438679,-0.0009945100231713421
74.559253,0.0018432888115187097,-0.0376784834499191,-0.0011539505826100396
74.579253,0.0021271815854203057,-0.037650418181858436,-0.00036560559427531675
74.599253,0.0005879041961474312,-0.037480138461582505,4.628251760586521e-05
74.619252,-0.0006967111884735677,-0.03738750442893272,0.0003403617716804135
74.639252,-0.0016973405591036756,-0.03726468391608521,0.0009271916084967727
74.659252,-0.0006897181815066963,-0.037731700233082616,0.0011636951049951755
74.679252,-0.0005529116547328671,-0.03808743449878742,0.0014954200467168267
74.699252,-0.0010166645685074378,-0.03834421771558642,0.0014400587413553728
74.719252,-0.0012802310020672317,-0.03883333193470703,0.00046348531479308464
74.739251,-0.00219992797176946,-0.038731676923073347,4.938275069562111e-05
74.759251,-0.0017112799531154679,-0.03808591934733069,-0.00041963822832099407
74.779251,-0.0018811634029876506,-0.03736545314687987,-0.0012256988343684778
74.799251,-0.0011412566430891733,-0.036983028904469785,-0.0015224354310978995
74.819251,-0.0007911167829455661,-0.0366060125874614,-0.0015534377620961583
74.83925,0.0010576710958444828,-0.03673086107231691,-0.0012784027970655179
74.85925,0.0033463890445695546,-0.03701468391613763,-0.0007491487178173538
74.87925,0.0024117969699642464,-0.03725020839167804,5.0268531590295885e-05
74.89925,0.0028310510492155884,-0.03822769090916514,0.0004732289045449349
74.91925,0.00346303240123324,-0.03850335524482197,0.0003000587413773768
74.93925,0.003034267832485349,-0.03827062797208602,0.0006588000001102063
74.959249,0.0033558529140736604,-0.038110744522179045,0.0011769818182817335
74.979249,0.002249955478183679,-0.03806074452216218,0.001282832634131896
74.999249,0.002434827273046115,-0.03796202657343377,0.0012558163171170079
75.019249,0.0019008645690784245,-0.037814590675993805,0.0011008046621045129
75.039248,0.0014475312357522482,-0.03797904289045429,0.0009209911422934107
75.059248,0.00018028181849312258,-0.03808657202800504,0.0006087533800563795
75.079248,-0.002429182050976858,-0.037907877389328014,0.0006419701632714499
75.099248,-0.0018279699297774252,-0.03805114079257846,0.0006016671329710632
75.119248,-0.000985429137244867,-0.037668087179537416,0.00031201678332165773
75.139247,0.0005771349653195287,-0.037612865734295856,0.0005272615385630516
75.159247,0.002129978788136775,-0.037945056876468757,0.0011650237763199624
75.179247,0.0019245475527185747,-0.03808167692309367,0.0011650237763231423
75.199247,0.0025565988347667585,-0.038437690909108764,0.00015257622389356045
75.219247,0.0035177643359377616,-0.03850552307693133,-0.00016541911410188043
75.239246,0.0016945242426940673,-0.03852487039628015,-0.0005945799532561711
75.259246,0.0011486268068016364,-0.03857461398604708,-0.0010458853145547255
75.279246,0.0004384170166062427,-0.03825351841494864,-0.0010835310021970585
75.299246,0.0009233587415367985,-0.038080791142198464,-0.0013249062935671463
75.319246,0.001264780652936237,-0.037335919347320994,-0.0011672372959029577
75.339245,0.0019419834501570913,-0.037003961305350934,-0.001105675524339202
75.359245,0.0016013307695079814,-0.03705386806528433,-0.0005702209788887361
75.379245,0.0007208878790762671,-0.03737216643359051,-0.0006658853145526968
75.399245,0.0014784869466573638,-0.03808323869467482,-7.019766887704203e-05
75.419245,0.001317764335940912,-0.03874538321680811,0.0006543710956739336
75.439245,-0.000614986246801789,-0.03903081445224481,0.0008975179488153505
75.459244,-0.0002127251745307606,-0.038848693240147746,0.0006867020980028094
75.479244,0.00017380163198371624,-0.03921074452219072,0.00041653892784279385
75.499244,0.00034701841518929634,-0.03914834358977031,0.0001862358975435128
75.519243,0.0017721699303493623,-0.03922363496503589,-4.206992895033803e-06
75.539243,0.0017139881121814068,-0.039036199067599406,-0.00042938181806171413
75.559243,0.0012935685317786356,-0.039091187412584064,-0.0006862582749309313
75.579246,0.0008330324012275668,-0.038929602330989826,-0.0005591487178242895
75.599243,0.0009491629373495167,-0.039046944988333034,-0.0003859785546556714
75.619242,-0.0006298580416498165,-0.03874062797200763,0.00017250629382260265
75.639242,-0.0018231214448993114,-0.03783316876456897,-8.437016304714459e-05
75.659242,-0.0011807205125260176,-0.03698351841493103,-0.00019509277376581244
75.679242,-0.00016011445192407503,-0.037196175757593666,-0.00014371748239143888
75.699242,0.0010796757578672596,-0.03748356503499407,-9.72139858855703e-05
75.719242,0.0027007013988897552,-0.038322889044329095,-0.0005494051280681995
75.739241,0.0028295125876926725,-0.038309392540839635,-0.0007708503495134849
75.759241,0.003968463636641326,-0.03867664195809412,-0.0011207337993965594
75.779241,0.0025060160841686146,-0.03849631561777096,-0.0008372839159547558
75.799241,0.0008523331004906668,-0.03825741118883582,-0.0009263048949757025
75.819241,-0.0002059186477551989,-0.03776976550117686,8.747132878714653e-05
75.83924,-0.00028629160813353023,-0.03782242284383958,0.0003129025642142124
75.85924,-0.0015850794869527217,-0.03743957902098396,0.0007819235432287077
75.87924,-0.002573680885539645,-0.03763911282053021,0.001486119347411519
75.89924,-0.0029611867130375615,-0.0378785067599425,0.0013793827506772816
75.91924,-0.002316431468284629,-0.03830041818188051,0.0012310144523115106
75.939239,-0.0012063382281749862,-0.03844720139867315,0.0013798256411185236
75.959239,0.0013981606063313652,-0.0387218634033641,0.001470175291469557
75.979239,-0.0002864547783005287,-0.038379345920828936,0.001569825641117948
75.999239,0.00021492051308835388,-0.038075872727342294,0.0011884969697964324
76.019238,-0.00014354102537500208,-0.03824801724946772,0.0016181006993951457
76.039238,0.0012372515154114132,-0.03835375151519103,0.0015946275059176152
76.059238,0.00041517692332306315,-0.038186641958073544,0.0012181706294683147
76.079238,0.00018706503521840256,-0.03848368158512219,0.0010325995338988031
76.099238,0.0017002118883763632,-0.038473052214483085,-6.621165489579167e-05
76.119238,0.003795782983942432,-0.038382259673691334,-0.00036737715605777613
76.139237,0.0037999554781293016,-0.03808480046624484,-0.0007039738926495221
76.159237,0.005404687412842518,-0.03802542983688259,-0.0006286825173569062
76.179237,0.003508696736849595,-0.03749505687648498,-0.0007035310022061599
76.199237,0.002559372727538947,-0.03719573286716514,-0.0006614564101312641
76.219237,0.0014651769233348338,-0.03732223636365294,-0.00031777342645579167
76.239236,0.002097880886054191,-0.03763932261072993,-8.304149172818785e-05
76.259236,0.001427787645967874,-0.03806379813519324,-6.576876445242927e-05
76.279236,0.0012799088581009785,-0.03837172354311768,-0.00038952167819779956
76.299236,0.001677414685627708,-0.03846605920744413,-0.0005002442889191173
76.319236,0.00193039836862352,-0.03833295897436459,-0.00039793659661638265
76.339236,-0.0006724687642398788,-0.03829528997670377,-0.0008120391607154364
76.359235,-0.0010602776220676204,-0.03803960233101666,-0.0008053958040729523
76.379235,-0.0032860585078322065,-0.037551723543132604,-0.0005374470861276282
76.399235,-0.002544286946083176,-0.03703619906763874,-9.234219102766564e-05
76.419235,-0.0005114664332751533,-0.03714412447557734,-0.0004072372959163905
76.439234,0.0003531722613615261,-0.03752892634037812,-0.00010607179475546598
76.459234,0.002823218881383585,-0.03741962564105604,-0.00030980139848269087
76.479234,0.004080398368563755,-0.037531070862487546,-0.0006596848483609951
76.499234,0.00601403473219583,-0.037942469463876215,-7.905547774110749e-05
76.519233,0.006642356410511635,-0.03805540652679103,-0.00010341445210006249
76.539233,0.005047088345227794,-0.03825463729600321,-3.919533788143318e-05
76.559233,0.0046229857811099975,-0.03829137389272602,-4.583869452391714e-05
76.579233,0.004660468298602293,-0.038260138461490484,0.00027968578099808224
76.599233,0.005497018415155591,-0.03854396130534512,0.00041919627050879764
76.619233,0.003745363403525596,-0.038627294638707094,-3.0337529017367582e-05
76.639232,0.0023394892776514905,-0.038443308624744627,0.00034257622388821464
76.659232,0.0023235452217137686,-0.03800463729607047,-0.00016453333321303574
76.679232,2.147062967266632e-05,-0.03805687505831308,-0.0005299179485915297
76.699232,0.00040482727303187404,-0.03808971888116515,-0.0006251393938105377
76.719232,-0.00039722400901004765,-0.03791573286716207,-0.0011278200464845257
76.739231,-0.0013362216780050567,-0.03816734125878288,-0.0010015962702619582
76.759231,-0.0010335410253285654,-0.03828617575760515,-0.0006937874124569599
76.779231,-0.0017037508155157677,-0.0381851034965273,7.019860151933797e-05
76.799231,-0.0006671773889464926,-0.038155639627065745,0.0005285902099042688
76.819231,-0.0009302310020096007,-0.03783142051283786,0.0005502918416057
76.839231,0.0008514006996035511,-0.03728668857809156,0.0008177976691055417
76.85923,0.0007050370632267805,-0.03727384475524147,0.0003208745921878434
76.87923,-0.0007701144519459098,-0.03750274918414568,0.00043381165511802237
76.89923,8.867342681179516e-05,-0.03783025501167106,0.00015080466210845103
76.91923,0.0004534053615572768,-0.0384020498834655,-0.00035231888100730905
76.939229,-0.0007953125871567473,-0.039171700233132115,-0.00017737715606895197
76.959229,-0.0016416762235136276,-0.03886647878792549,1.99347329984801e-06
76.979229,-0.0029324221442215935,-0.038498903030355025,0.00023008205138761768
76.999229,-0.0012507205125141172,-0.03802491701636471,0.0002473547786654963
77.019228,-0.0005203475521417997,-0.03782573286716404,-0.00018224895093056685
77.039228,0.00038585291406885024,-0.037646595338007086,-2.236550104903689e-05
77.059228,0.0013513307695211798,-0.03782326200467663,-0.00012157296025671558
77.079228,0.002186831934992134,-0.037740278321673495,0.0003306181819259133
77.099228,0.0029227526809247305,-0.03787524335664812,0.0005365622378667694
77.119228,0.003417274825446498,-0.038112213053614716,0.00021236643368121696
77.139229,0.002792799300976146,-0.0383439146853096,0.000423182284491108
77.159227,0.0023521932403710796,-0.03809570955711526,-3.5652214336654955e-05
77.179227,-0.0005027018645062123,-0.038134054545474735,-0.0003346032632860681
77.199227,-0.002387224009026168,-0.03815818041960012,4.207925520899336e-06
77.219227,-0.0024998580416450717,-0.03858577948721195,9.987226118062003e-05
77.239226,-0.003509718181500664,-0.038596688578118946,0.00014416130546861705
77.259226,-0.0014706272724253557,-0.03876755104897986,0.00010873007003832526
77.279226,-0.0002624687642600618,-0.03887724801867389,0.0007863524476543803
77.299226,0.0013973913756165465,-0.03881314545458848,0.0010804317017347584
77.319226,0.0033015405597500293,-0.03870055804199328,0.0010427860140908355
77.339226,0.005227298135508368,-0.03875999860143217,0.001351037762337076
77.359225,0.004862403030611789,-0.03899146713290514,0.0012075412588414003
77.379225,0.0037633354315407606,-0.039015359906793244,0.00050157389288196
77.399225,0.004144757342957931,-0.038895453146883405,9.58862472025496e-05
77.419225,0.0032474379956467887,-0.039044171095599,-0.00018534918403039275
77.439225,0.0009519368301413157,-0.038413168764591825,-0.0006260251747015026
77.459224,0.0001305615387764723,-0.03858580279721348,-0.00042008111875958636
77.479224,-0.0003889955707552141,-0.03883883310023777,-0.0002167944054725438
77.499224,-0.00028908881085848014,-0.03867708484850038,-0.0003230881117660689
77.519224,-0.00027741048917943303,-0.03845223636364506,-0.00022078041946439438
77.539223,0.0009386034968278659,-0.03879186340327535,0.0005564923077968718
77.559223,0.0011916804198986624,-0.03883018508158826,0.000540991142294032
77.579223,0.001740538228734982,-0.03929860000001466,0.00032574638705528834
77.599223,0.0031746874128567495,-0.03898811048952729,0.0004364689977792561
77.619223,0.0028172981354608276,-0.03872316876457872,0.0009657230770279502
77.639222,0.0033768785550350867,-0.03810475384617275,0.0008328559441613088
77.659222,0.002933918182074232,-0.038134264335698304,0.0012093128206137893
77.679222,0.0010899787881289069,-0.03814382144525408,0.0008107114220181051
77.699222,-0.0003643335661899251,-0.037833565035007705,0.0010724596737605974
77.719222,-0.000551303263156627,-0.03792946247090683,0.0014794759907738049
77.739221,-0.0008066878785388295,-0.0383363622378059,0.002274907226191724
77.759221,-0.0025743801862393003,-0.03854195664341707,0.0019272382285281109
77.779221,-0.002700813752654168,-0.039012795804262645,0.002119895571185059
77.799221,0.00041396480213785306,-0.038330301631758476,0.0018165156178110331
77.819221,0.0016141279723179249,-0.03787447412591368,0.0013802685315719562
77.83922,0.0034759927741863316,-0.037544520745951174,0.0003775645688783241
77.85922,0.003492822611030388,-0.03788379813524383,-0.0007119459206189132
77.87922,0.0025317503499635192,-0.03788918275061909,-0.0016287291373908949
77.89922,0.0032266221448273113,-0.03789372820515413,-0.0011326918413588607
77.919219,0.004082449650638477,-0.0384847305361457,-0.0007783794870501138
77.939219,0.0033940347322147296,-0.03852400792541933,-0.00016231888100099443
77.959219,0.0012842678324256267,-0.03865079114221529,2.1037762355415838e-05
77.979219,0.002090654778814527,-0.03835265594406642,0.0004019235432367492
77.999219,0.0028203284384765897,-0.03788820372961817,0.0002867720280865786
78.019218,0.0029191396272730983,-0.03731417109558366,0.0003532055945193693
78.039218,0.0025665522146764578,-0.037102772494198855,-0.0002048363635160725
78.059218,0.0024726128207288437,-0.037120697902138365,-0.001028612587282677
78.079218,0.002279209557340048,-0.0374126326340685,-0.0011127617714308787
78.099218,0.003512123310239427,-0.03760433426574777,-0.0007318759905495453
78.119218,0.003968673426817196,-0.03814538321679177,-0.0004882862469626461
78.139217,0.0011738948720435368,-0.03834202657343208,-6.311142179278562e-05
78.159217,-0.0015260351978677628,-0.0386351501165475,-0.000133973892654429
78.179217,-0.001414450116266011,-0.0388021664335529,-0.00018269184137180888
78.199217,-0.0021678533796528864,-0.03899876317017163,-0.00025355431223345233
78.219217,-0.0006677368295145911,-0.03917463729606918,0.00017162051293640807
78.239217,-0.0008981097898820356,-0.039267271328713674,1.2179953497710387e-05
78.259216,0.000244244522451749,-0.03929808717952804,-5.425361293508028e-05
78.279216,0.0020179974362150147,-0.03888421771564083,-2.768018636196398e-05
78.299216,0.0041033587415583795,-0.038103704895117975,-0.00018269184137180888
78.319216,0.004181260839484277,-0.03783517342659932,4.318228449967941e-05
78.339215,0.0010933587415559777,-0.03782174685317485,-0.00028721398589082485
78.359215,-0.0006267111885162079,-0.037748203729630836,-0.0006198247084981406
78.379215,-0.002090743822545619,-0.03792920606065584,-0.00042495291363286135
78.399215,-0.004030487412285931,-0.037882609324072336,-0.00026108344976849096
78.419214,-0.004363634265398875,-0.03860594265742015,-0.00024336783205520016
78.439214,-0.004142119113888605,-0.03901069790216527,-0.0005320857807687287
78.459214,-0.0034754524472276308,-0.03841629230773928,7.129417260154296e-05
78.479214,-0.0017682729600462025,-0.03760887972030931,0.00039984895115149465
78.499214,0.001171493939697957,-0.037477760839191805,0.00025427785558275446
78.519213,0.0037375312357407634,-0.037059345920778565,-0.0002529249416099107
78.539213,0.0031337083918995695,-0.03740046480191072,-0.0008263515150282261
78.559213,0.0018424030305742138,-0.037098483449946075,-0.0009478200464964243
78.579213,0.0019208645690332294,-0.037523751515224836,-0.0007882862469668421
78.599213,0.001593498601671737,-0.03729694498840794,-0.00078665454533449
78.619213,0.002437274825467348,-0.03782342517490723,-0.0004770041956878788
78.639212,0.0018554566436658909,-0.038111420512877706,-0.000269894638575454
78.659212,0.0006731955714094991,-0.03781950909095916,-0.000109614918297064
78.679212,0.0002004216786552753,-0.03832116410261434,4.539673671543091e-05
78.699212,0.0017703284385379601,-0.039035849417289326,-0.0004665846152553847
78.719212,0.0028572748254929387,-0.03910673519817422,-0.0011357920744528565
78.739211,0.00244783426606903,-0.03977302890446317,-0.0015285892772478689
78.759211,0.0019349438231606776,-0.039194380885810634,-0.0008056289043049341
78.779211,0.003939582517793904,-0.03941314545457249,-0.00015819300688394718
78.799211,0.006067041725230645,-0.03877808717952543,0.0002826228439229598
78.819211,0.006876389044559724,-0.03857540652685246,0.0009716671329527591
78.83921,0.004432939161114952,-0.0383188331002765,0.0011817137529974812
78.85921,0.0036515405597101385,-0.03794435757580249,0.0006767020979930763
78.87921,0.0025514473196308987,-0.03768608251752124,0.0005612009324973182
78.89921,0.0023876477857986515,-0.03779622237766393,0.00043217995348461037
78.919209,0.0019140347321893653,-0.03791417109561855,-0.00018823962692307802
78.939209,0.0006071582753290478,-0.038410441491873025,-0.0006808969695688519
78.959209,1.0981119170948468e-05,-0.038560581352018605,-2.1922610607264415e-05
78.979209,0.0004910976692757919,-0.03922724801869548,0.0002464689977983822
78.999209,0.0014846641028268747,-0.03922736456880432,-0.0004687990674817363
79.019208,0.0001267853149668519,-0.039385173426601125,-0.0007185892772884274
79.039208,-0.00036263193441626846,-0.03967887972032167,-0.0011880531467590052
79.059208,0.0002667620049908216,-0.03930990536133123,-0.0018169575756629805
79.079208,0.0007892095574454039,-0.038790674592096966,-0.0023625519812504967
79.099208,0.0011761326343726409,-0.0385447305361617,-0.002060337529038499
79.119208,-0.000247643589413486,-0.03811267925411313,-0.0019620857807809383
79.139207,-0.0004618860136571996,-0.037985266666709525,-0.0013901743588633489
79.159207,0.0013928692310856792,-0.037749602331054,-0.0007542769229575217
79.179207,0.0012314006995928595,-0.03746967226113,-0.00021467319333919678
79.199207,0.0014793027974812248,-0.03699577948721203,-2.196923065694693e-05
79.219207,0.0008324263406145565,-0.03727480046623293,0.0004984503497535829
79.239206,0.0021647107229039817,-0.03770044149188902,0.0004156764569777304
79.259206,0.0019703750585814295,-0.037875872727311403,0.0008436484849398513
79.279206,0.0027436151518324334,-0.038173401864822355,0.0006553034965955003
79.299206,0.002060165268389805,-0.038757620979036705,0.0013364456877261923
79.319206,0.0016749904432064057,-0.038962282983709344,0.0013298023310842383
79.339205,0.002782193240400573,-0.03872533659677606,0.0008399421912339052
79.359205,0.0036044076925902686,-0.038447970629423484,-0.00013313473182480716
79.379205,0.003494920513073172,-0.03807943916090449,-0.0007873538460314952
79.399205,0.004573988112117844,-0.038232562704015094,-0.0010891020977705189
79.419204,0.004586575524728067,-0.03865048811194536,-0.0008226918413634821
79.439204,0.004382006760163801,-0.0383541244755959,-0.0006032512819268073
79.459204,0.0031507480189221456,-0.038223611655074985,0.0003176111889385098
79.479204,0.004136831934994232,-0.03816811048953427,-0.0003317128203981527
79.499204,0.0032734752916496173,-0.03837314545456303,5.698181827232311e-05
79.519203,0.002183288811479156,-0.03866981212123224,-0.0004210834497991374
79.539203,0.0010222631704718925,-0.03850946247087986,-0.0006777268064496231
79.559203,0.000254151282370067,-0.03878172354313937,-0.0007815962703234367
79.579203,0.0009535452217302765,-0.039022958974366764,-0.0009439505826706505
79.599203,0.0024862724944722217,-0.039112586013997544,-0.0008968410255485916
79.619203,0.0032748972031060994,-0.03905081445222824,-2.3857342565732114e-05
79.639202,0.0027771116552978968,-0.03842030163173371,0.0005274013987020288
79.659202,0.0032429624711412227,-0.03823610582753814,0.000506655477981986
79.679202,0.004873288811444646,-0.03781265594407085,-0.0004891254077996881
79.699202,0.0040857829839437846,-0.03743223636365507,-0.0007389622376316815
79.719202,0.0033161559443359336,-0.037693425174850664,-0.0012062116548759076
79.739201,0.0027515405597489614,-0.03802778414921294,-0.0012283561770228214
79.759201,0.00227701841524348,-0.03793734125876732,-0.0009807804194530817
79.779201,0.002668067366272394,-0.03830363496507486,-0.0008793585080344216
79.799201,0.002446575524790676,-0.03807123403269093,-0.0003943934730774347
79.819201,0.002604337762530379,-0.03772125734272757,0.0004825296038316924
79.8392,0.0016088365970324892,-0.03740517342664455,0.000989639160930293
79.8592,0.0003579974361914789,-0.037609252680718956,0.0008186834499779561
79.8792,0.0004233354315160942,-0.03738386806531931,0.0005396624709618253
79.8992,0.0003211209793015943,-0.03772594265738939,-2.280839149875914e-05
79.9192,0.0008005848487554048,-0.03794274918420982,-0.0007451160837949013
79.939199,0.0005322165503783093,-0.03823088438233571,-0.0007551393938162252
79.959199,9.172703989797902e-05,-0.03805109417255104,-0.0009367477854192576
79.979199,0.00017342867158254716,-0.03839526666671584,-0.0008438806525602777
79.999199,-0.0010393685312160901,-0.03836184009328621,-0.000554836363522293
80.019198,-0.00040486969672229366,-0.03816839020983978,-5.3670862363341075e-05
80.039198,0.0009441279722938726,-0.03847503356647215,0.00012066480197101546
80.059198,0.0019889065270613407,-0.03872142051286509,0.000604231235527102
80.079198,0.003576528904686996,-0.03914799393944592,0.001082669463957861
80.099198,0.0047187200468718025,-0.03945894965042747,0.0008332289045232574
80.119197,0.0060209578090844665,-0.039011280652775704,0.0008950004662952137
80.139197,0.005892263170387204,-0.03854470722618615,0.0012679841492737297
80.159197,0.0056057829839068485,-0.037984427505898984,0.0007536484849481858
80.179197,0.004242659440782982,-0.03751424102567052,0.0006353501166479769
80.199197,0.0020400254081619305,-0.037479159440577337,0.0005157463870462328
80.219197,0.0022712841494240497,-0.03777869324010219,-0.00029031421899436085
80.239196,0.002746855245002335,-0.03789163030301913,-0.0005630414917157153
80.259197,0.0019261559443218453,-0.03801736456874918,-0.0007763282050050706
80.279196,0.0009467853149794868,-0.03892435757575514,-0.001055582284255833
80.299196,0.0010494892776838516,-0.03886715477857963,-0.0015682163168824516
80.319196,0.0012596058278115778,-0.03870622237766346,-0.0015719226105878677
80.339195,0.000296901865109707,-0.03833992867138241,-0.0016543235429932917
80.359195,0.00021939603758331928,-0.03796347179493735,-0.0014229715616477078
80.379195,-0.0001239372957502758,-0.03807687505834792,-0.0010373072259898144
80.399195,-0.0002465946384233639,-0.03787769090918436,-0.000497330536019611
80.419195,-0.0002413265731839695,-0.038086641958148995,-0.00015513939380889307
80.439194,-0.00010358764545677349,-0.03776964895113427,-8.346107215624896e-05
80.459194,9.499044312558227e-05,-0.03770577948725646,-0.0007632979019960057
80.479194,0.0013097923079397203,-0.03803538321685483,-0.0009275170162271638
80.499194,0.002921424009563903,-0.03805860000007872,-0.001340454079166309
80.519193,0.003139652447833918,-0.038187248018712525,-0.0013467244754388945
80.539193,0.002933032401229908,-0.03844785407932048,-0.001424813053527481
80.559193,0.0024797223779179727,-0.03867300559446376,-0.0014756289043342862
80.579193,0.002565153613368309,-0.039087690909130314,-0.001147563636260949
80.599193,0.0021444776226838044,-0.03912978881121945,-0.0010274004660736158
80.619193,0.001988859907063599,-0.03961685174828494,-0.0007767011653558889
80.639192,0.001237531235710567,-0.03916876317018657,-0.001009661538329654
80.659192,0.0022868552450226133,-0.03863811048954069,-0.0010411300697955863
80.679192,0.0032141279722968426,-0.038292795804241345,-0.0007604773891529335
80.699192,0.002769885548048163,-0.03796540652688416,-0.001060151048823663
80.719192,0.0029504449886414634,-0.037599206060675974,-0.0003226452213295968
80.739191,0.0023350137532164163,-0.037838576690071374,-0.00031576876445354096
80.759191,0.0017675778557937913,-0.03776582610731472,-0.0004697547784408644
80.779191,0.0024858995341351837,-0.03796836689983493,-3.900885770337386e-05
80.799191,0.0028668319350608996,-0.038069322610763665,-0.0005636941723789382
80.819191,0.0020371582753576875,-0.03836943916086716,-0.00029914871784789544
80.83919,0.001359675757854639,-0.03834552307695421,-0.00019346107216738093
80.85919,0.002484197902358347,-0.038141070862502485,-7.064055935220476e-05
80.87919,0.0021762724944249024,-0.03804445081587463,-0.00017451002322177808
80.89919,0.001849675757829639,-0.03775179347322,-0.0008241836828860075
80.919189,0.0027794193475886328,-0.03788794731937353,-0.0001753491840588202
80.939189,0.0031623331005012976,-0.038181863403321886,-0.0003901510488573817
80.959189,0.004716505594679902,-0.03813748111894778,-0.0002727850814914599
80.979189,0.005840188578356108,-0.038571513752967926,-2.6980885688279352e-05
80.999189,0.004300887879056272,-0.03851892634037336,0.0006218536131410283
81.019188,0.0029080673662277316,-0.03814689836833861,0.0007928093240928347
81.039188,0.002826389044572245,-0.03808009184155023,0.0006776578089426643
81.059188,0.0021363424245172047,-0.037699322610772426,0.0011461892774646447
81.079188,0.001600864569050908,-0.03730142051284936,0.0005450237763111848
81.099188,9.969906789652013e-05,-0.03696748111889818,-0.00016220233090275915
81.119188,-0.0002912100230103773,-0.03716794731935329,-7.022097891778355e-05
81.139187,0.0003543377625251449,-0.03727797062937972,-0.0005666079252996449
81.159187,0.0012020533802305936,-0.037601420512828124,-0.0007261650348561883
81.179187,0.0017390696972569082,-0.0382508377622456,-0.0004878200465198829
81.199187,-0.0006414664332575203,-0.03815041818184741,-0.0003959552446516933
81.219187,-0.00046988135167157197,-0.037691513752949365,-0.0008745100232024182
81.239186,-0.00011134988312521234,-0.03779568624716148,-0.0006085426572408636
81.259186,0.0007101419583776178,-0.037753751515228744,-0.00045106013976215447
81.279186,0.0014800020982519008,-0.03756382144529961,-0.0004768177155167098
81.299186,0.0009684170166641656,-0.0374099752914555,-0.0003359086246141039
81.319185,0.0016539881122168202,-0.037917061538531374,-0.000664789743484802
81.339185,0.0014597223779067806,-0.038270185081638416,-0.0007664447551418039
81.359185,0.001673148951322923,-0.038114707226148174,-0.0012954657341585163
81.379185,0.0012993960375522076,-0.038315173426614405,-0.00046085034954036666
81.399185,0.0005917969699291444,-0.03820489370634917,-0.0012826452213375117
81.419184,0.0007268785550062371,-0.03803144382289571,-0.0012186825173916055
81.439184,0.001941051049199484,-0.03782410116555978,-0.0011746265733461902
81.459184,0.003789093007271996,-0.03761736456881461,-0.0009750927738206064
81.479184,0.0037564822846736464,-0.03782619906766034,-0.0009146032633364752
81.499184,0.002760887879102362,-0.03757454405602959,-0.0003598247085678573
81.519184,0.0007558995341102987,-0.03807128065277242,-0.0006468643355914013
81.539183,-0.0020807904425935186,-0.03798822703969105,0.00016907972034796952
81.559183,-0.003432515384314172,-0.03749582610727453,0.0003200354313158204
81.579183,-0.005278389510216374,-0.037933774825234266,0.001198007459292451
81.599183,-0.0048878766897270075,-0.037947271328734856,0.001152436363704439
81.619183,-0.003665032866893865,-0.0379810708625153,0.0007560494173213261
81.639182,-0.0013656622375271084,-0.037635639627073204,0.00043495384623029934
81.659182,0.0019054100235615223,-0.0378303948718058,0.0006231822844589247
81.679182,0.002178020746180931,-0.03832351841492666,-0.00011865920736992951
81.699182,0.0021521466203498706,-0.03810780745922236,2.1294172582558097e-05
81.719182,0.0019932655014930512,-0.03838650209793312,-0.0005633212120222896
81.739181,0.0023079275061694045,-0.03849281911423559,-0.0006913165500161861
81.759181,0.0010783937066594657,-0.03848160699303958,-0.0009326918413862739
81.779181,-0.0001267578084921168,-0.03876214312360096,-0.0007528783215767616
81.799181,0.00013839370664981668,-0.03866519673665501,-0.001331293239983018
81.81918,0.002053428671651136,-0.03880857669001906,-0.0014043701630614728
81.83918,0.0026112841494973886,-0.038489275990704064,-0.000913204661901654
81.85918,0.0032093727275742745,-0.03853901958042648,9.565314693664749e-05
81.87918,0.0012701652683591981,-0.03840941585082454,3.811655098599114e-06
81.89918,0.0010352002334192234,-0.03829915944058202,-0.0005599179486201985
81.91918,1.326550149408438e-05,-0.03852922937068324,-0.0001326685313778038
81.939179,0.001377997436200021,-0.03894053473200487,-0.000334533333237515
81.959179,0.0004575778557870765,-0.03881771421922627,-4.6965034018587015e-06
81.979179,0.0015423097905167635,-0.03933484708636209,0.00039357855487307897
81.999179,0.0026807713289803223,-0.03912997529149026,0.00022120093249765078
82.019179,0.004664617482812553,-0.039344450815934684,0.0011452102564939257
82.039178,0.004598277156493967,-0.039105639627101556,0.0014073314686073768
82.059178,0.003889093007307845,-0.03879829696974303,0.0016851869464524689
82.079178,0.0037998622380808174,-0.03888605920750311,0.0013295925408627872
82.099179,0.002976505594748105,-0.03876263263407811,0.0011192195804904284
82.119177,0.0011504216786587572,-0.03893128065273971,0.0018393594406167914
82.139177,0.002003941492142088,-0.0389913039627938,0.0012808745921411673
82.159177,6.582960402087688e-05,-0.03897563962714675,0.0011387067599792884
82.179177,0.0003952235434280109,-0.03919855338004997,0.0014930191142890955
82.199177,-0.0004244967362891795,-0.038467924009401744,0.0009487067599819841
82.219177,0.0004603284385280649,-0.03849794731939007,0.0005788932401751677
82.239176,0.00020522354343335673,-0.03791890303033748,-7.83561770674229e-05
82.259176,0.0007462025643996503,-0.037474264335678686,-0.0008312699299702641
82.279176,0.0011442212124061052,-0.037196618648034904,-0.0003835076922148978
82.299176,0.001170095338269496,-0.03706708484850113,-0.00018199254070130422
82.319176,0.0006081139862754558,-0.03705575617718039,-0.0002816428903491652
82.339175,0.0012929391610867233,-0.037082189743625135,-0.0003635776222810854
82.359175,-0.0003258020976624577,-0.037536618648038284,-0.00042779673649706454
82.379175,0.000400724708896737,-0.03769526666668538,-0.00020635151505442914
82.399175,0.0009690463872299357,-0.037953914685310564,-0.00034586200456567456
82.419174,0.002288626806805603,-0.038344777156190564,-0.0005119459206495064
82.439174,0.002296715384890189,-0.03814177016317935,-0.0003458620045688547
82.459174,0.0026676710958564533,-0.03836379813520062,-9.119999991061861e-05
82.479174,0.004051120979316822,-0.03815284242427401,0.0005558629371425897
82.499174,0.005121657109844145,-0.038251234032665254,0.0005983804196603177
82.519174,0.004885456643648007,-0.03793076783221155,-0.0003339039626081431
82.539173,0.005445922844120122,-0.03790398461542864,-0.0004574703961705368
82.559173,0.003682053380244503,-0.038182399533830166,-0.0010881463868347109
82.579173,0.0042932655014764586,-0.038112819114239915,-0.00196551235418084
82.599173,0.005032100000302732,-0.03815992867133548,-0.0018162582749315249
82.619172,0.003970211888409543,-0.03811645547787135,-0.0027418993005601513
82.639172,0.0025275545457385576,-0.03788584941726185,-0.0025558853145488678
82.659172,0.002172752680942596,-0.03835004522146229,-0.0021794284380990373
82.679172,0.00141277599098458,-0.03783186340330401,-0.0016966778553588614
82.699172,-0.0002591121209034131,-0.03765645547788632,-0.001466817715503473
82.719172,4.4734032930865766e-05,-0.03764477715623589,-0.001248029836718891
82.739171,0.0008619601401532913,-0.037924730536184725,-0.0008494284381258569
82.759171,0.001531144289334402,-0.038277527738973666,-0.00017224895095422426
82.779171,0.0022757363639212052,-0.03828410116553685,0.000394650815939453
82.799171,0.002766598834763918,-0.03833235291379398,0.001393811655086717
82.81917,0.002144967133147699,-0.03832745780891124,0.000755606526892804
82.83917,0.0018807247089067313,-0.03842801724949027,0.00021483729613312093
82.85917,0.0006905149186951897,-0.03825631561779655,0.000569149650439748
82.87917,-0.0013289023307163795,-0.03776053473201869,-6.418368288778e-05
82.89917,-0.0008615363633458275,-0.03739319207466218,-0.0007639505826480987
82.919169,0.0012070184151873327,-0.03731139720287454,-0.0006089389276398437
82.939169,0.0037030790212525706,-0.03783121072269008,-0.0010385426572401468
82.959169,0.004046412354566555,-0.0382070615385481,-0.0007001743588754818
82.979169,0.003975270163416357,-0.038848157109629924,-0.0004942303029378055
82.999169,0.005134500932652891,-0.03912601258745965,9.215664344367167e-05
83.019169,0.003804967133163284,-0.03907389137532852,7.709836838419438e-05
83.039168,0.003914687412895402,-0.039282982284416235,-7.304149175184554e-05
83.059168,0.0025511209793271125,-0.03908964895106698,-1.7361304452497743e-06
83.079168,0.0016403983686046762,-0.038969042890438406,-0.00029891561761591373
83.099168,0.0010943843826118891,-0.03877766759907193,-0.00010404382274586445
83.119168,0.0005124729606861573,-0.03807452074592482,0.00022369510498976633
83.139167,0.001208090676296637,-0.038119462470899895,0.0006001519814427769
83.159167,0.0003600254081888904,-0.038004217715672084,0.00026355524485050083
83.179167,0.0009907713289222882,-0.03816123403267942,-0.00011511608381879128
83.199167,0.0011871582752999534,-0.0380603482517685,0.0002861426574280565
83.219167,0.00036585291400062313,-0.0379349403263592,0.00011120093248545934
83.239166,0.0026900720282262694,-0.03813228298371083,-0.0003210601397691875
83.259166,0.002877368065535978,-0.03853689836831327,-0.0011585659672609424
83.279166,0.0029326594408313885,-0.03844377482517891,-0.001200640559332128
83.299166,0.002011284149480516,-0.03871484708627222,-0.0006222256409253417
83.319165,0.003964314452532827,-0.03824990536132562,-0.0006948596735599041
83.339165,0.006772356410580393,-0.038233914685338224,-0.0006040671327655085
83.359165,0.0058401652683869165,-0.03792083776226786,-0.0012467011653877439
83.379165,0.007084897203110149,-0.037333868065289724,-0.0013751393938250026
83.399165,0.007446901865090193,-0.037548413519813445,-0.001324206992896642
83.419164,0.007292356410513571,-0.03744265594406742,-0.0011342069929003973
83.439164,0.007694594172752868,-0.03718904289046132,-0.0011966545453482274
83.459164,0.0062778109559558735,-0.037228786480202614,-0.0012763748250723464
83.479164,0.004924454312575308,-0.03706309883451564,-0.000377307226018956
83.499164,0.003413498601643768,-0.03744048811193209,0.00057933613061058
83.519164,0.0024049904431436334,-0.037587154778611125,0.00010987226115060232
83.539163,0.0020289997671667764,-0.03775454405600126,0.00024672540800644416
83.559163,0.0010144310026102082,-0.03771081445230468,0.0004349538462366596
83.579163,0.0011082305364156647,-0.037406548718021675,0.0005394759907583256
83.599163,0.002472030070203215,-0.03837459067605443,0.0005084736597600666
83.619162,0.002795013753187127,-0.03791412447558742,0.00023875338004288355
83.639162,0.00403161048978563,-0.03777279580424827,0.00019667878797116763
83.659162,0.003781983450163958,-0.037659858741323396,3.5466666759020855e-05
83.679162,0.004881913520078319,-0.03773957902103585,0.00019047832176886584
83.699162,0.0041950836832515504,-0.03781044149189697,0.0004340680653557649
83.719162,0.0027157829839459823,-0.03779272587419692,-3.9824708531475234e-05
83.739161,0.003396598834776068,-0.037985826107290344,0.0007866088578905329
83.759161,0.004433591841755385,-0.038231234032710976,0.000903974825257515
83.779161,0.0038609811191540402,-0.03801344848488751,0.0003809212122137727
83.799161,0.004348463636646534,-0.038436268997711645,0.00034991888121074354
83.81916,0.0037022165504187778,-0.03814384475528422,-0.00015054731925067278
83.83916,0.0025478342660163675,-0.03820095431238686,-0.00047385734255798084
83.85916,0.0015244543126464757,-0.038225056876492705,-0.0009388923075885759
83.87916,0.0019348039629787702,-0.03796515011658493,-0.0007528783215778219
83.89916,0.0009877410258906255,-0.03758382144526183,-0.00023469650340311455
83.919159,0.0006365055946595132,-0.03773382144525678,5.318228447125149e-05
83.93916,0.000835876224026049,-0.03809312214455187,0.0012906181818935474
83.959159,0.0014654333335810572,-0.03808249277392389,0.0015864689977441947
83.979159,0.0013112375293844731,-0.03794862331003042,0.0017968419581128434
83.999159,0.0013508179489815637,-0.03812020839162962,0.002105093706355904
84.019158,0.0017065988347561949,-0.038456362237771116,0.002231760373017064
84.039158,0.0013437317018888274,-0.03848526666668048,0.0012197557110255439
84.059158,0.0004241979023726775,-0.038396362237777905,0.0006612708625509799
84.079158,0.00174249627068331,-0.03812570955713386,0.0003335319348158793
84.099158,0.0014692328674208188,-0.037977527738943494,-3.064801775866724e-06
84.119157,0.0005995825177830173,-0.03800428764568778,-0.00032017435887769286
84.139157,0.0026118669000749577,-0.03787925268065579,-0.00011865920736409938
84.159157,0.002911097669312395,-0.03767272587411564,-0.0002913864800898852
84.179157,0.0035415638697662483,-0.03766750442886974,-0.00023558228429301916
84.199157,0.005817950816151701,-0.03787985874123383,0.00014796083924000772
84.219157,0.005929419347599035,-0.03821235291373654,0.00030518694646401403
84.239156,0.005411983450167835,-0.03834484708627357,-7.493706207899523e-06
84.259156,0.003730072028244738,-0.03848288904431946,-0.00022008111878858954
84.279156,0.003645922844110316,-0.038768296969740865,-6.46265733353823e-05
84.299156,0.0011194659676555898,-0.03843480046626802,-0.0001270741257773825
84.319155,0.00011196014014306624,-0.0383405347320092,-0.0003396615383612526
84.339155,0.0007045475527305557,-0.0384649170163785,-0.0001842069929112256
84.359155,-0.0007260818179030755,-0.03840137389281878,-0.0002749995337029712
84.379155,-0.0019009303027528743,-0.03843950909093667,-0.0003724354311403812
84.399155,-0.0016582729600758818,-0.03870813379957588,0.0002409678322506846
84.419154,-0.0016696249414315328,-0.039053914685369936,0.0009690797203543886
84.439154,8.412797232763706e-05,-0.03946356503502271,0.001301247552517812
84.459154,0.000851027739238952,-0.03934274918420608,0.001564324475594101
84.479154,0.0009266920749110069,-0.03914146713292076,0.0020847207459834998
84.499154,0.0026311909094137807,-0.038660324941793923,0.0017255365968062478
84.519153,0.0032155498837718754,-0.03880384475530331,0.0015001053613728217
84.539153,0.0028109811192048107,-0.03848929930072678,0.0011409212121934497
84.559153,0.0021168086250486235,-0.03792365827508125,0.0007157463870214692
84.579153,0.0007663424245983735,-0.03773857668999206,0.0003437184149978413
84.599153,0.0004273214455985763,-0.037749532400965166,0.0005124596737344269
84.619153,0.0010989997672627922,-0.03769184009327276,0.0005811076923824389
84.639152,0.0019335685318270196,-0.0381506046620313,-0.0001518759905903
84.659152,0.0015007946390385865,-0.03787939254082339,0.00013201678330122606
84.679152,0.002031540559733485,-0.038065616317027505,-0.00013327459198392435
84.699152,0.0038947107228997175,-0.038291700233116205,-0.0009309202796128249
84.719151,0.0030900487182144434,-0.03828228298369782,-0.0013910834497717348
84.739151,0.0035717037298687035,-0.0379913039627178,-0.0014065846152713942
84.759151,0.003065060373229827,-0.03779072121215386,-0.0008060251747219344
84.779151,0.002445806293998477,-0.03760426433570346,0.00011518694647836978
84.799151,0.0017700487182462253,-0.037688296969765084,0.0006112242425088137
84.81915,0.0013022631704635123,-0.03762419440568656,0.0008415272728080947
84.83915,0.0016416571098777295,-0.03786999860150299,0.00047127086255685583
84.85915,0.0019007713289928391,-0.03788235291384148,0.0006568419581242475
84.87915,0.00393732144554013,-0.03812678181824846,0.0005031589744444893
84.89915,0.003975782983999435,-0.038237411188876774,0.00046329883458163477
84.919149,0.0038128226110217193,-0.03813347179492102,0.00036187692315502455
84.939149,0.004422123310327999,-0.0382896256410654,0.00043495384622870947
84.959149,0.004524407692608543,-0.03819041818185454,0.00046817062944430984
84.979149,0.004337088345292542,-0.0377213039627428,0.0005058163170903528
84.999149,0.0042325895107739875,-0.03772351841498081,0.00044779766907667535
85.019149,0.0029893261075192887,-0.03747433426580568,0.00010234312362775378
85.039148,0.002888347086558831,-0.037116408857877106,-0.0005708503495541485
85.059148,0.001808883217097159,-0.037070045221504914,-0.000725419114120101
85.079148,0.0008620300702521953,-0.03698447412594687,-0.0006031813518840841
85.099148,-0.00037608181787088517,-0.03722556969705013,-0.0006736009323050153
85.119148,0.00010191352012870196,-0.03752333193478671,-0.0006536708623749131
85.139147,-0.0009797181814958597,-0.03778221305366612,-0.0007710368297387149
85.159147,0.0008622631704560867,-0.03779389137532821,-0.0011851393938351186
85.179147,0.0018981372963172275,-0.03787337855482194,-0.0009747664334627597
85.199147,0.0007076477858229614,-0.03822419440563453,-0.000976980885674801
85.219146,-0.0004253592071908139,-0.038419835431270276,-0.0006332979019977387
85.239146,0.0012374146855672814,-0.03833232960376543,-0.00012397389267967664
85.259146,0.0013989764571107047,-0.038235359906786684,4.46433575705202e-06
85.279146,0.0018972048953495484,-0.03839316876460522,0.00011075804204951694
85.299146,0.004231750349906205,-0.03846370489514029,0.00015061818190919155
85.319145,0.003504034732197241,-0.03839985874130374,0.0004668419581311832
85.339146,0.0035359694641281967,-0.03842025501170682,0.0005328326341206115
85.359145,0.003772869231002259,-0.038468250349697586,0.0004593128205993244
85.379145,0.003612542890708107,-0.0385843109557837,0.00045709836837933297
85.399145,0.0010906547788270412,-0.038466851748330075,0.00044159720287437334
85.419144,-0.0003519792538148642,-0.03861088438235841,0.0009309911422602131
85.439144,0.0006864822846462362,-0.038790185081631484,0.0014070983683610848
85.459144,0.0006276710958335388,-0.03899051142192905,0.0012675878788530191
85.479144,0.002211167599332607,-0.038982958974381365,0.000756049417322916
85.499144,0.005453708391886544,-0.03901466060606974,0.0007936951049721391
85.519143,0.005469792307965362,-0.039544917016345264,0.0002998722611606267
85.539143,0.00736331212148518,-0.03969734125876681,7.665547794878194e-05
85.559143,0.006401517249694344,-0.03925995198138471,0.00022768111897313655
85.579143,0.006205992774206652,-0.038792586014022114,0.00033840372969445447
85.599143,0.004829629137861281,-0.03819328531472928,0.0009872382285189918
85.619143,0.003101843590100377,-0.03810438088580922,0.0011134620047394393
85.639143,0.0028647107230022834,-0.03837501025642312,0.0014389864802587884
85.659142,0.0008294426577258573,-0.038046338927747905,0.0010425995338756756
85.679142,0.0006308645691329016,-0.0376922829836981,0.0006019235432045657
85.699142,0.0010686268069039755,-0.03801253939393354,0.0003605482518323579
85.719141,-0.00029137319311801446,-0.038330837762250325,-0.0005185892772941106
85.739141,0.00027848694673227167,-0.03838671188812224,-0.0007555356642364057
85.759141,-0.0009458020975647035,-0.03845459067601356,8.450349742542289e-06
85.779141,-0.001385335897108696,-0.03816156037297949,0.00060856689985447
85.799141,-0.0007230282048179516,-0.03795498694642675,0.0015793827506551685
85.81914,0.0005973214455398444,-0.037733355244786444,0.0013778675991447551
85.83914,0.0004335918418155106,-0.037825756177166096,0.0013845109557898893
85.85914,-0.0005742403260161696,-0.03751950909091681,0.0008774013986875785
85.87914,0.0011689764572006107,-0.037556921678322384,0.0008769585082473963
85.89914,0.0017238249420691919,-0.03777939254078118,0.0004694993007908268
85.919139,0.0023669717952082532,-0.03819755104893919,-2.6537995242797226e-05
85.93914,0.00312855687678014,-0.038470488111884645,0.00032600279728985066
85.959139,0.0031999554781696705,-0.03840477715619914,0.0008419701632514569
85.979139,0.004634454312664056,-0.037936478787904904,0.001247214918491215
85.999139,0.005909256177451791,-0.037889625641061395,0.0013424363637107534
86.019138,0.0059179974361868795,-0.03780214312356125,0.0006843011655867383
86.039138,0.004641540559742483,-0.03788090769231776,0.0002015505828433825
86.059138,0.003704734032963294,-0.03799626899769309,0.00023698181827579439
86.079138,0.003301307459536067,-0.03791104755247745,0.00011297249426950838
86.099138,0.0024466221448483086,-0.03815125734270777,0.00044824055952851773
86.119138,0.0005546874129010899,-0.03812326200471475,0.0005368186481061019
86.139138,8.03051284958945e-05,-0.03745687505834021,0.0008822731935560836
86.159137,-0.0005976435894594571,-0.03714545314690849,0.0005673780886678887
86.179137,0.0002590696972463838,-0.03682584941729282,0.00020642237771718787
86.199137,0.0016469484851075148,-0.03656337855481098,-0.00021653799523798132
86.219136,0.00273601608414496,-0.036649509090939246,-0.0007015030301976183
86.239136,0.0034369251750615455,-0.03710755104898071,-0.0006700578087554671
86.259136,0.003534687412845672,-0.03786549976695032,-0.0006479132866101435
86.279136,0.00406342867158549,-0.03841820372966284,-0.001068659207351151
86.299136,0.004505806293956586,-0.03924032494180246,-0.0009827384614305604
86.319135,0.003951167599336485,-0.03909568624716323,-0.0008968177155104998
86.339135,0.004258813287017946,-0.038787224708710384,-0.0008675869462835699
86.359135,0.0015592794875151673,-0.03885922937069491,-0.001122248950941806
86.379135,0.0007034286716701502,-0.03835936923082689,-0.0011023188810117038
86.399135,0.00010839370663598814,-0.03788197995343448,-0.0009672372959319609
86.419134,-0.0002950095567886579,-0.037486408857868345,-0.0007170041957025778
86.439134,-0.001315615617417101,-0.037692352913815556,-0.00019217902088485627
86.459134,-0.0009164314682401373,-0.03813288904436836,-0.0003542769229778975
86.479134,-0.0004032146850396596,-0.038170977622459884,-0.0004738573425558608
86.499134,-0.00024249207431472757,-0.0381557095571885,-0.0007263048949994054
86.519133,-0.00020857599038145172,-0.03800666526815533,-0.000668286246985198
86.539133,-5.270186447315305e-05,-0.03787764428913838,-0.001029241957939079
86.559133,0.0006594892777436407,-0.0384141944056737,-0.0011559086246023585
86.579133,0.002203148951421656,-0.038386688578147754,-0.0009964680651636608
86.599133,0.0029541979024956737,-0.0382782037296506,-0.0012444867131794128
86.619133,0.0032335452218304308,-0.03840596596740827,-0.0011390321677239898
86.639132,0.0033357363640004797,-0.03938004522151342,-0.0008819459206412721
86.659132,0.0033102818185534897,-0.03972899627045585,-8.287832158769017e-05
86.679132,0.0032194892777612136,-0.039897411188874875,0.0004499888112697056
86.699132,0.0020376477859206936,-0.03971566293713657,0.0007166554779309153
86.719131,0.0017470650353195107,-0.039415546387020356,0.0007171216783959386
86.739131,0.0012193727276228153,-0.03889794731939725,0.0004513874126647759
86.759131,0.00191468741291619,-0.038925220046657834,0.00016304242432432613
86.779131,0.001793731701961107,-0.03828969557111714,-0.00046763356633984813
86.799131,0.0021775545457789784,-0.03766288904431742,-0.0009648596735571619
86.81913,0.002168277156490561,-0.03767771421916029,-0.0006787524474551845
86.83913,0.0024330324012520645,-0.03844843682990176,-0.0003387524474597573
86.85913,0.002822356410597493,-0.03891652540797349,0.00036593286721874887
86.87913,0.00439547995372117,-0.039377481118928234,0.0007094060606870807
86.89913,0.0045852701635012635,-0.039272352913814756,0.0008189398602135786
86.919129,0.004616645454843981,-0.03886773752917416,0.0011287300699922766
86.939129,0.0028036617718546525,-0.03850957902099929,0.0011893361305931943
86.959129,0.0016645242426892488,-0.038243168764601265,0.0011159095571665017
86.979129,-0.00040454335637663707,-0.03768668857812895,0.0005727860140558003
86.999129,-0.0012642869461300405,-0.037412562704001395,0.0011003151515743678
87.019129,-0.0010350561769024332,-0.03756633892779271,0.0009406414919010383
87.039128,-0.00046020769204618606,-0.03841246946392344,0.0007921566434200717
87.059128,-0.00031545244725466606,-0.039121000932448455,0.0005694293707044516
87.079128,0.001523521911727029,-0.03961974219117498,0.0003835319348120738
87.099128,0.002194174592388334,-0.039824054545472345,-0.0005712699299769096
87.119128,0.001325037063251458,-0.03975657202797364,-0.00044117668988775764
87.139127,0.0019611209793501845,-0.0393084135198246,-0.0004782629369741825
87.159127,0.002750351748568452,-0.03826832027974334,-0.0005457221444252547
87.179127,0.0020365988348155597,-0.03784135058277731,-0.0009101743588689316
87.199127,0.002402892541104559,-0.037540837762255225,-0.0009237174824139026
87.219126,0.0034691629373403477,-0.03727626899770464,-0.0012006405593358383
87.239126,0.002883941492130969,-0.03742179347323854,-0.0003689156176268038
87.259126,0.002008556876761719,-0.03754764428909757,8.903310031794468e-05
87.279126,0.00332881328701909,-0.03775545314691972,-0.00013287832159024446
87.299126,0.0033872981355094513,-0.03777992867138115,-0.0005164680651756037
87.319125,0.0032472282054417673,-0.038080627972085,-0.00019022097893228794
87.339125,0.0047925428907393455,-0.038201070862551874,-0.00047180606051187775
87.359125,0.004505223543398627,-0.038469252680728656,-0.0005636242423219049
87.379125,0.005443382051566664,-0.03869967226114313,-0.0007765846152788538
87.399125,0.0052620533802431755,-0.03862449743597578,-0.0011784494171360618
87.419124,0.004160817949010848,-0.03881144382290598,-0.001104533333223215
87.439124,0.0022277410259638314,-0.03892426433572574,-0.0008321557108495682
87.459124,0.0007625195807364213,-0.03856121072265646,-0.0004446265733262809
87.479124,0.0004503051285406612,-0.038387434498879075,-0.0004291254078271514
87.499124,-0.0006438673656264204,-0.0380990662004947,-0.00038262191132658297
87.519123,-0.00132654801832031,-0.038263984615422866,-0.000796234964928882
87.539123,-0.0006893452211389182,-0.03849743449889232,-0.0012056988343908824
87.559123,0.0009278575760544847,-0.03875755104902048,-0.0006302909089962174
87.579123,0.0047975079256833645,-0.038350348251830806,-0.00039637482508770477
87.599123,0.0058522165503881625,-0.03826885641035232,-0.0005039505826653443
87.619123,0.006278673426846907,-0.03803880979028124,-0.0007545566432678065
87.639122,0.004886109324301161,-0.037917131468595294,-0.0004447664334795683
87.659122,0.0036795825177586786,-0.037410837762262256,0.0002732755245510092
87.679122,0.003460701398891692,-0.03727820372961912,0.0010719934732552935
87.699122,0.0034281372963387846,-0.03710153706294533,0.0015772382284938002
87.719121,0.003156389044588149,-0.03757703822844485,0.0013859794872409328
87.739121,0.0033539414921755443,-0.0375881104895109,0.00118726153852278
87.759121,0.004513964802205268,-0.0378402083916221,0.0012165389277988621
87.779121,0.00444818391640231,-0.03809218974361387,0.0006109445222149593
87.799121,0.0027436384618843047,-0.03842577948722742,-0.0004860251747321931
87.81912,0.001778813287063397,-0.03867428764574257,-0.0012748363635271692
87.83912,0.0011291629373980383,-0.03902860000006298,-0.0014976568763490439
87.85912,0.001058626806836471,-0.03898699160845576,-0.0014326452213441149
87.87912,0.0021286734268728697,-0.0387288331003109,-0.0004067477854678665
87.89912,0.0024662258744232142,-0.03895573286722029,0.0003120167832840273
87.919119,0.0021465289047118874,-0.03878647878796423,0.0004808979021617097
87.939119,0.0008151069932970652,-0.03812379813528132,0.0007332289044911184
87.959119,0.0007436617718530824,-0.038081234032713386,0.0008652801865450287
87.979119,-0.0009569909088037072,-0.03778554638702709,0.0009922032634736113
87.999119,-0.0006588324006087934,-0.03777293566443071,0.0005347440560335676
88.019119,0.000488020746238968,-0.037547970629451706,0.0003516438229329202
88.039118,0.0008485335667494867,-0.0376019100233747,0.00022891655020120866
88.059118,0.0013506081588433244,-0.037260208391669214,0.00028824055952437187
88.079118,0.0018838948721372614,-0.037117201398650684,0.00041658554786809586
88.099118,0.0011666221448607223,-0.037634310955754244,0.00014674871803094678
88.119117,0.0008635685317994927,-0.03741405454549,0.00011665547793418337
88.139117,0.00019603939429465577,-0.037561746853169826,0.00015068811196463475
88.159117,0.0008818435901100322,-0.03761480046621034,0.00030043170170116466
88.179117,0.0014716571098951213,-0.03794981212122895,0.0006847906760522226
88.199117,0.0036237083919440005,-0.03823911282056616,0.00020693519820327305
88.219116,0.002161750349976524,-0.038403495104959544,0.0005597090909626025
88.239116,0.00043422121244806255,-0.038952446153897355,0.0005514340326861763
88.259116,-0.00013904219082445522,-0.03882531328676057,0.0008129491841961569
88.279116,0.0010903983686030789,-0.03923009184152947,0.0007181706294173309
88.299116,0.0004584869466763818,-0.03941009184151598,0.0002990331002875443
88.319115,-0.00035631491810619105,-0.039428436829848576,-0.00034220233093326105
88.339115,0.000630608158835268,-0.0397743342657133,-0.0005753025640274525
88.359115,0.0007145009327314168,-0.03947689836825719,-0.0010778899766094958
88.379115,0.002354920513137047,-0.039698063869438305,-0.0009965146852313636
88.399115,0.004757950816182137,-0.03914783076922698,-0.000910034498752215
88.419114,0.004423242191498646,-0.03852216643357665,-9.653799526905722e-05
88.439114,0.004084477622740301,-0.038325173426590746,-0.00016238881112056868
88.459114,0.004190235198522369,-0.03793988205132077,7.360186486153832e-05
88.479114,0.004490561538837242,-0.03812591934735584,-0.00011800652674857703
88.499114,0.0029292095574723663,-0.0381170615384992,-0.0008079832167110733
88.519114,0.0029672515155232198,-0.038399299300752074,-0.0007743235430505207
88.539113,0.003304058042305676,-0.038845686247121314,-0.0006077967365238567
88.559113,0.001053848252092241,-0.038829998601426635,-0.0008221557108785259
88.579113,0.0016233587415905796,-0.038961676923120185,-0.0006631580418747104
88.599113,0.003038370396589745,-0.03839074452219399,6.269277396196972e-05
88.619112,0.0039617503499698985,-0.03768363496512704,-0.00023066386938649193
88.639112,0.004253079021289148,-0.03766720139870263,-0.0002890554777743082
88.659112,0.005336645454833486,-0.03777323869473775,-0.0005757454544575647
88.679112,0.005229465967639456,-0.03798694498841117,-0.0008555589742684755
88.699112,0.006193125641293035,-0.03776025501170787,-0.0007582396269563316
88.719111,0.006449302797456768,-0.03765489370633432,-8.0500699231971e-05
88.739111,0.005600608158755689,-0.03788964895104967,4.075804202484661e-05
88.759111,0.00450529347344559,-0.03797601258740991,0.0004860027972595462
88.779111,0.004700934499106778,-0.03817307552447193,0.0006037417249932467
88.799111,0.004000817949010943,-0.03818051142191661,0.001322716083950161
88.81911,0.0026500487182812183,-0.03804438088579852,0.0011642079254478702
88.83911,0.0015355498837765743,-0.038301210722632366,0.001462716083956571
88.85911,0.0010022398604678658,-0.03819773752917661,0.001531364102605643
88.87911,0.0006246641029205296,-0.038069206060640515,0.0018041846154226522
88.89911,0.0007152468534871141,-0.037830767832196896,0.0014166554778988348
88.91911,0.0013937550119623335,-0.037863634965055244,0.0016415972028339164
88.939109,0.0020894659676562776,-0.03811244615384246,0.0011209911422389671
88.959109,0.0036560160841865538,-0.03789694498834477,0.0006098023310639917
88.979109,0.004117717715892231,-0.03833456736596786,0.0001955832168481521
88.999109,0.0033585102566818935,-0.03888666526807584,3.998135268178235e-06
89.019109,0.002493545221729237,-0.039225849417282924,-0.0005821090908273948
89.039108,0.0016492095573702984,-0.03948890303037465,-0.0005057687644837059
89.059108,0.0011639648021517875,-0.03943834358982732,-0.0009297780884835875
89.079108,0.0018412142194196741,-0.03954333193480923,-0.001174510023207144
89.099108,0.0023539181821277066,-0.03940638554786304,-0.0013079365966281035
89.119107,0.004039489277682157,-0.03898121072268258,-0.0010467710954663602
89.139107,0.0038886034967861795,-0.03864657202803068,-0.0007258853145808844
89.159107,0.004399699067898891,-0.038312073193533656,-0.0009254191141096481
89.179107,0.0034030090912061813,-0.03839456736604322,-0.0006135310022314546
89.199107,0.0019101419583520002,-0.038417178088666286,-0.0005675170162181008
89.219106,0.0028746174828241404,-0.03862358834508224,-0.00013453333324425776
89.239106,0.0021434053616184905,-0.038629882051375956,0.0007984503497243884
89.259106,0.0015238715620922265,-0.03877811048957996,0.00046385827513754306
89.279106,0.0032932421914731416,-0.03871575617721347,0.0005123431236224112
89.299106,0.0038222631705126446,-0.038521700233149256,0.0006693128205901246
89.319105,0.004437414685658678,-0.03819594265738733,6.02610731647061e-06
89.339105,0.004519302797537737,-0.037956432167879986,-6.656130526946948e-05
89.359105,0.004631027739255674,-0.03802111748257954,-0.0009746265733232527
89.379105,0.0035088132870220315,-0.038172049883533676,-0.0016884960371791502
89.399105,0.0028972048954138863,-0.03827149044299242,-0.0022439972026669646
89.419104,0.0045039181821008014,-0.03853034825184223,-0.0017150694637490865
89.439104,0.002916225874405392,-0.038464963636456274,-0.0008683328670244274
89.459104,0.0017196757578197114,-0.038523518415010026,-0.0003052792539799136
89.479104,0.0023317037298585686,-0.038770021911498545,0.00013353193482315247
89.499104,0.0022988132869923347,-0.03882948578095274,0.0004481006993847708
89.519103,0.0015618902100906782,-0.039352282983762976,0.00019509370638160812
89.539103,0.001302193240401709,-0.03941032494179196,-0.0002317128204168944
89.559103,0.0007472981355083554,-0.0395067118881608,-0.0005944167831225635
89.579103,-0.00011692097870344263,-0.039842958974406435,-0.0010368177155142602
89.599102,0.00010841701662902864,-0.03989608251753418,-0.0010938107225117763
89.619102,0.0017958995340895453,-0.039429742191190394,-0.0007383328670436507
89.639102,0.0026602585084503907,-0.03879302890447343,0.00018905641032881414
89.659102,0.004364827272993767,-0.03836200326346381,0.000681713752977238
89.679102,0.004929209557392218,-0.037899485780939046,0.0005793594406258809
89.699102,0.006098044056213534,-0.03744062797207902,0.0007448606061289634
89.719101,0.007176971795146259,-0.03768267925414512,0.0011181473194076244
89.739101,0.007332542890732682,-0.037748693240155146,0.00036488391615813567
89.759101,0.0068791163172997214,-0.03784100093245292,0.00041022191149455567
89.779101,0.006100957809144311,-0.03845020839165665,0.0001030191143030977
89.799101,0.004100934499132837,-0.03911955571101007,0.0001167720280520293
89.819101,0.0022140813522893545,-0.0392301850816511,-0.00016154965026391648
89.8391,-2.3051514799611692e-05,-0.0392191594406358,0.00023651561779805097
89.8591,-0.0015884361301848192,-0.03935249277396959,-7.93351980482122e-05
89.8791,-0.003384916316666738,-0.03925170023317924,-0.0003115030302102369
89.8991,-0.0033906738924399877,-0.03916778414925242,-0.00023022097892722954
89.919099,-0.0012775969693746584,-0.039063937995395495,-3.451002322543798e-05
89.939099,3.746130565212018e-05,-0.03899901958048569,-0.0002940438227574789
89.959099,0.0035401885783461987,-0.03903983543129813,-5.9311888029345197e-05
89.979099,0.0058877643359278205,-0.0392382037296442,-0.000342761771474859
89.999099,0.004786319114496833,-0.03953484708629599,7.576969705198749e-05
90.019099,0.0022797689979447175,-0.03964720139865337,0.00021483729611934064
90.039098,0.000295759673957679,-0.03911678181822462,0.000604137995416607
90.059098,0.0001905149187173468,-0.038907784149211894,0.0008924596737295656
90.079098,0.0002156664338694911,-0.039084823776262996,0.0009717370630071421
90.099098,0.00031492051313215287,-0.0392829589744057,0.0009097324010026741
90.119097,0.0017317503499406695,-0.03909612913757798,0.0007064456877161616
90.139097,0.002411097669268302,-0.03914403123551072,0.0005939515152208647
90.159097,0.0026376244757993026,-0.03938960233109093,0.00011740139867981084
90.179097,0.0016568319350142423,-0.03920496363644722,0.00019756456884146195
90.199097,0.00047023519840769224,-0.039363588345089615,-0.00020989463860662756
90.219096,9.955920773793215e-05,-0.03925657202807689,-0.0002183095570177905
90.239096,0.001065316783508497,-0.03877323869472046,-0.0002422256409312632
90.259096,0.002925619813816955,-0.03845307552454888,0.00024096783225704477
90.279096,0.003989978788172648,-0.03851424102571101,0.000708217249503921
90.299096,0.0056486734268469466,-0.03840202657350639,0.0006975878788732967
90.319095,0.00580464079281698,-0.038306082517559695,0.0005602918415793924
90.339095,0.00533652890470398,-0.03821936923083956,0.00047171375300286824
90.359095,0.0048033820515580306,-0.037936502097952005,0.0003326461539355151
90.379095,0.003997414685613622,-0.03779629230774481,0.00017586293715222097
90.399095,0.0038785335667406128,-0.038003285314743104,-0.0008122256409210561
90.419095,0.004623848252070992,-0.03821901958048178,-0.0010801743588653202
90.439094,0.004360398368625865,-0.038327061538501656,-0.0014207571094452067
90.459094,0.004020794639020407,-0.038118786480224015,-0.00127903216771927
90.479094,0.004122379720581155,-0.038325313286748805,-0.0014074703961544084
90.499094,0.005138020746221588,-0.03842694498838892,-0.0015474237761037163
90.519094,0.0031158995340906225,-0.03862307552451718,-0.00083835617704922
90.539093,0.003024454312627175,-0.038352586014031645,-0.0006124820511787917
90.559093,0.0026051069932944877,-0.03820981212126047,-0.0003113165500189273
90.579093,0.002004920513153617,-0.038095010256479205,0.00013998881128280717
90.599092,0.0018311909094248509,-0.03813433426581364,0.00037427785557022866
90.619092,0.0020138482520837262,-0.03861417109564742,0.0002679841492740533
90.639092,0.0007006547789085607,-0.038795639627091864,0.00013954592083361472
90.659092,0.0006737317019898569,-0.03869901958046189,6.381165510134634e-05
90.679092,0.0022618669001053084,-0.03938652540796135,-0.0007895916082901082
90.699092,0.00246911631735512,-0.03931391468535375,-7.327459198382729e-05
90.719091,0.003127088345309487,-0.03908769090913933,0.0002490797203606426
90.739091,0.0027340813522988535,-0.03864491701638727,0.00040423123551158453
90.759091,0.003038580186797416,-0.03827034825182502,0.0006193827506610337
90.779091,0.003509745687975929,-0.037952376223859725,0.0009388233100975176
90.799091,0.0025087899770017547,-0.03776333193480618,0.00011409137538238466
90.81909,0.0010938482520702225,-0.037734497435952793,-0.00017264522135267417
90.83909,-0.0004459419576988079,-0.03762111748255592,-0.0005377967364991863
90.85909,0.00011760116583186078,-0.03777335524479093,-0.0005623888110895929
90.87909,0.0008285335667533409,-0.03868967226111856,-0.0013279132866009982
90.89909,0.0007300020982194159,-0.03914470722617652,-0.0006008503495478369
90.919089,0.0027528692310827586,-0.039640511421993006,-0.0001739272726373187
90.939089,0.0029530090912012123,-0.039716735198231566,0.00038959254087009857
90.959089,0.003976249184425237,-0.0399961058276113,0.0003953034965809457
90.979089,0.0037789298370836046,-0.03997020839170823,0.0004159328672027529
90.999089,0.004176901865035606,-0.03958855338005325,-0.00023884568756567346
91.019088,0.003313009091146144,-0.03905780745930111,0.00044521025647618494
91.039088,0.0021065755247395975,-0.03879554638702748,0.00044544335670869666
91.059088,0.001236901865070595,-0.03828808717954566,0.00030838041965419445
91.079088,0.001836132634322829,-0.03853876317021205,-7.087365959425676e-05
91.099088,0.0011417270399335995,-0.03893246946392287,0.00017180699308796686
91.119087,0.0016523564105526672,-0.03910531328675855,0.0004530424243113689
91.139087,0.001530211888408595,-0.03893246946392287,0.0005925529138194343
91.159087,0.0008940813522718465,-0.03889936923082406,0.00018730815858656623
91.179087,0.0007327293708873314,-0.038783984615456214,7.926620054178314e-05
91.199087,0.002586762004905715,-0.038870581352073344,6.65622378327943e-05
91.219086,0.00261571305384303,-0.0389403715618543,0.0005287067599664637
91.239086,0.0016709811191160428,-0.038857014918489224,0.0007012009324597377
91.259086,0.0015066687648215605,-0.03840575617720484,0.0004847906760594954
91.279086,0.002028743356905184,-0.03856370489514592,5.702843830186489e-05
91.299086,0.0012956198138189081,-0.03846020839165473,0.00024700512827909813
91.319085,0.0021396291378337805,-0.038721490442937496,0.0005094759907439668
91.339085,0.0021321466203722745,-0.038217574359037026,0.00031600279727746786
91.359085,0.0013298855481115519,-0.03828111748256706,-0.0005920624707673052
91.379085,0.0024784170166259768,-0.03854487039634043,-0.0007469575756582442
91.399085,0.003885363403570167,-0.0383684368299124,-0.0003360251747425501
91.419084,0.0041909578091456345,-0.038512282983728226,-0.0005284727271865277
91.439084,0.004879465967644366,-0.03847442750586232,-0.0006346498833595569
91.459084,0.0051746407928467,-0.03817503356645471,-0.0004878200465326033
91.479084,0.004785386713603356,-0.03848643216786636,-0.00021665454537490744
91.499084,0.004747158275400415,-0.03851703822848684,0.0005319468532110969
91.519083,0.00538422121248099,-0.038641303962755245,0.0009108279720806391
91.539083,0.0035324030306815393,-0.038295010256474055,0.0002637184149825184
91.559083,0.0010154333336953396,-0.03849731794875116,-0.000605419114139517
91.579083,0.0020256897439361317,-0.03825174685319692,-0.0003536708623961575
91.599082,0.0021088365970569722,-0.03791820372964312,-0.0005506638693857735
91.619082,0.0016965522147460704,-0.038074031235429656,-0.0014475170162181125
91.639082,0.001488230536402324,-0.03813708484846029,-0.0018930881117793885
91.659082,-8.820303003785938e-05,-0.03827333193468404,-0.0015759785546754423
91.679082,0.0004311442893126568,-0.039144893706231615,-0.001540081118780657
91.699081,0.0008292328674222558,-0.03918608251743516,-0.0015657221444258466
91.719081,0.0017552701634880228,-0.039271420512763874,-0.001493461072172313
91.739081,0.0018503750585939552,-0.03926069790206674,-0.0017687524474592465
91.759081,0.0016692328674368666,-0.03912137389273938,-0.0018188689975791165
91.779081,0.0023719834501855254,-0.039011443822840934,-0.001576444755162726
91.799081,0.0024874146855940397,-0.038802586013982024,-0.0016463748250879625
91.81908,0.0014519135200704671,-0.03851144382285568,-0.0011813398600584277
91.83908,0.0004880673662017284,-0.038357014918431354,-0.0009200344987561177
91.85908,-0.00011827296015377213,-0.038531327272733444,-0.0003442769230052651
91.87908,0.0011274846156020524,-0.03826256270397009,-0.0002601277388570636
91.89908,0.0011008878790284748,-0.037931187412598266,-0.00046828624701314116
91.919079,0.002748370396506241,-0.0383826559440511,-0.00025126992999935827
91.939079,0.0051076244757631995,-0.038323331934733765,-5.639813512983889e-05
91.959079,0.005289908858072316,-0.03835351841492883,0.00021553659680362557
91.979079,0.005303824942017926,-0.03861095431235714,5.388158514811649e-05
91.999079,0.005788044056249425,-0.03856270256409524,0.00033954592080726146
92.019078,0.007132612820817659,-0.038669788811197855,0.0005543477856052931
92.039078,0.00817804405626319,-0.038398949650360906,0.0003554899767471033
92.059078,0.007439372727584836,-0.03874542983684136,-6.525594399178449e-05
92.079078,0.006099209557408954,-0.03836759766900858,-0.00014940512813786596
92.099077,0.004251493939713368,-0.0381185300699142,-0.0008624587411810328
92.119077,0.003460141958341084,-0.038654637296038484,-0.0005214331001572538
92.139077,0.004057531235729444,-0.03879510349649932,-0.00020698088570659113
92.159077,0.004480444988641821,-0.038796735198157115,0.00024033846160965283
92.179077,0.003704897203090542,-0.03916396130536502,0.0004418536131216562
92.199077,0.0024893727275736377,-0.03929836689977314,0.0008998023310632247
92.219076,0.0025217037299025136,-0.03953519673659069,0.0010791729604256645
92.239076,0.0015851069932933657,-0.039314450815832874,0.001214254545500107
92.259076,0.000618323776511409,-0.03969957902095281,0.0010211543124019169
92.279076,0.0009179041960880741,-0.03896193333329698,0.0008395692308178957
92.299076,0.0012900020981931157,-0.038762842424208396,2.022191148014381e-05
92.319075,0.0026128226109885053,-0.03851146713286302,-0.0004873305360634089
92.339075,0.0036445475526907965,-0.03848377482518127,-0.0007464214451515577
92.359075,0.005147764335902948,-0.038525965967377195,-0.0009966545453804108
92.379075,0.0026789065270534478,-0.03862293566434587,-0.0013531813519001392
92.399075,0.0014914706296315866,-0.03869580279721453,-0.0013726685313874092
92.419075,0.0016165522147132563,-0.03930218974356194,-0.001385512354233255
92.439074,6.161048978485517e-05,-0.03918473053610514,-0.00039122330995555607
92.459074,-0.0004752193470252408,-0.0393045673659219,0.0005764923077495566
92.479074,-0.0009390188808224627,-0.03907650209785368,0.000871014452269587
92.499074,-0.0012358953376855617,-0.03887885641022575,0.0008510843823416048
92.519073,-0.0016367111884858674,-0.03810710815850575,0.0007160027972639821
92.539073,-0.0015011167828951285,-0.03773563962708892,0.001024254545510223
92.559073,0.0009518669001033629,-0.03763960233106513,0.0006433687646288896
92.579073,0.001326109324343272,-0.03758960233108006,0.00010747132873771128
92.599073,0.0032807713289797046,-0.037807667599139616,-6.52559439875444e-05
92.619072,0.00499268275087105,-0.03835242284385935,-0.0005524354311613427
92.639072,0.0042592095574089765,-0.038300464801899456,1.4464335731804393e-05
92.659072,0.0037607946389735226,-0.0386705114219197,0.0004165622378209945
92.679072,0.0018689764571489201,-0.03869766759909583,4.127086253902256e-05
92.699072,7.846363667283237e-05,-0.03834899627042924,-0.0005065146852362235
92.719071,-0.0012991587409392333,-0.038553891375323786,-0.0008237641024791465
92.739071,-0.001729974591745947,-0.03834489370635187,-0.0012010135197205768
92.759071,-0.0008014431231981343,-0.03861086107232614,-0.0016023888110911005
92.779071,-0.00014507948683908827,-0.03912631561776615,-0.0015141370628432727
92.799071,0.0012071116553253878,-0.03890221305364373,-0.0012595682982828116
92.81907,0.0032703983686043128,-0.03937480046620771,-0.0003931347318685122
92.83907,0.0050022864805035335,-0.039490651282061244,0.00010770442895856307
92.85907,0.005835736363946404,-0.039393588344993735,0.0006977976690353866
92.87907,0.005663451981654441,-0.03935489370631305,0.0006477976690381321
92.89907,0.00556461748282143,-0.039532609323998685,0.0003709911422356326
92.919069,0.005939093007261521,-0.03976953240090819,3.395151520529417e-05
92.939069,0.004593964802122539,-0.03973619906756096,-0.00019635151509133676
92.959069,0.005668789976939739,-0.03983214312350765,-0.0001604773892155628
92.979069,0.00349130745944062,-0.039604404195781893,-0.0005032745920069605
92.999068,0.0026466920748296975,-0.038955942657324605,-0.0009324354311617815
93.019068,0.0020133587414947495,-0.03904321538461284,-0.0003185892773231134
93.039068,0.0026432888114456274,-0.038491047552471146,-0.0008987757575001688
93.059068,0.0018959461541284363,-0.03833442750585114,-0.0011490088577295519
93.079068,0.0026407013988774676,-0.03907237622379281,-0.0013881696968886586
93.099067,0.001464034732209837,-0.03941573286711627,-0.001366025174744395
93.119067,0.0014841979023607907,-0.039499788811162985,-0.001242015850735459
93.139067,0.0019774613056312354,-0.039556758508124,-0.0008916895104159126
93.159067,0.0019887433569399236,-0.03925139720279005,-7.63282050663012e-05
93.179067,-0.00014468321646660858,-0.038902073193494154,0.0001185435898058682
93.199067,-0.0008480398598166177,-0.03892060466200693,0.0002514107226740996
93.219066,-0.00016978811158762137,-0.03854160699303067,0.0005658629371252922
93.239066,0.0019220766902725006,-0.03818265594409282,-1.8752447480615766e-05
93.259066,0.002294151282348991,-0.038326478787895996,-0.00046607179479208976
93.279066,0.004721610489790988,-0.03923321538459266,-0.0006959319346517187
93.299066,0.004418510256698097,-0.03928055804192762,-0.00024196923069511058
93.319065,0.004882985781184444,-0.03948976550112364,-0.0002530414917685674
93.339065,0.0037901419583935593,-0.039341630303015296,8.706759972864974e-06
93.359065,0.0030648505831233877,-0.039176735198140585,0.00010171375297877202
93.379065,0.0015280207463099064,-0.03896766759907454,-0.00010511608384297869
93.399065,-0.00019668787842583324,-0.0392079006992926,-0.0002335543122807674
93.419065,0.0003675079257542778,-0.038962073193498495,-0.00022469650342412197
93.439064,0.0011628459210717723,-0.03886100093243231,-0.0008004540791760346
93.459064,0.0018963657345829976,-0.03864128065270284,-0.000361992540720676
93.479064,0.003638789976991218,-0.039078110489523726,-0.0003487058274351779
93.499063,0.0049879974361943845,-0.03876834358978948,8.975571102018072e-05
93.519063,0.006073591841813516,-0.039408296969716636,7.646899773256248e-05
93.539063,0.005316482284720693,-0.03925736456879429,-6.968484842063711e-05
93.559063,0.00577298578122281,-0.03898090769235169,-0.0007760951048207896
93.579063,0.0036738482521009013,-0.038637784149236895,-0.001280990209705229
93.599062,-0.0004177834495509717,-0.03900799393942839,-0.001116677855394846
93.619062,-0.0011263382281013624,-0.03858526666670943,-0.0011959552446718926
93.639062,-0.0031560818178285703,-0.03847246946388326,-0.001669848018555953
93.659062,-0.0025024454542042214,-0.03805650209790397,-0.0010143701630836314
93.679062,-0.0013928650346410846,-0.03838659533798638,-0.0010719459206576566
93.699062,-0.00010279510456659142,-0.03846892634033741,-0.0013243934731022612
93.719061,0.001191750349984846,-0.0390062689976707,-0.0012136708623820035
93.739061,0.003039396037637177,-0.03856608251748998,-0.0008443002330158994
93.759061,0.0044043843826354475,-0.03820477715621171,-0.00010954498827289155
93.779061,0.004352636130887465,-0.037885546387013115,0.0003550470863101008
93.799061,0.0031524496506645317,-0.038047877389349796,0.001597354778598252
93.81906,0.00396895314714762,-0.0376102783217436,0.0017147207459583436
93.83906,0.002522962471168677,-0.037345266666718384,0.0017032055944441744
93.85906,0.0033582538464340802,-0.0374689263403706,0.00197336876460419
93.87906,0.002633824941968021,-0.03820191002334705,0.001588054079295064
93.89906,0.0022730324011874976,-0.03829407785553499,0.0005313174825748347
93.919059,0.0025476244757673557,-0.038320348251798426,0.00017921958048183918
93.939059,0.0045774846156463305,-0.03812421771566964,-0.00014187599060759733
93.959059,0.004054850583007329,-0.03806253939400234,-0.0004625286712573818
93.979059,0.004832123310295096,-0.03794389137537668,-0.0004151393938732687
93.999059,0.004824990443148438,-0.038129555711031785,-0.0005612932400232881
94.019058,0.004561470629652105,-0.03812142051286731,-0.0011193351980566101
94.039058,0.0027639881122043073,-0.03827887972029997,-0.0007180764568023423
94.059058,0.0019247340329533445,-0.03896018508156161,-0.00015516270389256536
94.079058,1.636573457535948e-05,-0.0392538913752562,-0.00047847272719245325
94.099057,-8.372750550473358e-05,-0.03922011515146667,-0.0005670508157642074
94.119057,1.7736599713655873e-06,-0.039132749184090196,-0.0005559785546907505
94.139057,0.0015361559443355234,-0.03910223636358605,-0.0006046965034107805
94.159057,0.0019895358977013123,-0.03966596596731067,-0.0006383561770718631
94.179057,0.00438179696995825,-0.039406921678283864,-0.00038989463862228917
94.199057,0.00588596946411522,-0.03976100093234791,-0.0004390554777830314
94.219056,0.00605757785573661,-0.039626175757536644,0.00011500046626161995
94.239057,0.004675922844083541,-0.04002116410250985,0.0007704783217307614
94.259056,0.005447577855734914,-0.04006498694634131,0.0010091962704486257
94.279056,0.0031602818184493647,-0.03956410116549423,0.0010331123543695184
94.299056,0.00211755454571687,-0.03952610582750896,0.0008621566434208919
94.319055,0.0012501186482767996,-0.039070511421951795,0.00025761118888329153
94.339055,0.0007342911424732512,-0.03903771421916903,-0.00021805314677898782
94.359055,-0.00017689766869936896,-0.0391529589744228,-0.0007318060605274925
94.379055,0.0004971815853936383,-0.03873736456882243,-0.0013425519812726948
94.399055,0.001261400699613048,-0.03880211981354774,-0.0014957920745112107
94.419054,0.0003994193476291221,-0.03878300559442613,-0.001123764102489703
94.439054,-0.001113634265429474,-0.03915720139860258,-0.0009293351980603656
94.459054,0.0007078575760507721,-0.039010231701644596,-0.0006773305360554132
94.479054,0.0005332188813828797,-0.03864452074594324,0.0007044876457461029
94.499053,0.0020121000002524367,-0.03928097762237052,0.001045513286768292
94.519053,0.0034879974361410743,-0.03946242284383253,0.0014224130536604246
94.539053,0.004087764335905825,-0.03907107086248863,0.001579639160883901
94.559053,0.003565316783459192,-0.03918752773893132,0.0018236717949115125
94.579053,0.004631610489763282,-0.03928333193471518,0.001181480652730519
94.599053,0.004436016084168206,-0.039214660606050805,0.000324044755309192
94.619052,0.004432356410502932,-0.03913053473192639,-5.019766892859723e-05
94.639052,0.002929699067870009,-0.03866351841493905,-0.0006751160838370119
94.659052,0.004104943823130449,-0.038276082517541096,-0.0006618293705515138
94.679052,0.004060678088858283,-0.03767072121220031,3.3951515216424375e-05
94.699052,0.004148673426862008,-0.037705989277449295,-0.00019413706287187536
94.719052,0.005075782983964999,-0.03785575617721702,-9.005780879569182e-05
94.739051,0.004072053380237185,-0.037636292307753914,0.0003621333333869373
94.759051,0.003611120979313636,-0.03827274918417749,0.0005764923077469066
94.779051,0.0038753400935499028,-0.03886314545457089,0.0003771916084506545
94.799051,0.0032282771564887446,-0.03867783076926562,-0.00016092027964938497
94.81905,0.004021890210090952,-0.03813626899772176,-0.0002114097901370339
94.83905,0.003599932168163674,-0.037946502097963325,-0.00034427692299943515
94.85905,0.004636738694985071,-0.0380189729604399,-0.00023133986006342592
94.87905,0.0037350370632804487,-0.037072282983757164,-0.00037483636356281194
94.89905,0.002781074359305717,-0.03723494032640771,-0.0005763515150758754
94.919049,0.003285037063242619,-0.03796211981355698,-0.00029334452207107405
94.939049,0.0017327993010012824,-0.03840314545457421,-0.00015161958035149735
94.959049,0.002154127972310319,-0.03878300559443726,-0.00024772680645458007
94.979049,0.0014708878790854318,-0.03929428764571478,0.0002398955711546305
94.999049,0.0010489531471527844,-0.038918063869501175,0.0004178909091436611
95.019048,0.0026598389280403497,-0.03887480046623941,0.0003437650350226137
95.039048,0.004165503263737865,-0.03902897296038571,-0.0002465379952677103
95.059048,0.004970444988714342,-0.039124217715603586,-0.0006395216782434318
95.079048,0.004366062704334731,-0.03839114079254685,-0.0009428083915318732
95.099047,0.0038521233103901466,-0.03873156037296557,-0.0008857920745142858
95.119047,0.0026019834502228213,-0.038905826107208975,-0.0007594517481744027
95.139047,0.0017323097905474585,-0.038989369230761656,-0.0007219459206758167
95.159047,0.0015454799537197334,-0.03869216643356986,-0.0009947897435118368
95.179047,0.0005817736600270723,-0.03860526666668438,-0.0008326918414166757
95.199047,0.0012276944059293133,-0.038118903030322254,-0.0005310601397886079
95.219046,0.0024989997672230126,-0.038176502097909994,-0.0009224354311504585
95.239046,0.0036540813523192476,-0.03835284242424978,-0.0010753491840576278
95.259046,0.0029261326343777722,-0.03824806386946546,-0.0006075403262543134
95.279046,0.001611144289395306,-0.03806156037297809,-0.000435792074513557
95.299046,0.0005414006996484524,-0.03805734125874631,9.089790216584812e-05
95.319045,-0.0009896016313734365,-0.03814058135197923,-6.213240085969703e-05
95.339045,-0.0002203009320773214,-0.0388041011655119,-0.00028998787871230503
95.359045,0.0008954799537230975,-0.0391486466200535,-0.0011975636362698636
95.379045,0.00199424452247119,-0.03933314545457943,-0.001290920279623478
95.399045,0.0034975079257192434,-0.03920023170166999,-0.0014398480185472769
95.419044,0.00377603939424975,-0.03946745780892633,-0.0016084727271718465
95.439044,0.0050199088581227595,-0.039285056876537,-0.001266258274970738
95.459044,0.00494734475554311,-0.03869438088586512,-0.0004553958041250329
95.479044,0.0038250603732831747,-0.03817654871803547,6.257622383511378e-05
95.499043,0.0036879974362164824,-0.03776498694647079,0.00040702843828317503
95.519043,0.0036233587415485918,-0.037179672261148794,2.5117016385150246e-05
95.539043,0.003609396037573969,-0.03737848344997585,-7.959906685113012e-06
95.559043,0.004038417016606243,-0.03759095431243128,-0.000447447086156103
95.579043,0.0036677643359623855,-0.037752586014060355,-0.00031735384606218107
95.599042,0.002492775990995339,-0.03807041818189516,-0.000581083449785793
95.619042,0.0016265988348219624,-0.03793519673667909,-0.0009553491840468333
95.639042,0.0022913074595218882,-0.03785447412595994,-0.00070371748242238
95.659042,0.0016279275061425093,-0.03812974219122627,-0.00037483636355062176
95.679042,0.0017370883453261387,-0.03809209650357334,0.00010674871802540515
95.699042,0.0017803051285482925,-0.03810901958048814,0.0008244643357235762
95.719041,0.0022842445224677734,-0.03773421771566264,0.0008146741259289339
95.739041,0.0018782538464648972,-0.0380450568765046,0.000723998135253974
95.759041,0.00151002540823386,-0.038422329603756564,0.0005524363636986969
95.779041,0.0015342212124258166,-0.03864505687647801,0.0001821333334009559
95.799041,0.001827274825455053,-0.03863351841494007,-7.998787871355524e-05
95.81904,0.0018562724944399312,-0.038568343589787744,-0.0005071440558571152
95.83904,0.0025648505830045626,-0.03835554638700522,-0.0003354424241512008
95.85904,0.0018325195806828567,-0.03884771421918974,-0.0002028083915170711
95.87904,0.0030511209792795156,-0.038827317948790914,0.0005610843823694022
95.89904,0.0018443377624977008,-0.03829181678329394,0.0011357930070675921
95.919039,0.002024920513083512,-0.03825018508164651,0.0007058396271201114
95.939039,0.0013734986016510642,-0.03847384475529748,0.0004838116550961965
95.959039,-0.0008092053610711562,-0.03843538321681591,0.00015082797211845203
95.979039,-0.0019830282048973738,-0.038536548717980394,-0.00029311142181312195
95.999038,-0.0012296016314586261,-0.03847967226110974,-0.00028341445211837427
96.019038,-0.0007608836827114156,-0.03848270256415624,-0.0006155822842823276
96.039038,-0.0005264314682230755,-0.03821741118888434,-0.00039147972018428853
96.059038,-0.0014991820509684614,-0.03905687505835463,-0.0005398480185484692
96.079038,-0.0006206039623767006,-0.038762352913820824,-0.0005730648017630096
96.099038,-0.0006615130532821481,-0.03821517342664746,-0.0010260951047826807
96.119037,0.002162706060946252,-0.038713005594477254,-0.0013262116548999523
96.139037,0.0027714706296822437,-0.038593355244819466,-0.0009976568763526506
96.159037,0.0028344776226727317,-0.038196502097964435,-0.0011210834497808373
96.179037,0.004654594172787518,-0.038467108158587955,-0.0007752792539831483
96.199037,0.005547927506146562,-0.03812736456884405,-0.0003632745919851802
96.219036,0.004586179254394279,-0.038105103496599964,-0.0003048829835915339
96.239036,0.0023134286716492607,-0.0379356396271463,0.00021621258749221988
96.259036,1.3988112199500168e-05,-0.03828239953388033,0.00015094452222781784
96.279036,-0.0010000911418475934,-0.03801834358981583,0.00018635244763591836
96.299036,-0.0029767811185316437,-0.03830624568770179,0.00010252960381482311
96.319035,-0.0022592752910188833,-0.03892396130538743,0.00030040839168268363
96.339035,-0.0018469442887033487,-0.03885384475525233,0.0005657696970365275
96.359035,4.897645721081039e-05,-0.038792749184118624,0.0008477976690536496
96.379035,0.0018404916086972984,-0.03951503356639416,0.0007329724942327055
96.399035,0.0012845941727866548,-0.039424287645659514,0.00037597948724954374
96.419034,0.0007203750585281709,-0.03943351841490196,-0.0001715962703169717
96.439034,0.0004945708627354461,-0.03940146713285581,-0.0004056289043496903
96.459034,0.00102739137557337,-0.03993421771562822,-0.0001528550115838093
96.479034,0.0016114939397059128,-0.04006487039630349,-0.0005258153845380141
96.499033,0.0013428692310894844,-0.04005659533804137,-0.000517423776145862
96.519033,0.00286944265765019,-0.04002990536134193,-0.0003269808857057254
96.539033,0.0036803983686058603,-0.040086665268074605,-0.0004283794871048442
96.559033,0.0038396058277887254,-0.03958302890441128,-0.0005496848484097542
96.579033,0.004491657109811854,-0.039284520745903106,-0.0011004773891902316
96.599032,0.0054315172496523165,-0.03889272587413546,-0.0012219226106362385
96.619032,0.005436645454773934,-0.03830496363636255,-0.0012656289043461364
96.639032,0.003983568531735645,-0.03837978881118431,-0.000988006526733026
96.659032,0.0042010277392166406,-0.0384919100232901,-0.00037311142185494537
96.679032,0.0040637083919164456,-0.03880696829833629,-0.00032124661998805733
96.699032,0.00284895314715676,-0.038820861072252286,0.0002744410256928975
96.719031,0.002001866900076973,-0.03897601258739475,0.0006752568765059231
96.739031,0.0009067620049809046,-0.039647108158461786,0.0007527627040142905
96.759031,-0.0001570841488728027,-0.03950983543120385,0.0006221100233681705
96.779031,0.0008233121215132778,-0.03917708484848035,0.0003918069930715395
96.799031,0.0016414240096303784,-0.03955459067602842,0.000505186946447731
96.819031,0.001489396037606223,-0.03917855337999711,-5.10834498137317e-05
96.83903,0.0008397223779414633,-0.0386779939394517,-0.000407167365899108
96.85903,0.002538836597055196,-0.03862960233105242,-0.00045588531461913793
96.87903,0.0018559927741969577,-0.038600744522196445,-0.00022558228432038678
96.899029,0.0016934053615960314,-0.038311467132927005,0.0003988932401473156
96.919029,0.0015414240096109592,-0.03899163030307373,0.0010145109557583728
96.939029,0.0009133587415366057,-0.03960093100234185,0.001780711421951482
96.959029,0.0009255265737129375,-0.039500441491853236,0.0016008979021446199
96.979029,0.0011883470865271042,-0.03959939254080886,0.0013878675991200375
96.999028,0.001116971795173545,-0.03997666526810057,0.0015078909091376528
97.019028,0.0008522398604384725,-0.039600418181853114,0.0017571916084306292
97.039028,0.0017263191144987668,-0.038824660606103706,0.0013756997669442355
97.059028,0.002447484615666731,-0.038412632634077716,0.000869545920801053
97.079028,0.003316715384912512,-0.03784582610728765,0.0005943710956298456
97.099028,0.004394920513122331,-0.037306875058347386,0.0007136018648601013
97.119027,0.004599116317321469,-0.03747274918421453,0.0006851403263983401
97.139027,0.0044128226110385915,-0.03753023170167329,0.00014271608398464382
97.159027,0.004907601165814002,-0.037614730536169205,-0.0009885193472334215
97.179027,0.0037845941727988296,-0.03843130396270667,-0.0011845799532924607
97.199027,0.0035812608394578645,-0.03898032494173543,-0.0014091953379094459
97.219026,0.0029172282054179127,-0.03895876317014966,-0.0005732979020252018
97.239026,0.0025279508161438974,-0.03899214312352166,-0.0006299412586622901
97.259026,0.002365806294014424,-0.0392515836829485,-0.0008629016316164447
97.279026,0.0031060393942892984,-0.03928165361303262,-0.0006104540791755502
97.299026,0.0020225895108384262,-0.03860433426574374,-7.23421910760406e-05
97.319025,0.001618020746294152,-0.038520301631727163,0.0003240447553007119
97.339025,0.000968137296413242,-0.03879207319350847,0.00023458088583958313
97.359025,0.0013270650353082304,-0.039012586014013105,0.0003962358974892622
97.379025,0.0007673447555870438,-0.03942016177155254,0.0005933221445713528
97.399024,0.0019588599070730905,-0.03928671188812529,0.00030765780891008786
97.419024,0.0027500487182587664,-0.03907414778554241,0.00034530349655666095
97.439024,0.002528486946695105,-0.0390481571095458,0.00018807738933530465
97.459024,0.0036062491844382413,-0.039233588344964675,-0.00024816969690218246
97.479024,0.002781633799838835,-0.03931505687642362,-0.0006954890442131263
97.499023,0.001603428671639277,-0.03893195664335887,-0.0007105473192741936
97.519023,0.0011530090912391074,-0.039086572027982984,-0.0007282629369896043
97.539023,0.0013126594408881251,-0.039068972960388595,-0.0008478433565675676
97.559023,0.0019363657345641589,-0.03911044149183246,-0.0006418993006267116
97.579023,0.003163218881413463,-0.039496641958021425,-0.0006729016316313305
97.599023,0.004842612820776674,-0.03920142051281658,-0.00034782004655322356
97.619022,0.005684664102818836,-0.039163891375267185,-6.215571089513867e-05
97.639022,0.006181144289286813,-0.038800394871783696,0.00034308904434355957
97.659022,0.005600514918645724,-0.03882722470862105,0.000807681118932382
97.679022,0.0051296757578436075,-0.03895494032633435,0.0007607347319879212
97.699021,0.004354570862770141,-0.038489765501205586,0.0014897324009714597
97.719021,0.004021004429208998,-0.03807950909095039,0.002211643822872862
97.739021,0.0035738249420253707,-0.03770002191149063,0.0022957930070215933
97.759021,0.0025442212124034257,-0.037390931002386676,0.0018263291375658556
97.779021,0.0038678342660174447,-0.03733093100240778,0.0017647673660047501
97.799021,0.003940957809124381,-0.037073052214527634,0.002035373426609188
97.81902,0.004890817948992068,-0.037372679254122715,0.0009728792541300193
97.83902,0.0059248738930454455,-0.03764284242427425,-0.00022513939386960453
97.85902,0.00501755454573888,-0.038198879720278814,-0.0006374703961883187
97.87902,0.005430864569078134,-0.0385491361305249,-0.0007743235430409806
97.899019,0.004541400699620127,-0.03890603589742407,-0.0009178200465393064
97.91902,0.004065736363944597,-0.03900398461535763,-0.0005723655010903849
97.939019,0.002942962471154517,-0.03927545314683455,-0.00022513939386801434
97.959019,0.0016821699303317258,-0.03970911282048957,0.0003661193473798478
97.979019,0.0017121466203154133,-0.03944428764568534,0.001045956177205294
97.999019,0.0007933121214644683,-0.039609532400934254,0.001181037762282387
98.019018,0.0018810976692723897,-0.03958083776223309,0.0002438815851395909
98.039018,0.0017102118883760263,-0.039581420512831325,-0.0002743002330345864
98.059018,0.001632636130822285,-0.03949552307693982,-0.0005798946386227735
98.079018,0.0031866687648741026,-0.039352655944066624,-0.0009071906759161022
98.099017,0.004530002098233344,-0.03931974219114004,-0.001452388811104638
98.119017,0.005571843590078054,-0.039356921678305165,-0.001111363170083509
98.139017,0.006496132634351753,-0.0393175976689845,-0.00035844941717801793
98.159017,0.006904267832450806,-0.03963762097902293,0.0006473547786112
98.179017,0.00591520023338084,-0.03948288904427992,0.0005299888112458081
98.199016,0.005707904196069685,-0.03948139720280615,0.0011788233100724654
98.219016,0.005372939161116651,-0.03928771421912615,0.0007912941725481182
98.239016,0.003401657109845423,-0.039379905361337876,0.00048791421917250224
98.259016,0.002381843590060521,-0.038813028904489705,0.000498986480245959
98.279016,0.0009710044292529959,-0.038638739860197086,0.0005968652681235512
98.299016,-0.0006133312350709247,-0.0381147305361762,0.0004994293706935615
98.319015,-0.000321722843483791,-0.03788936923079715,0.00023236643363178192
98.339015,-0.00031815640994120175,-0.03808477715618767,5.521025648138364e-05
98.359015,-0.0009078533796852965,-0.038153075524467304,-0.0007526219113406092
98.379014,-0.0008691121209538685,-0.03861484708620881,-0.00116229557100551
98.399014,0.0010198855480250122,-0.03871184009320021,-0.0009740671327768845
98.419014,0.0019368319349745919,-0.039361257342594366,-0.001627330536031865
98.439014,0.0028063424244967362,-0.03962186340322617,-0.001797843356543489
98.459014,0.0034957363638827227,-0.03928890303031196,-0.0010143701630799212
98.479014,0.0028804449885934725,-0.03943678181819635,-0.00021451002323738964
98.499013,0.003493964802101324,-0.03924121072263671,0.0003169585082228158
98.519013,0.004924034732152017,-0.038980464801878646,-5.728391601603341e-05
98.539013,0.004817764335871142,-0.039065756177159267,-0.00018837948710763555
98.559013,0.0036950370631227943,-0.03858072121211344,-0.0011494517481692042
98.579013,0.003402985781096539,-0.038616991608373896,-0.0006361417248619419
98.599012,0.0025032888114233168,-0.038570721212083575,-0.0005984960372158987
98.619012,0.003192169930352899,-0.03918953240086361,-0.0007495216782376032
98.639012,0.0022467853149907794,-0.03920463729597171,-0.0011968410255543773
98.659012,0.001550305128534846,-0.03914598927731859,-0.000815955244675694
98.679012,0.0002953400935857991,-0.0385380871794323,-0.0002601277388602437
98.699011,-0.0015960818178339937,-0.03853822703957869,0.00036213333338799733
98.719011,-0.0005991121208532592,-0.03809701491839506,-0.0005577501164806301
98.739011,0.0008987433569745515,-0.03800671188810696,-5.7283916021863695e-05
98.759011,0.0012339648021791084,-0.03788549976692527,0.00011987226113171481
98.779011,0.002612496270706449,-0.03807804055947179,0.0010543710956201673
98.799011,0.0034729857811991206,-0.038379788811221414,0.0014662592075050595
98.81901,0.00491809067632049,-0.038965779487191196,0.0011562358974880197
98.83901,0.004387018415261915,-0.03932654871792779,0.0005676344988923812
98.85901,0.004987601165846816,-0.039431816783188724,6.761118887432696e-05
98.87901,0.0041295125877596145,-0.038757947319332006,-0.0006543002330244251
98.899009,0.0025050603733059477,-0.03880291235429005,-0.0009550228437441073
98.919009,0.00252081794906296,-0.03854848344987652,-0.002007330536033894
98.939009,0.003329279487474044,-0.03875955571091567,-0.0012982629369756873
98.959009,0.002396039394234264,-0.03870671188809555,-0.0006937174824370271
98.979009,0.0029804916086800643,-0.03852125734264283,-0.0003327617714857959
98.999008,0.0031560393942134113,-0.038245383216787866,-0.000505931934652824
99.019008,0.003517018415182594,-0.03828302890442861,-0.00036863589736209996
99.039008,0.003190584848759099,-0.03860983543120928,-0.0005679365966641823
99.059008,0.0026792794874434867,-0.03873953240091376,-0.00040229557102689287
99.079008,0.0024621466203076183,-0.03850284242423359,-0.0001640205127539809
99.099007,0.0021252701634241382,-0.03858034825173719,3.4837296098908866e-05
99.119007,2.2333100481018313e-05,-0.03889316876453271,0.00018984895110345365
99.139007,0.0009964356645887531,-0.03907382144518244,0.000998566899806871
99.159007,-7.61750579904343e-05,-0.03912230629368639,0.0006792428904898235
99.179007,-0.0002692519810346326,-0.038980837762216745,0.00016106107231458604
99.199007,0.0008999321681635417,-0.038727154778544604,-0.0006405706293051048
99.219006,0.0012043610726066613,-0.03889044149183511,-0.0008394284381606447
99.239006,0.000249489277774424,-0.039371537062913325,-0.0008903608390890059
99.259006,-0.00040997459169080834,-0.03925104755242592,-0.0006339272726514906
99.279006,0.0009819368302123861,-0.039510138461513536,-0.00010910209783111921
99.299006,0.0018269717952529593,-0.03922153706288817,-7.765687639055795e-05
99.319005,0.002115013753261994,-0.03865291235426065,0.0006805715618215004
99.339005,0.0035884170166521553,-0.038363052214420545,0.0006384969697471346
99.359005,0.004801983450204831,-0.038430627971982045,-0.00020388065261365526
99.379005,0.00391743799564911,-0.038535499766840814,-0.000103787412524552
99.399004,0.0034769484851385696,-0.038325639626989524,-0.0007681230768524589
99.419004,0.0008991396273268908,-0.038809532400902395,-0.0010400578087848633
99.439004,0.0007672515154579988,-0.03935556969694175,-0.0013770974358141416
99.459004,5.5759673956230456e-05,-0.039340814452191966,-0.0018022722609813521
99.479004,-5.260862440558886e-05,-0.04039680512816497,-0.001478519347233332
99.499003,-0.00011270186447378031,-0.039835872727215116,-0.001338565967285084
99.519003,0.0007114939397049854,-0.03911605920741745,-0.001174696503419124
99.539003,0.000934524242754141,-0.0391772013985701,-0.0010715030302217146
99.559003,0.002932100000331132,-0.03915004522140987,-0.0005356055943310663
99.579003,0.002031796970039069,-0.03879249277388724,9.817062943346376e-05
99.599002,0.0016870883453145745,-0.038396455477877275,-0.00010334452208118981
99.619002,0.0008820766903038532,-0.03842661864805757,0.0005454899767444075
99.639002,0.0012697689980121596,-0.03816517342662901,0.000575606526866542
99.659002,0.0012153867136203643,-0.03851314545460813,0.0009919235431765769
99.679002,0.0012387433569879995,-0.03893841351987364,0.0017541379953767756
99.699002,-0.0003021890439288185,-0.038603495104933196,0.0015061193473615538
99.719001,0.0001786034968598489,-0.03833729463873542,0.0010260261072736019
99.739001,-0.0006488790206238318,-0.038646851748271004,0.0005658629371189321
99.759001,0.00020974568800185514,-0.03874242284382447,-0.00023532587405739652
99.779001,-0.00017041748213643144,-0.03880999860138968,-0.0012455589742722873
99.799001,-0.0010023522140912963,-0.03893806386943478,-0.0017194517481579374
99.819,-0.001354566666329169,-0.03907480046614839,-0.0014094284381366575
99.839,-0.0010396715614409738,-0.038693122144492414,-0.0014670041957101526
99.859,0.001470701398910023,-0.038946735198122376,-0.0012894051281163918
99.879,0.0015069484851604658,-0.038929742191153194,-0.0005294051281319447
99.898999,0.001618044056246382,-0.039139042890460767,0.00022129417255567512
99.918999,0.0035613074594907316,-0.039080791142234186,0.0006748139860710408
99.938999,0.0044245475527371105,-0.03927368158511357,0.0006632988345563417
99.958999,0.004223288811504191,-0.03931377482520099,0.0006159095571727588
99.978999,0.0032064822847059694,-0.03925608251748686,0.0008196391608994535
99.998998,0.0011846641028603081,-0.03942347179485792,0.0010991030303557667
100.018998,0.0013829624711345,-0.03931100093238746,0.0013183337995821209
100.038998,0.0026477410259189314,-0.03883978881120273,0.0005720634033191138
100.058998,0.0029592095574040443,-0.03897846013986103,9.14965041304706e-06
100.078998,0.0009027526809493723,-0.03904990536132144,-7.499953373780451e-05
100.098998,0.002281773659975589,-0.03884736456880176,0.00016416130541865197
100.118997,0.0029435918417960788,-0.038753914685356196,-9.138648011994851e-05
100.138997,0.003247321445566043,-0.03874249277392337,-3.602517476061464e-05
100.158997,0.0016424729607249114,-0.03881309883450328,0.0002739981352569553
100.178997,0.0013082538464899444,-0.03879340186478449,0.00033644568769895545
100.198996,0.0017525428907628658,-0.038981070862448196,0.0006619701632183049
100.218996,0.0019546641028815198,-0.038770138461521525,0.0007483337995811978
100.238996,0.0025038249420301748,-0.03900407785545593,0.0005113874126394326
100.258996,0.0024505848487782174,-0.03930002191136673,0.0001105715618317072
100.278996,0.001967251515415422,-0.03959232960367843,-0.0004448130535462109
100.298995,0.0026328925410761344,-0.03971482377618239,-0.0009629948717187984
100.318995,0.0026939181821157136,-0.03995142051276904,-0.0009098480185683257
100.338995,0.003024827273033114,-0.039978786480135864,-0.0004886592073839557
100.358995,0.003407437995632384,-0.03990419440554662,0.0001056997669642624
100.378995,0.0036839881121939607,-0.0399021897435449,-0.000250827039555996
100.398994,0.00470333543154193,-0.0392579240093025,-0.00033719067591676886
100.418994,0.003383009091225936,-0.03898666526804014,-0.0001976801864065834
100.438994,0.002117484615683687,-0.03887610582747734,0.0002828559441247309
100.458994,0.0022029857811793965,-0.03809577948715268,0.00029835710962598035
100.478994,0.0020066221448048413,-0.03825542983679004,0.0001234153846860332
100.498994,0.001927204895381398,-0.03820135058271482,-0.00031726060598560673
100.518993,0.001049629137788908,-0.03809041818180703,0.00030057156183802176
100.538993,0.0020286967368411913,-0.03811302890443593,0.0005215738928378252
100.558993,0.0017385801867410727,-0.03840104755245245,0.0007164456877025744
100.578993,0.002394081352269506,-0.0386842643356803,-1.4797202143975374e-06
100.598993,0.0030725428907353233,-0.0387070382284587,-0.00014099020972458288
100.618992,0.002119232867452435,-0.03911552307692719,-0.0003115030302362073
100.638992,0.002045806294025213,-0.0392121431235418,6.539673665698553e-05
100.658992,0.0022912142194214634,-0.03883347179486721,0.0003355599068196511
100.678992,0.002827997436165976,-0.03884771421908003,0.0001805482518124562
100.698992,0.002641633799779954,-0.03832708484847827,-0.00022425361298393975
100.718991,0.0014554100235305825,-0.03794165361307143,-0.00012460326332971853
100.738991,0.0010108878790103092,-0.03787079114220661,-0.0006760018647173762
100.758991,0.00029897645713348043,-0.03800526666666592,-0.0007574937062091141
100.778991,0.0008059461541323248,-0.038029858741264806,-0.001158752447461262
100.79899,-0.0005622822840681783,-0.03815990536131805,-0.0007756522143689473
100.81899,-0.0009015130532756464,-0.038465383216793166,-0.0002791720279004414
100.83899,-0.0003066645684158335,-0.03886608251748782,0.00032315897442140764
100.85899,-0.0013355223772529307,-0.03892079114219453,7.91263403932662e-05
100.87899,-7.452004626116014e-05,-0.0386213272727267,0.00022040839167478067
100.898989,0.0015480207462965122,-0.03851575617717251,0.0004950004662599389
100.918989,0.003775573193816527,-0.03897820372960792,0.0004192662005276703
100.938989,0.004537717715948562,-0.03911307552447522,-0.00011441678314934656
100.958989,0.005416808625020578,-0.03971361165500195,-0.0002007804195117094
100.978989,0.0057218902100744495,-0.03978727132865586,-0.0005174470861738833
100.998989,0.002909372727530857,-0.039510814452224916,-5.86125873482403e-05
101.018988,0.00206983892799293,-0.03926948578089179,-7.189930063638853e-05
101.038988,0.0018815871797373434,-0.0394076909090803,-0.00030707412580523456
101.058988,0.0005675312357167252,-0.03940002191139516,-0.0008008969696204571
101.078988,0.0013242212124063967,-0.03909545314683055,0.00022882331009018374
101.098988,0.002186458974667816,-0.03880710815849911,0.0009799655012216958
101.118987,0.002452449650677002,-0.03919668857807539,0.0007071449884062766
101.138987,0.0021283937066389064,-0.03933494032632153,0.0013674946387439231
101.158987,0.0012822864805255986,-0.039694124475510975,0.0012098256410792046
101.178987,0.0021838249420367234,-0.03925999860141267,0.001072086713341938
101.198987,2.347529168180687e-05,-0.0389475510489844,0.0010809445221959333
101.218986,0.00046638904459244963,-0.03865407785551968,0.0006336251748791593
101.238986,0.0012856198138001655,-0.038598576690037266,0.0004919002331542824
101.258986,0.0023656431238076757,-0.03842680512827273,0.0004963291375826052
101.278986,0.0020981606063088243,-0.03803368158514266,0.000874557575809065
101.298985,0.0020486268067606934,-0.03812274918422124,0.001434813986058138
101.318985,0.0010416571098248173,-0.038884474125913025,0.001087144988393995
101.338985,0.0006090696972414741,-0.03926876317018055,0.0017984270396653027
101.358985,-0.00042060396241948425,-0.039529369230771015,0.001589825641071693
101.378985,-7.666899477689086e-06,-0.03962666526804294,0.0020840913753318677
101.398984,-0.0001387158505090088,-0.03996839020974518,0.0017390797203225982
101.418984,-0.0008923755241739076,-0.03989006853143415,0.0019184503496919281
101.438984,0.0005834752916751176,-0.03975790069926875,0.0011987533800046875
101.458984,0.001520724708895548,-0.03949216643353918,0.001107960839215062
101.478984,0.00109042167860407,-0.038883891375254886,9.152727279574952e-05
101.498983,0.001215433333615986,-0.03915414778554077,0.00012075804202426948
101.518983,-0.00016575547756516869,-0.039366129137530716,-0.0006543002330249551
101.538983,3.2239860421067607e-05,-0.03946216643359107,-0.0010927617714813736
101.558983,0.0008867386949450772,-0.03958524335666891,-0.0010661883449082574
101.578983,0.0019111209793306698,-0.0400923296037628,-0.0007738806526039782
101.598983,0.0036395125877289646,-0.040548180419632436,-0.000977610256331203
101.618982,0.0037900487182464947,-0.04055608251755009,-0.00035313473186297063
101.638982,0.00437561981381153,-0.0405461757576233,-0.00038413706286493965
101.658982,0.004562636130827384,-0.040196035897470145,0.00012518694645312229
101.678982,0.004573242191454369,-0.03969650209790168,0.00020933613060132374
101.698982,0.0038901652683964788,-0.03940734125874214,0.0003864923077554323
101.718981,0.001384058042300446,-0.039064707226100774,0.0004972149184767501
101.738981,0.0010468319350793284,-0.038923798135170606,0.000297914219178378
101.758981,0.0020763657346325806,-0.0388248470862065,3.2179953447215295e-05
101.778981,0.0018912841495561134,-0.03897041818179803,0.00010304242430885866
101.79898,0.0025525662008269866,-0.03890610582749435,-0.0005701510488767536
101.81898,0.002718999767209765,-0.038888623310014636,-0.000707447086171188
101.83898,0.0024198156180071703,-0.03924293566430377,-0.0005125752913016685
101.85898,0.0028969951051993257,-0.039420861072204494,0.0002890564103206726
101.87898,0.002544640792835727,-0.03909932261066057,0.0009516205128751304
101.89898,0.0024935452217504377,-0.03850605920741522,0.000905117016374562
101.918979,0.0024818435900539697,-0.03847107086243306,0.0014299421911954633
101.938979,0.002231354079556103,-0.0384341244754978,0.0007678209790833078
101.958979,0.002476901865103521,-0.03833144382282252,0.0005335319347958863
101.978979,0.0017601885783839497,-0.03836349510489147,9.684195811556702e-05
101.998978,0.002608859907035276,-0.03883270256410946,-0.00045012773884853805
102.018978,0.0030222398604225534,-0.03924260932402807,-0.0005852093239298708
102.038978,0.003555852914046247,-0.03979260932402013,-0.0003792652679900746
102.058978,0.003518440326640666,-0.04010393799533553,-0.00042133986006656025
102.078978,0.0029937550119566213,-0.03986559300697749,-0.0006830881118127627
102.098977,0.003365246853467203,-0.039241000932381344,-0.0007189622376874768
102.118977,0.0036931023313174992,-0.03886307552444866,-0.0005174470861770633
102.138977,0.0027909111891198306,-0.038794660606031046,-0.0011751393938635461
102.158977,0.0016010976692961395,-0.03839407785543675,-0.0010090554777828944
102.178977,0.0018493960375813652,-0.038446315617657635,-0.0006219692306971393
102.198977,0.003644384382579449,-0.038616222377586995,1.0035431296591697e-05
102.218976,0.0033572282054301094,-0.03849689836826903,-6.968484841957714e-05
102.238976,0.003272985781168763,-0.038448996270383465,0.0003909212121842849
102.258976,0.002414081352234911,-0.03862857668996895,2.3322144592689863e-05
102.278976,0.001620608158789171,-0.03859990536131171,9.15272728021097e-05
102.298975,0.0002001419583169007,-0.037803471794900345,0.0005282172494829591
102.318975,-0.0012981097899257908,-0.03786501025643449,0.0003200587413247617
102.338975,-0.0018301377619535646,-0.03846682843823739,1.177622445246271e-06
102.358975,-0.002985592307395848,-0.03848165361305747,8.97557110201805e-05
102.378975,-0.0013536109554060814,-0.038924544055918886,0.00031120093246069625
102.398974,0.0007323097905271127,-0.039514613985967686,0.00030677202802972337
102.418974,0.00025631911452076643,-0.03937407785541378,-0.00022336783209933527
102.438974,0.00012340536160921256,-0.0389134951048549,-0.00017022097895416275
102.458974,-0.0005014897432791308,-0.039040651282013346,-0.0001684494171807138
102.478974,-0.0007607438224998274,-0.039012586013965934,0.00026779766905995366
102.498973,-0.0011925386942889206,-0.03870069790208138,0.00046089790215337364
102.518973,-0.0012798347315696702,-0.039033308624681275,0.00034308904434620963
102.538973,-0.0020565013982709267,-0.03900918275056861,0.0005003151515675658
102.558973,-0.0014058720276353789,-0.03885246946386514,0.0005733920746423105
102.578973,0.00039100442921265926,-0.03897184009323597,0.0005180307692819164
102.598972,0.0028917736599544932,-0.03949827365964212,0.0011270051282510195
102.618972,0.003182682750865292,-0.03955549976688062,0.0009166321678839608
102.638972,0.004045969464141743,-0.039505639627040366,0.000848427039679841
102.658972,0.00394051491869056,-0.04014158368297256,0.0012736018648528817
102.678972,0.003742612820811109,-0.040159625641014544,0.0013714806527299435
102.698972,0.003337391375614212,-0.03980321538459517,0.0007155599068206198
102.718971,0.0024461792544181963,-0.03951267925403625,0.0004542545455183098
102.738971,0.0018115405597668725,-0.03886279580416912,6.938275064724602e-05
102.758971,0.0023828692311243832,-0.03821417109555755,-0.0006060251747541177
102.778971,0.0010663890446231017,-0.037849089510495634,-0.0009094051281313237
102.79897,0.0016995125877440193,-0.03787946247087194,-0.0002782862470200768
102.81897,0.0017972282054874735,-0.03789407785550661,-0.00023621165494571117
102.83897,0.0018424729607149884,-0.038155173426624035,-0.0002366545453858934
102.85897,0.00010042167865281695,-0.038741070862513,-1.5104888431049157e-07
102.87897,0.00011137738959676789,-0.03887692167834732,8.178368304707955e-05
102.898969,-0.0007712333330084356,-0.03908545314686428,-9.138648011994862e-05
102.918969,0.0014533354315624599,-0.03975002191137593,0.0006088233100752522
102.938969,0.0017383937066038245,-0.039824847086204054,0.0006066088578579108
102.958969,0.002813894872124987,-0.039852446153803414,0.00027665547790705876
102.978969,0.0025583237765514754,-0.039776921678278815,0.0004958862471355329
102.998968,0.004053428671649959,-0.039677154778522114,0.0014405249417610354
103.018968,0.0041908179490495875,-0.039232166433549,0.0012578909091376014
103.038968,0.004316155944387021,-0.0387012573426622,0.0005528792541431192
103.058968,0.002548953147176415,-0.038317574358974295,0.00011162051289603011
103.078968,0.001978440326665025,-0.03803517342656183,-0.00034446340318332466
103.098967,0.0013871815854203428,-0.03812929930068221,-0.00021392727264763037
103.118967,0.002580211888437326,-0.038254707226074554,4.129417256704376e-05
103.138967,0.003039349417573714,-0.03804563962702281,1.0641491912252246e-05
103.158967,0.004680188578438676,-0.03865727132864679,-0.00014644475517330694
103.178967,0.005051237529486816,-0.03892839020975851,0.00026847365973423754
103.198967,0.006426878555131541,-0.039075266666655284,0.0008563524476000796
103.218966,0.007226155944402864,-0.03909298228438712,0.00025052494178366496
103.238966,0.006616319114574528,-0.0384379706293846,0.00021952261078275582
103.258966,0.005130864569117399,-0.03859750442892054,-0.0003101743589040005
103.278966,0.005185153613385979,-0.03830974219116773,0.0001929491842096396
103.298965,0.004802030070231193,-0.03818013846156103,0.0008750004662518974
103.318965,0.00446848694667369,-0.03799146713286413,0.000699615850871238
103.338965,0.0035782538464409737,-0.038200581351974565,0.0007992662005190988
103.358965,0.002400165268357672,-0.03908284242423577,0.00039579300705278996
103.378965,-0.00012885571068065363,-0.03954146713283996,0.0006176811189329576
103.398964,-0.0008302076920268218,-0.03977515011653822,0.0008103384615861956
103.418964,-0.0010018160836333715,-0.04006629230767782,0.0007461193473675663
103.438964,-0.002710580652384749,-0.040138320279690894,0.0006686135198639687
103.458964,-0.0015108137526285668,-0.04023216643352642,0.0004183804196367056
103.478964,0.0006844310025773435,-0.03959804055940305,0.0011163757576235752
103.498963,0.0024054333335599663,-0.03905934592071061,0.0009525062937586748
103.518963,0.0029646174827712857,-0.038291513752898396,0.0007354899767486017
103.538963,0.002908183916350878,-0.038137061538476784,0.0009795226107783333
103.558963,0.004861470629646232,-0.038063262004706166,0.0010703151515721989
103.578963,0.0030206780888514745,-0.038355523076961294,0.0014512009324535323
103.598962,0.003648230536420132,-0.03821717808862109,0.0017634386946852637
103.618962,0.00409781095601559,-0.03818475384618118,0.001623928205174548
103.638962,0.0031503284385242946,-0.03882351841492358,0.0011921100233600835
103.658962,0.0034025895107638094,-0.038640441491832406,0.0008710144522674669
103.678962,0.0023374146855715356,-0.038896478787849215,0.0003860494173078298
103.698961,0.003617204895370532,-0.03855696829835319,-0.00010334452208013
103.718961,0.0019999088581090342,-0.03837673519814477,-0.00035357762230951316
103.738961,0.0006989531471550441,-0.038142912354321316,0.00019782097908397457
103.758961,0.0021084403266696528,-0.03779361165502853,0.00043033846160059715
103.77896,0.0018423797206219836,-0.038070744522156016,0.0005477044289675791
103.79896,0.004297717715951884,-0.037956432167845534,0.00031562983689378886
103.81896,0.004909838928075265,-0.038108786480193085,4.103776230492058e-05
103.83896,0.00501296247116529,-0.038522539393963516,0.0005326461539075717
103.85896,0.005021144289332281,-0.038415476456921255,0.0003067720280360834
103.87896,0.0032279508161579284,-0.03882258601401792,0.0004440680653305174
103.898959,0.003724058042263956,-0.03874487039630559,0.000266911888176409
103.918959,0.0013734519816533224,-0.03908121072261932,0.00033777435903805243
103.938959,0.00019580629401391296,-0.03881445081583595,0.0005255599068233155
103.958959,-0.0004038207455933096,-0.03886074452212408,0.0003639048951678065
103.978959,-0.0009832146849925454,-0.03938163030298639,0.00024653892780135444
103.998958,0.00018447762268787322,-0.03933225967361691,-0.00040495291368229647
104.018958,0.002322123310342618,-0.03958377482513306,-0.00037395058268350763
104.038958,0.0035150603732830264,-0.0395337515151364,0.00018409137534981427
104.058958,0.0049534286716683765,-0.039246805128212756,-1.0780419520765148e-05
104.078958,0.0036604216786637065,-0.039385965967378936,-3.735384609388154e-05
104.098958,0.0037748738931078617,-0.03932638554781379,0.00021952261078063586
104.118957,0.003344897203113809,-0.039409788811219024,0.00019737808863849233
104.138957,0.0037601419583495207,-0.03876869324013189,0.0002390097902747958
104.158957,0.001437204895411168,-0.03873188671334091,0.000711131002387527
104.178957,0.00042680862500754874,-0.038850278321703915,0.0010034386946918062
104.198956,0.002100468298656801,-0.03871333193474818,0.0006136951049538274
104.218956,0.003163335431512759,-0.03884114079255395,0.0005034153846726917
104.238956,0.003146831935029199,-0.038621210722617864,0.000461340792598326
104.258956,0.004676528904708742,-0.03883438088578725,0.00010038508164709492
104.278955,0.0017032421914016656,-0.03893813379954534,0.000273555244814123
104.298955,0.0016761792543561747,-0.038908646620063714,0.000136259207523399
104.318955,0.0026308412590136014,-0.03901204988345395,-0.0005457920745162088
104.338955,0.0025509344991002927,-0.03867873986015492,-0.00017376410248887077
104.358955,0.0014558529140454956,-0.03842030163171675,0.00021199347326308752
104.378955,0.0018082771564963385,-0.038455616317027076,0.00031607272734139114
104.398955,0.002537181585419203,-0.03858267925407556,0.00042900979027687036
104.418954,0.0008897223779593883,-0.03849270256410979,0.000550804662069525
104.438954,0.00037335874162583254,-0.038609019580414045,0.000390921212188525
104.458954,0.0005752235434765333,-0.038791583682985215,0.0002447673660321454
104.478954,-0.0004877601395428507,-0.038845313286699476,0.0007496624709171147
104.498953,0.0003042212124386649,-0.039503005594362636,0.00031341538467379737
104.518953,0.002220118648322008,-0.03990184009318659,-0.00014276177149644202
104.538953,0.0018839414921032025,-0.03992538321675508,3.616596743270578e-05
104.558953,0.0028558762240432772,-0.03945396130535684,-0.00030973146845957814
104.578953,0.004080631468799976,-0.03920197995342549,7.115431241910508e-05
104.598953,0.0038638249419822033,-0.038781094172561405,5.7867599130956944e-05
104.618952,0.004357880886035767,-0.038406991608485916,-6.7944055289146646e-06
104.638952,0.005204384382568196,-0.03843391468541522,0.00015928951055120696
104.658952,0.005177391375558008,-0.0384365953380838,0.00035238974364409714
104.678952,0.004005246853387854,-0.03911720139864368,0.0014419002331397444
104.698951,0.0035191629373386613,-0.03927885641028328,0.0014419002331386842
104.718951,0.003998300466473845,-0.039364637296035745,0.0016673314685721106
104.738951,0.002761913520076652,-0.03926067459206257,0.0015915972028451423
104.758951,0.0026538715620641994,-0.03882431095572314,0.0011314340326862324
104.77895,0.0033789531471473716,-0.03851918275059944,0.0013156764569240672
104.79895,0.003966878555061306,-0.038082119813550815,0.0005096158508734034
104.81895,0.005306692074891071,-0.03797116410261236,0.00019693519819990004
104.83895,0.005520281818498592,-0.038021234032687846,0.0006894293706818557
104.85895,0.0037279041961115296,-0.038328087179527355,8.931282057310826e-05
104.87895,0.0018996058278080202,-0.038976711888137866,-0.00046917202790198586
104.898949,0.0029767153849160244,-0.03874144382289032,-0.0009501510488740124
104.918949,0.0025654566436451335,-0.039391187412620064,-0.0006644867132148674
104.938949,0.002421866900056983,-0.039539742191180324,-0.0007331347318623495
104.958949,0.0026000254082262624,-0.03910267925413806,-0.00045411375284621865
104.978949,0.0031993960375930925,-0.03923876317019163,-2.80839154713417e-06
104.998948,0.0028240580422465977,-0.038815569696985394,8.576969702620994e-05
105.018948,0.0013366920748934745,-0.03831288904430187,0.0008076811189276121
105.038948,-0.0001003475521591399,-0.037749275990691375,0.0018001986014292118
105.058948,-0.0008573172491299452,-0.03766281911422965,0.0014033687646080367
105.078948,-0.0007952193470658631,-0.0380712340326162,0.0008807580420076568
105.098948,0.002562030070174211,-0.037943005594397734,0.0005844643357189474
105.118947,0.002932030070187177,-0.038615243356649134,0.00038782097907809896
105.138947,0.0031076944058537406,-0.038809089510490835,7.15972028592873e-05
105.158947,0.003297554545732208,-0.039014940326352464,-0.0005311766898990337
105.178947,0.003143988112170296,-0.039490324941714,-0.0010444867132031162
105.198946,0.001813265501472089,-0.039645033566423696,-0.0008425286712498704
105.218946,0.0017680440562641148,-0.03957046480186883,-0.0006387990675231756
105.238946,0.0018318902100990656,-0.04003121072260901,0.0003045575758219222
105.258946,0.0032590230772407813,-0.04008111748249736,0.0002886135198794305
105.278945,0.001729489277670466,-0.04007503356638906,0.000286399067662089
105.298945,0.003025782983958322,-0.03962097762234263,0.0003887067599642935
105.318945,0.001846692074848189,-0.03941480046617933,0.000384277855535971
105.338945,0.0009417037298344103,-0.03894764428901857,0.00013803076929419804
105.358945,0.0012476477857729547,-0.03885116410256679,-0.00038280839153591296
105.378945,0.0005221466202739123,-0.038732516083921524,-9.005780879145167e-05
105.398944,0.00044522354338127445,-0.038895569696981644,0.0004303384615984771
105.418944,0.001030817949026273,-0.039043704895099535,0.0001579608392243003
105.438944,0.00169335874158292,-0.03961484708623711,0.0007359328671903743
105.458944,0.0021997223779592133,-0.03912020839161021,0.00033777435903593244
105.478944,7.596946419979726e-05,-0.038880208391613005,1.6678787945435792e-05
105.498944,0.00010517692342149596,-0.03868034825174865,5.6538927803520176e-05
105.518943,0.0008367620049970449,-0.038488227039607935,-0.0008633445220640472
105.538943,0.0021238482520604075,-0.038344450815827415,-0.0005223188810429183
105.558943,0.0015160627042590936,-0.038816292307673854,-0.00026057062930201605
105.578943,0.0014282538464631084,-0.03916850675988681,0.00015796083922271038
105.598942,0.0021172048954105033,-0.039664660606019204,0.00021509370635549327
105.618942,0.001888720046954494,-0.03983703822838615,0.00039667878793527456
105.638942,0.002701167599392939,-0.03987645547782791,0.0006783571096062789
105.658942,0.0021907713289904826,-0.03971706153846221,0.00031474405600070423
105.678941,0.0016134519816468208,-0.039746199067605674,-0.00028360093233300416
105.698941,0.00186718158538773,-0.039726385547783884,0.00014688857814872347
105.718941,0.0035858762240615965,-0.03972139720276467,-0.0005311766899022139
105.738941,0.005255223543409382,-0.03998643216778398,-3.9125407858850374e-05
105.758941,0.005917741025931118,-0.03980193333329039,9.15272727925697e-05
105.778941,0.0055865522147378836,-0.03945645547781822,-4.798321671549573e-05
105.79894,0.005646901865083568,-0.039093168764533386,-0.00021406713279614742
105.81894,0.005805293473496634,-0.038345872727277006,-0.00012283170156474966
105.83894,0.005777134965350387,-0.037992749184188525,-0.00022912540785827471
105.85894,0.003082636130861911,-0.03813211981356291,-0.0006015962703210249
105.87894,0.00277119090943662,-0.037989439160887914,-0.00044658461531171004
105.898939,0.003474314452579028,-0.03829202657347352,0.0004033221445841185
105.91894,0.004387601165842133,-0.03875027832170781,0.0005667487180088365
105.938939,0.004668836597078256,-0.03917160699302215,0.0017412941725335799
105.958939,0.004215363403600383,-0.038930115151528916,0.0020491030303391084
105.978939,0.002812053380269064,-0.03914839020980515,0.002108893240129415
105.998939,0.0026261792543972877,-0.03935328531469176,0.001517634498878903
106.018938,0.0027082072264227423,-0.03934279580422661,0.0011965389277889362
106.038938,0.0014598389280474165,-0.0392184368298546,0.00046798414924505003
106.058938,0.00036307902128567416,-0.03923729463869606,-0.00044038414910781826
106.078938,0.0020639181821369536,-0.038420278321713644,-0.0005714797201988906
106.098937,0.0036275079256936605,-0.038153751515202006,-0.0004076102563345201
106.118937,0.003225549883708997,-0.03776797062942044,-7.987132860683957e-05
106.138937,0.0029211209792982086,-0.03785004522148391,0.0011092895105313688
106.158937,0.0033108645690621574,-0.03810932261073316,0.0010091962704369653
106.178937,0.00454305571126513,-0.038721700233084216,0.0012705016317371553
106.198936,0.005782239860453524,-0.03915188671325255,0.001139406060645023
106.218936,0.0070017736600062,-0.03954253939389786,0.0011699655012057499
106.238936,0.005677391375605282,-0.03977629230763936,0.0009706648019073777
106.258936,0.005947997436202829,-0.039563961305322394,0.0006606414918908679
106.278936,0.005744058042254153,-0.03877832027972296,0.000249196270451988
106.298935,0.0062559694641520355,-0.03849589603730156,0.0001278442891026957
106.318935,0.004004524242725899,-0.03815906620047942,0.0002168652681231123
106.338935,0.0030776710958845014,-0.038368133799539114,0.0005649771562300874
106.358935,0.0024312841495023967,-0.03860764428902526,-5.9498368236025174e-05
106.378935,0.0014736617718994918,-0.03867820372956503,-4.178275051743409e-05
106.398934,0.0031392561774858186,-0.039133681585027134,5.565314692156564e-05
106.418934,0.0035411209793562767,-0.039716665267998566,0.0004325529138174085
106.438934,0.0031851769234056376,-0.039801863403201555,0.00039977902104199037
106.458934,0.002719908858128221,-0.039573471794823706,0.0005990797203403624
106.478934,0.002118626806843135,-0.039039882051265136,0.0002403384616032927
106.498934,0.002680794639025834,-0.0387330055943976,0.000328916550180347
106.518933,0.0023632188814335445,-0.038532329603721056,0.0007053734266328275
106.538933,0.0020714939397025946,-0.03837323869463059,0.0010579142191675956
106.558933,0.001195363403569697,-0.03821647878787585,0.0002540680653332131
106.578933,0.0009032188814265864,-0.037863355244767756,0.00042015198141704486
106.598932,0.0006876477858321157,-0.038163914685321494,0.0003001286713983694
106.618932,0.0007395592077497462,-0.038865662937086785,0.0006234386947030274
106.638932,0.0009448039629930673,-0.03924044149189009,0.0005437184149820884
106.658932,-0.00014293496473920123,-0.03909911282058911,0.0009821799534369172
106.678931,-0.000150091141886851,-0.03896552307700115,0.0010176111888661487
106.698931,0.0008325895107985149,-0.03936876317022488,0.0007935086247665195
106.718931,0.0018523097904920023,-0.03957321538464427,0.0011677510490005986
106.738931,0.0024047806529682936,-0.03987123403263925,0.0010636717949191149
106.758931,0.002151633799800714,-0.039803052214452024,0.0001973780886374323
106.778931,0.0025766687648167566,-0.03922601258744196,0.00021952261078275582
106.79893,0.00190538671351601,-0.038999742191161965,-6.569883443514673e-05
106.81893,0.0037231955713257514,-0.03918580279722504,-0.0002224820512157908
106.83893,0.0033121932403180434,-0.03946167692312188,-0.0005369342656616834
106.85893,0.003131307459462298,-0.03920657202800915,-0.0004749296036550953
106.878929,0.003989652447838651,-0.03980048811189599,0.00023812400939284144
106.898929,0.0027845475527478814,-0.04009062797203844,0.0004374247086938636
106.918929,0.00102142400964068,-0.040061140792548855,0.0007257463870100022
106.938929,0.0015123564105722275,-0.040401210722609264,0.0003736484849154165
106.958929,0.0013416571098719436,-0.03983710815852481,0.00047772773899213013
106.978929,0.0015447340329290558,-0.039272306293725856,0.00036036177162567824
106.998928,0.0014230324012294057,-0.03870680512821241,-0.00013788997662263702
107.018928,0.0021055265737118458,-0.038119905361332654,-0.0005834377621633119
107.038928,0.002336249184422228,-0.03810039487184175,-0.0006100111887364281
107.058928,0.0019145475527220918,-0.03804689836833191,0.0004440680653305174
107.078928,0.001989815618004177,-0.038660208391615124,0.0011836951049489204
107.098927,-0.0015856156174270785,-0.038587830769234735,0.0013103617716122003
107.118927,-0.0014539372957372365,-0.03867591934733199,0.0010911310023863758
107.138927,-6.291608111700059e-06,-0.0384913505827697,0.0005663058275691844
107.158927,0.0016050836832848104,-0.03816209650351162,-2.0524009252474934e-05
107.178926,0.002810701398888696,-0.03810846013986757,-0.0009882396269559979
107.198926,0.0031194426576555416,-0.03807407785550107,-0.0013004773891898487
107.218926,0.004670911189115809,-0.0377813039627429,-0.0009572372959540286
107.238926,0.0074051069932900716,-0.037631047552502794,-0.0007512932400131726
107.258926,0.007123009091191006,-0.037426292307765764,0.00028285594412261086
107.278925,0.007291493939693029,-0.0380582037296559,0.0007368186480781589
107.298925,0.004331563869779895,-0.03816424102569312,0.000725746387003642
107.318925,0.0037913307695491586,-0.03860130396274176,0.0010862592075141608
107.338925,0.0010854100236066572,-0.038562259673698515,0.0009046741259311998
107.358925,0.0025317270399407973,-0.03890545314686929,0.0008586135198692233
107.378925,0.0019949438231496447,-0.03906258601399764,0.0003780773893410891
107.398924,0.0016338016320187644,-0.039130581351981365,0.00019427785554555668
107.418924,0.003127298135517687,-0.039212026573409636,-0.0001666778554046144
107.438924,0.004609815618012838,-0.03909197995337567,-0.0010794750581884555
107.458924,0.00338645897467135,-0.03846950909091074,-0.0013274937062063273
107.478924,0.00239911631734688,-0.03930468391608427,-0.0009510368297559669
107.498923,0.0011705149187309478,-0.039999345920738276,-0.0012743468530643349
107.518923,0.0006895825177895233,-0.04028431095568505,-0.00027961491834804374
107.538923,-0.000439135430950276,-0.040300045221433115,-0.00017996456869859268
107.558923,0.0005729857811590901,-0.03990713146850754,0.0006477976690556222
107.578923,-0.0013607205125427389,-0.03961179347317584,0.0010060960373514496
107.598922,-0.0017003475521735676,-0.039091606993007885,0.001181037762291397
107.618922,-0.0004197181815497196,-0.03875757435898225,0.0009972382284948044
107.638922,-0.0012014431232752797,-0.038693728205123984,0.0006141379954003698
107.658922,-0.0018370375288332616,-0.038387551048948684,-0.00020255198128303847
107.678921,-0.000670953612735973,-0.0390200219114191,-0.0004549995337287031
107.698921,0.001268836597045012,-0.03979771421909889,-0.0008730881118153672
107.718921,0.003164081352298667,-0.039606455477846546,-0.0007707804195094526
107.738921,0.004877461305678157,-0.03950610582748579,-0.0013956988344125672
107.758921,0.004939489277702695,-0.03917580279719041,-0.0010125986013112423
107.778921,0.004621936830170757,-0.039496875058262944,-0.0007929249416399357
107.79892,0.006553591841833903,-0.03921111748250232,-0.00046961491833262764
107.81892,0.007263055711283669,-0.03891799393937312,-0.0004297547784729534
107.83892,0.005939978788216086,-0.03874083776222326,-0.00031460326332384287
107.85892,0.00468461748287389,-0.0384751034965276,-0.0005874237761413821
107.87892,0.0034776244758918246,-0.03850121072263516,-0.000319475058201358
107.898919,0.002256179254435732,-0.03869505687648481,0.0001300587413210971
107.918919,0.0009259927742320219,-0.03885535990677108,0.00031784428910265015
107.938919,0.000284407692649729,-0.03899347179487877,0.0003864923077490721
107.958919,-0.000606967598728125,-0.039393728205136425,0.0010136251748748284
107.978919,-0.001055335897097562,-0.039690255011634853,0.0005570051282665267
107.998918,0.0001969251751395098,-0.039861979953333807,0.00043299580426024075
108.018918,0.0014365988347652976,-0.04006186340319226,2.2879254151977657e-05
108.038918,0.000939046387183247,-0.03969181678317201,5.609603736757805e-05
108.058918,-0.000397293939156653,-0.03975412447548563,-0.0003447198134438576
108.078918,0.001119046387205269,-0.03953885641022575,0.0001167720280361291
108.098917,0.0019523097904605405,-0.03941995198130883,5.698181824635251e-05
108.118917,0.001133451981616363,-0.03964431095565098,-0.00033940512813676035
108.138917,0.0014082305364362916,-0.039187224708603086,0.00018364848490751205
108.158917,0.0021693727275897273,-0.0388872013985979,9.462750589292566e-05
108.178916,0.0005975312357665945,-0.03858531328672202,-0.0005705939393111059
108.198916,0.001125316783538805,-0.03886298228439594,-0.00048821631693582326
108.218916,0.0017179741261891578,-0.038774986946385856,-0.00044392727264676616
108.238916,0.0008503517485583075,-0.03839864662007083,-0.00033719067591570884
108.258916,0.0011293727275585382,-0.03823722470865525,-0.0005785659672910966
108.278916,0.0029300254082055962,-0.037845639627107464,-0.0001866079253410766
108.298915,0.003385223543386036,-0.03798351841496834,-0.0008004540791792146
108.318915,0.0024915172496963152,-0.037908949650410285,-0.0011884261071458643
108.338915,0.003808650116832729,-0.03810067459213931,-0.0008717594404863404
108.358915,0.004435223543407347,-0.038360767832215065,-0.0008965613052860077
108.378915,0.003897927506124279,-0.03813748111893294,-0.00041823962696885465
108.398914,0.003130817949020664,-0.038407900699331754,0.0004281240093821958
108.418914,0.0014325895108137964,-0.037804101165503215,0.0008289398601931013
108.438914,0.0017032421914652664,-0.03808591934730683,0.0008001519814058236
108.458914,0.0023249438231512393,-0.038029369230768585,0.0007005016317574325
108.478914,0.002760981119194306,-0.038004101165535695,0.000485699766959401
108.498913,0.002991167599366731,-0.03876421771563852,-6.39272726574577e-05
108.518913,0.0023218435900397533,-0.03937156037299594,0.0001398023310697671
108.538913,0.004750608158783287,-0.03970265594407496,-0.0001432046619376843
108.558913,0.004558720046903168,-0.039964777156183115,0.0003435319347938119
108.578913,0.005474407692579694,-0.0396369449883672,0.0007465622378162286
108.598912,0.0037202351984120734,-0.03927801724944306,0.0011850237762705271
108.618912,0.0011767386949077402,-0.038773122144551204,0.00143127086251177
108.638912,-0.00030640815824911237,-0.038749718881164096,0.0010304550117029843
108.658912,-0.0006665247083802613,-0.03861906620052964,0.000784650815904574
108.678912,-0.0005523055941574876,-0.038764544055997954,0.000374977156239143
108.698911,-0.0006934710953190363,-0.03952139720282759,0.000479056410321157
108.718911,-0.00128158298343488,-0.039900091841506884,0.0007784503497112823
108.738911,-0.0003954291372721782,-0.0396958960373051,0.00034441771568530656
108.758911,-0.0007247531465740484,-0.039915383216778205,0.0004932289044944398
108.77891,9.797412615367336e-05,-0.03991095431232603,6.185361312333762e-05
108.79891,-0.0010235876454193962,-0.03938577948717173,-0.0005139039626275152
108.81891,-0.0009447065265524601,-0.039102539393937596,-0.0009745100232292572
108.83891,0.00032102773917466905,-0.03900405454544965,-0.0009262349649520596
108.85891,0.0017354100235365132,-0.03902654871794003,-0.001079032167747213
108.87891,0.003182752680910135,-0.03929181678318762,-0.0014957920745006102
108.898909,0.0036402118883851597,-0.03979636223771746,-0.0008163981351158761
108.918909,0.0029599088580703086,-0.039875033566396864,-0.00035357762230633287
108.938909,0.0021766687648609832,-0.0398498587412326,-3.248205121954642e-05
108.958909,0.0017838482520464295,-0.039837271328621846,0.0007802219114704213
108.978909,0.001901027739232172,-0.039899159440492035,0.0006597557110083834
108.998908,0.0016633587415553106,-0.039800091841453014,0.0005866787879299288
109.018908,0.0028628459210340686,-0.03964929930067442,0.0005286601399130712
109.038908,0.0031886034967795697,-0.03977899627037837,0.001458730069970551
109.058908,0.0022710277392022082,-0.039612655944066336,0.0012505715618150032
109.078907,0.0012314473196547316,-0.03972899627042829,0.000422366433622196
109.098907,0.0008283470865466611,-0.03913225967368513,0.0003785202797765011
109.118907,0.0007232655014606072,-0.038505220046650794,0.0003696624709193257
109.138907,-0.0011473871791952213,-0.037750021911455024,0.0008457696970201973
109.158907,-0.0007619559437767295,-0.03745573286716168,0.0014237417249862712
109.178907,-0.0008819093237304212,-0.03793866993008839,0.0010512708625240513
109.198906,-0.0005271074589440002,-0.037943098834513536,0.0007416904429440136
109.218906,-0.0008990188808741625,-0.03793391468533031,0.0007616205128741158
109.238906,0.0006377410258928855,-0.03806617575759772,0.0011673081585540563
109.258906,0.0011871582753206237,-0.03849090769232157,0.0011451636364097925
109.278905,0.0022466221447972807,-0.038498903030313156,0.00045159720285442594
109.298905,0.0039670883452657965,-0.03855491701629914,0.00046266946392629275
109.318905,0.004055013753219378,-0.03856661864799773,0.0004888000000597568
109.338905,0.004312239860453793,-0.03856358834500529,0.0007106881119409848
109.358905,0.004688580186795848,-0.03915260932403694,0.0003187300699867247
109.378905,0.0034091629373863615,-0.03975528997670649,-0.0005116895104223638
109.398905,0.0030417037299077724,-0.03950790069931428,-0.0008190554777871802
109.418904,0.0014321932404005064,-0.039236805128245955,-0.0007703375290692702
109.438904,0.001773871562064188,-0.0391462223776587,-0.0009988689975945722
109.458904,0.0007522631704343548,-0.03902678181820487,-0.000730920279648718
109.478904,-0.00012794661977173766,-0.03860228298371883,-0.000768565967292111
109.498904,-0.0007985759903986612,-0.03871971888114073,-0.0005090321677627201
109.518903,-0.001178762470563379,-0.038451210722640024,-0.000681759440486386
109.538903,-0.0002498580416408975,-0.0383352433566856,-0.0007282629369896043
109.558903,0.0001530324012626825,-0.038531979953403024,-0.0005333911421222051
109.578902,0.001056645454896692,-0.038876944988372686,-0.0005245333332655597
109.598902,0.0025804216786789176,-0.03915386806527819,-0.000458099766832769
109.618902,0.003229372727626071,-0.039481723543141736,-0.0006529715617012284
109.638902,0.0036792328674645023,-0.04004862331002481,-0.00047581538454499983
109.658902,0.004516295804509714,-0.039735266666677024,0.00022882331008382365
109.678902,0.00525100442921523,-0.039635010256434705,0.00032847365973380467
109.698901,0.004620724708916116,-0.03920102424244887,0.0003572615385226723
109.718901,0.0044457596739428465,-0.03927456736598175,0.0001114573427232017
109.738901,0.0031024729606725088,-0.039133868065278334,0.0006274247086869278
109.758901,0.002410608158818187,-0.03970981212123269,0.0008648139860715252
109.778901,0.001865363403586859,-0.04013258601400767,0.0007718069930656183
109.7989,0.0016966687648861762,-0.04068037156176967,0.0003200587413226415
109.8189,0.0024478808860964514,-0.040981583682982395,0.0005459328671941297
109.8389,0.003032356410572393,-0.04121957902097842,0.0009312475525043159
109.8589,0.003888160606359248,-0.040655476456888134,0.000683228904488564
109.8789,0.004327321445514262,-0.0404532153846199,0.0003200587413226415
109.898899,0.002141167599358818,-0.03976428764568939,0.0003156298368937887
109.918899,0.0022510277392421025,-0.039656851748257095,0.0007850937063521762
109.938899,0.001792216550448191,-0.03897270256412276,0.0013697090909607344
109.958899,0.0004600487182744909,-0.03882783076925898,0.0010331123543679283
109.978899,0.0014589997672082538,-0.03864216643356254,0.000696515617775122
109.998898,0.002340584848772916,-0.03885701491839541,0.0008781006993580832
110.018898,0.00411510699329075,-0.03845342517480331,0.0009002452215023468
110.038898,0.005732542890717195,-0.038420161771548625,0.0007629491842079128
110.058898,0.0045778808860416015,-0.03826608251746405,0.00016238974365739291
110.078897,0.0034022631704059628,-0.038549648951027415,0.00043033846160059694
110.098897,0.0010603284384813356,-0.03883053473191689,0.001008310489564021
110.118897,0.0015011675993581346,-0.03884862331002393,0.0012470284382797654
110.138897,0.0006711675993760468,-0.039062073193468626,0.0013418069930559414
110.158897,0.0008414006996102473,-0.03973291235427884,0.001335163636408157
110.178896,0.0018283470865670078,-0.03991204988339869,0.0008679142191612808
110.198896,0.0024526128208339298,-0.040365429836767136,0.0011048606061035758
110.218896,0.0034427759910073013,-0.03970601258733834,0.0007217603730080812
110.238896,0.003981773659995655,-0.0390062223775643,0.0006238815851341994
110.258896,0.003203545221774731,-0.03824170023305217,0.0008630424242933058
110.278896,0.0038961093243112177,-0.03779508018646738,0.0010805016317483312
110.298895,0.0038378109560058063,-0.03808750442890753,0.0009339048951570694
110.318895,0.003659675757878858,-0.03815615244759158,0.0007656065268617263
110.338895,0.003138906527108961,-0.03876253939399305,0.0009184037296574099
110.358895,0.00323694848513182,-0.03945498694642441,0.001273158974403159
110.378895,0.0034613074594972825,-0.03958239953384339,0.0011070750583193271
110.398894,0.004769116317289768,-0.03998570955711938,0.0016761892774266357
110.418894,0.004102169930358789,-0.03989177016314791,0.0012505715618171232
110.438894,0.0021524496506330547,-0.0396434951048764,0.0008475412587920565
110.458894,0.0036535452217298795,-0.039287667599046255,0.0006947440559963729
110.478894,0.004488137296305168,-0.03922072121209028,0.0003891496504044756
110.498893,0.003953055711232021,-0.03975953240087832,0.0003404317016881558
110.518893,0.0021834519816588743,-0.039451956643335506,0.00015486060611758423
110.538893,0.0014596757578926088,-0.039487271328636823,0.0006779142191650365
110.558893,0.0007239648021846422,-0.039196245687609765,0.0005189165501702313
110.578892,0.0016772515154760796,-0.0389828191142143,0.00035726153852055236
110.598892,0.0014099088581077256,-0.03919643216781486,0.0005277743590353568
110.618892,0.0006625895107856957,-0.039097690909092875,-0.0002937874125123162
110.638892,-0.0008259885777950395,-0.03879491701634564,-0.0004682862470089011
110.658892,0.0006554799536495679,-0.038635383216821355,-0.0007251627038802384
110.678892,0.0008588132869831127,-0.03849330862475566,-0.0005767944055144675
110.698891,0.0010831256412957126,-0.03855426433569528,-0.000815955244676224
110.718891,0.0013836151517733427,-0.03845764428907643,-0.0006299412586681202
110.738891,0.0023056664338218192,-0.03866708484848111,-1.8752447490155905e-05
110.758891,0.003040235198402138,-0.03867932261070493,-0.0005223188810476885
110.778891,0.0028953167834759506,-0.039117084848453214,-0.00014763356637130694
110.79889,0.0034632421913921496,-0.03977582610713883,0.00016017529143475163
110.81889,0.002934920513074032,-0.039794590675898425,8.266946393115419e-05
110.83889,0.001052030070217699,-0.03911934592066936,-0.0001525053612371618
110.85889,0.0006131023312983769,-0.039080045221402696,-0.00029423030296044865
110.87889,0.0006024729606788825,-0.038978063869458866,-0.0001525053612361019
110.898889,0.0014976710958577385,-0.038850115151525255,2.5093706358188857e-05
110.918889,0.002106878555034973,-0.039211653613057236,0.0007651636364173041
110.938889,0.002337228205358496,-0.039545336596728806,0.00047728484854452785
110.958889,0.002742449650555394,-0.04009953240089165,0.0006810144522722756
110.978889,0.0033579741260705313,-0.04039988205122236,0.0005973081585682327
110.998888,0.004291493939604958,-0.04024097762232745,7.115431242280998e-05
111.018888,0.005650701398859724,-0.03941741118881357,-0.0010524587411735711
111.038888,0.00754328881153588,-0.03772377482528735,-0.002928542657230489
