Time,FBG1_processed,FBG2_processed,FBG3_processed
0.02,-0.004091763636933662,0.0006400370627943655,3.159020992177009e-05
0.04,-0.0007109244760250787,0.0008742328670174016,0.00035054125886096614
0.059999,0.0015528051277418726,0.0008525545453524719,0.0003907510490667575
0.079999,0.002897537062486644,0.0006519601397612755,0.00025310536142249675
0.099999,0.0035213832163286853,0.0003494076922055128,3.848997681153607e-05
0.119999,0.0036224554773874435,2.1855244646879185e-05,-0.00015220932388277606
0.139999,0.004656418181364249,-0.0001842519814625652,-0.00011258228425402338
0.159998,0.0034063715613111283,9.528181808841186e-05,0.00045091421923226257
0.179998,0.001342968297884677,-0.0003464198136296,0.0009361123544185812
0.199998,0.0004209869458762734,7.278764560598094e-05,0.0012124526807523472
0.219998,-0.0005446307697113233,9.127971932659459e-06,0.0018384200467070645
0.239998,-0.0009207613058536579,-0.00010858764579051015,0.001681543589831296
0.259998,-0.0024413906764826645,0.00036073636353844057,0.0020138046620877237
0.279997,-0.003502066667130751,5.437272718084469e-05,0.0013439911422878418
0.299997,-0.003590971096031732,-4.2713519938007954e-05,0.0008532918415999367
0.319997,-0.002603535198608428,-0.00021945011668154552,-0.0001275006991713435
0.339997,-0.0019662391612900398,0.00023807902084309186,-0.0009168713285227577
0.359997,-0.0025284069934467693,0.00030374335651177397,-0.0013905310021748362
0.379996,-0.0030893160843537657,0.00024027016302234188,-0.0013803911420372562
0.399996,-0.0017365188815693885,0.0004830440558240705,-0.0017178270394644546
0.419996,0.0003258354307800198,0.0007313657341373177,-0.0012783165499612031
0.439996,0.0010762317011706742,0.0005321815849774617,-0.0008700414916945527
0.459996,0.0027857188806629787,0.0005202235430257606,0.0002005645688919238
0.479995,0.0021304974354389994,0.0001570067597995556,0.0005171379954621531
0.499995,0.003164693239623405,-0.00044707249429369166,0.0008494223777397123
0.519995,0.0020880965030083765,-0.0007516179488228558,0.0004192592075819109
0.539995,0.0011432480181333333,-0.0005777484849514025,0.0004339678322926206
0.559994,0.000702991607875974,-0.0006351610723414693,7.557622390908863e-05
0.579994,0.0005070708619575024,-0.0006331564103312685,-0.00021428391595328745
0.599994,0.0006709636358435338,0.00014826550112170697,-0.001081649883307174
0.619994,-1.9501170720746027e-06,0.0005734403262995175,-0.0009471510488166606
0.639994,6.693100184077959e-05,0.0009417386946230983,-0.00023188298356516273
0.659993,0.0006697748247133748,0.001472274825152197,0.0004605412588445368
0.679993,0.0007848330997864409,0.00104141235427619,0.0007310773893776307
0.699993,0.0022201710951401292,0.00026826550111713125,0.0006315435898454956
0.719993,0.0013159519809386893,-0.00012614009328168184,0.0006641776224819368
0.739993,0.0022793086243080235,-0.000504112121271989,0.000828979487286954
0.759992,0.002398073193082796,-0.0007703358974983166,0.00022068111900114517
0.779992,0.0006890522140581657,-0.0007175386947151619,6.998181830548717e-05
0.799992,-0.0004318568768776511,-0.00010602354320373079,-0.0009926055942629762
0.819992,-0.003214351049412253,0.0003715055943382525,-0.0009020228436794309
0.839992,-0.004439712354809522,0.000761202564038739,-0.0009698317014888108
0.859992,-0.004306006061107429,0.0009174263402375047,-0.0006593655010278786
0.879991,-0.0038602484853627935,0.0005862375290437401,-0.001461836363485142
0.899991,-0.003156915152037626,0.0006221349649438254,-0.0013323491840010505
0.919991,-0.0023558195809113714,0.0004112724941102223,-0.0008594121210734685
0.939991,-4.06680657458004e-05,-0.00021844778561814406,-0.0014225822842331777
0.959991,0.0014869076918396157,-0.000389823077004902,-0.0016027687644237188
0.97999,0.0008373738923048228,-0.0008134594406465452,-0.0012081067597675527
0.99999,0.0021528983678294855,-0.0012579582751578776,-0.0015110205126802653
1.01999,0.0016703575752726,-0.000827235664427738,-0.0013626522143155542
1.03999,0.0015977468526676489,-0.0007415013986984569,-0.0015016965033554162
1.059989,0.0022337841487363036,-0.0007875386947530823,-0.0006618596735358943
1.079989,0.0004927585077194437,-0.0007508254080397359,-0.0008644004660709493
1.099989,0.0009243902093266985,-0.00026446177164845825,-0.00017265221433288396
1.119989,0.00030280512775062167,-0.0001770491842212423,-0.00016509976677724428
1.139989,0.00023814312307696985,-0.0003713149184920613,-0.00021414405581643046
1.159989,-0.0013324629375212707,-4.700256418654284e-05,0.0002462289045459099
1.179988,-0.0022602951053423974,-0.0004408254079897666,0.0005520564103697887
1.199988,-0.00029388484893490377,-0.00043175780892863063,0.00031709137540861324
1.219988,0.00028676783171724504,-5.408881126867912e-05,0.00017466713298832124
1.239988,0.0004926419575904679,-0.0003015013986788405,0.0004835249418459826
1.259987,0.0012335510485131252,-0.0006958137530132696,0.000767907226219423
1.279987,0.0011560452210169483,-0.0007742986015024264,0.0005742242425420736
1.299987,0.0015972573422000447,-5.347552536528441e-06,-2.8922610595686444e-05
1.319987,0.0025584694634239106,0.0005383121211163702,-0.00045598554764889174
1.339987,0.0020032247081658893,0.0006433237761422111,0.00023504009336202723
1.359987,0.00046951841446382485,0.0009449088577439169,0.0003045039628254204
1.379986,-0.00016290582796856727,0.0007542561771040598,0.00011242937075346161
1.399986,0.0009954857804160835,0.000949127971967749,-9.759393926694958e-05
1.419986,-0.0008815305366159349,0.0004460044288212485,-9.875944042791818e-05
1.439986,-0.00230647226156674,-0.00012993962712674371,0.0001634783218023187
1.459985,-0.0030947473198385993,-0.0003263032635018283,0.0004031053614232686
1.479985,-0.004178080653147776,-4.427529145449577e-05,0.00021709137540933457
1.499985,-0.003449852214925697,0.0005237666666002192,-3.582237750241352e-05
1.519985,-0.0010794559445308275,0.0006715522143847108,3.1053614250940004e-06
1.539985,-0.00032507366014514216,0.00045875501158733996,0.0004193058276188731
1.559984,0.00013525268018765597,0.0004476128204239893,0.0009288862471942879
1.579984,0.0006915696965184114,0.00038763613043018294,0.0007754829837956639
1.599984,0.0018115696965463723,0.0009068202796084009,0.0008060191143352594
1.619984,4.2385547344576165e-05,0.00048064312342018976,0.0008524060607036717
1.639984,-0.0002635585085929084,0.0005796407924323882,0.0013111473194527402
1.659984,-0.0007887100237472765,0.0003801769229797381,0.0018953897436966996
1.679983,-0.001242089977115715,9.291142118738086e-06,0.0018196088579216392
1.699983,-0.0004547939398198748,-0.0005289139860711262,0.0016460424243593412
1.719983,-0.000651553846573799,-0.000258797435965033,0.0012593058276271236
1.739983,-0.0004081738931898004,-0.00033066223782806693,0.0008796787879987037
1.759983,0.0005725720275556479,1.3953146762082068e-05,0.00022420093252532218
1.779982,0.0008246233096166427,0.00018225151506431528,-0.0007828153844824968
1.799982,0.0009666512816363646,0.0006537899766047775,-0.0010579902096643046
1.819982,-0.0008016703967040783,0.0005434170162020166,-0.0010800414917351735
1.839982,0.00017765361262304848,0.0004281256409155193,-0.0006567547784332878
1.859982,0.0015732480182243077,-0.0003486575758929828,-0.0005924191141180128
1.879981,0.0012059752909550493,-0.0011570491842894338,0.00014219627050456843
1.899981,0.00031704755202863807,-0.0017866296038496726,0.00031932913765238605
1.919981,-0.00034693846195580095,-0.0015063965036197112,0.000492056410391952
1.939981,-0.0002966587416906629,-0.0014801727273905923,2.305874140653795e-05
1.95998,0.0009000312349979544,-0.0012312682984907657,-0.0007713468529803795
1.97998,-0.0008844442894825806,-0.0010678650350680985,-0.0008002512818855031
1.99998,-0.0009528358978705893,-0.0008140421912389546,-0.0007580601397023013
2.01998,-0.002705703030735615,-0.0005823405595366532,-0.0006004843821422478
2.03998,-0.0024774745924982674,-0.0006104524476194366,-0.001005146386819807
2.059979,-0.0015355398605693712,-0.00024812144529532624,-0.0007762419579447469
2.079979,-0.0020785235435591158,5.432610715554274e-05,0.00012653193482890053
2.099979,-0.002358406993459921,0.0001199671327946135,0.0001695389278370231
2.119979,-0.0025068452219314855,0.00045003706285801136,0.0002200284383278521
2.139979,-0.0022298289049276754,0.000802717715511086,-0.00024943543113053546
2.159978,-0.001826682051787943,0.0007656547784420822,-0.00033358461527873697
2.179978,-0.002663395338484918,0.0006063307691069202,-0.00046645174814431836
2.199978,-0.0016698289048856048,7.082960361578188e-05,-0.00047265221434662015
2.219978,-0.0028132088582562206,-0.0001317578089737255,-0.0006316498833419555
2.239978,-0.003393954778979644,-0.0004504990676925335,-0.0011303445220246229
2.259978,-0.0023854233104313484,-0.000514997902198657,-0.00037614871784084723
2.279977,-0.0013956564106505965,-0.0005094967367103205,-0.0004214867131730269
2.299977,-0.0016531156181010928,-0.00042917039639227137,-0.0005020228437045768
2.319977,-0.002582602797627644,5.002097801831884e-06,-0.000793141724816156
2.339977,-0.0034070083920268003,0.00048747296025610334,-0.0008842839159593193
2.359977,-0.0035866820517158862,0.00047036340315211305,-0.0008600414917203304
2.379977,-0.0020516470866826747,0.000564442657233404,-0.0007647034963877162
2.399976,0.0006147631697102291,0.0003625079253171896,-6.414405584374796e-05
2.419976,0.0011388890438224649,0.0007342561770750537,0.0002283034966010982
2.439976,0.003012012586939737,0.0006156314684631086,0.0005001216784145969
2.459975,0.0038098680647805487,0.0005389181817452809,0.0004983501166432678
2.479975,0.004960217715102204,0.0007756547784894456,-0.0001636545453436218
2.499975,0.004119565034460941,0.0009140230768629738,7.177669008575713e-05
2.519975,0.0018785860134544403,0.0009717386945653759,-0.00034952867120797857
2.539975,-0.0004615771566914375,0.001009850582663192,-0.000700111421784348
2.559974,-0.0022531855482947807,0.0006304100231995811,-0.0008047501164143197
2.579974,-0.0018233020983847226,0.0006021815849634414,-0.0007530018646673975
2.599974,-0.002880877855952594,0.00041183193461524954,-6.614871782850853e-05
2.619974,-0.004277171562219058,0.000504326107120761,0.0004075575758700723
2.639974,-0.0027731855482459786,0.00016644731924596038,0.0008353198136224029
2.659973,-0.0026270550121351103,-0.00018306317023594472,0.0005354596737545336
2.679973,-0.0005235818186577446,-0.00035056899772272773,0.0011718466201518154
2.699973,-0.00011094778600390402,-0.000709916317075458,0.001848443356752769
2.719973,-0.0015187333338153469,-0.0007678417250289914,0.0017772312355556082
2.739973,-0.00219453752962099,-0.0008619909091773859,0.0012336414919862434
2.759972,-0.002751973427041832,0.006369734032531063,0.0008443641027244185
2.779972,-0.001676751981804983,-0.004388284615480159,0.0006518233101837261
2.799972,-0.0013818335668690123,-0.009328541025734209,0.0006638279721787499
2.819972,-0.0005208312358520952,-0.008971874359065433,0.0005441076924501495
2.839972,5.4483449464935675e-05,-0.0051226202798173685,-0.00019190629356591202
2.859972,-7.37449887476926e-05,0.0015408296036377679,-0.0003789692306431089
2.879971,-0.0006622298372132949,0.010208545221358358,-0.0004485496502068575
2.899971,-0.002068243823225848,0.020219524242325503,-0.0007696452212994741
2.919971,-0.0038756564106523167,0.030599850582653524,-0.0011217431233956497
2.939971,-0.004611763636769863,0.05284682027963865,-0.0018197384613819893
2.95997,-0.004677171562192852,0.04507316060596821,-0.001890600932245753
2.97997,-0.004204537529608346,0.021798591841410028,-0.0013502745919289018
2.99997,-0.002923838228920044,0.012820782983587806,-0.0009605310021941033
3.01997,-0.002975959441041106,0.008454139626936493,-0.0007784564101180973
3.03997,-0.0033864722615472888,0.01627765944045037,-0.0007990624707230135
3.059969,-0.0037908079258691207,0.008285002097803577,6.20097903302662e-05
3.079969,-0.002795749650818303,0.006074419347257588,0.00026270909102052854
3.099969,-0.0013161226111877478,0.012553090675939587,0.00032121724952354055
3.119969,-0.001518290443349724,0.01885159883446914,0.00019324522155077532
3.139969,-0.0028781972032734093,0.03306768275055523,-0.0001654960371862944
3.159968,-0.003443138928248439,0.016962717715543967,6.765035074997913e-06
3.179968,-0.0033018335669680538,0.017067822610643206,3.2406060720187424e-05
3.199968,-0.0036213906765229127,0.019980223543011516,7.086759918797166e-05
3.219968,-0.0032620666671770034,0.025577472960239146,3.800046633014903e-05
3.239968,-0.003075749650845434,0.03439313729588631,-0.00029836317002855537
3.259968,-0.0022998522149104065,0.02454372004645676,-0.0003037244753938151
3.279967,0.0007600545450126754,0.024416004428733394,-0.0002594354311052879
3.299967,0.0013704508154048702,0.025922554545284245,-0.000551743123409567
3.319967,0.0013825254074887271,0.022528009090737884,-0.000259435431105288
3.339967,0.00012219906716381997,0.023462694405409698,-0.0001442839159551173
3.359966,-0.0009840946391389217,0.021258498601218628,-0.00016199953367052817
3.379966,-0.0009103883454416955,0.021273486946228493,-0.0005871743588403886
3.399966,-0.0016338382289206059,0.02141728648002113,-0.0008174773891407297
3.419966,-0.0006769151519940354,0.021676260839012106,-0.00021957529124561357
3.439965,-0.0005165421916258208,0.02267320722595899,-0.0004055892772574276
3.459966,0.00017056736549533167,0.023328545221307173,0.0003986997670203172
3.479965,0.0011700545449829522,0.02354229813504565,0.0006028722611909041
3.499965,0.0010681897431007897,0.02347821888099038,-5.0834032501607906e-05
3.519965,0.0004182363631623161,0.022515468298241477,1.3385081717551435e-05
3.539965,-0.0015967519818182805,0.022284116316871515,9.39906772994101e-06
3.559964,-0.0024611575762298683,0.02192472237749825,-0.0008763818180384814
3.579965,-0.0017526027976810681,0.02194383659660449,-0.0018578270394692747
3.599964,0.000905951980866651,0.022487053379793884,-0.0022967314683690556
3.619964,0.0021495417244463367,0.023631435664181265,-0.001534959906611689
3.639964,0.0036597748246830607,0.024616610489365635,-0.0007333282049946481
3.659963,0.0034821058270121264,0.024447379720138655,6.830349662239292e-05
3.679963,0.0034387724936906774,0.0245691979019641,-7.56358973177053e-05
3.699963,0.0028908703958044754,0.02455092284370232,-0.0004126755243480437
3.719963,0.0004221524470891828,0.0238848622376533,-0.0002240041956797662
3.739963,-0.0009017403267985512,0.023831552214330524,-0.00025500652668067526
3.759962,-0.0018487799538189236,0.022985305128099973,-0.0010925123541708401
3.779962,-0.0017354466204855246,0.022860083682859716,-0.0012895986012502808
3.799962,-0.00043421118924350996,0.02270924452201501,-0.001025635897290447
3.819962,0.0003060452209904844,0.023059594172357277,-0.0006310205126823735
3.839962,0.001596627971565903,0.02284609766888198,0.0006954363637576889
3.859962,0.0012405673654793978,0.022482368065134713,0.0008996088579240359
3.879961,0.00026487971978846406,0.022770946153720925,0.0010262755245873155
3.899961,0.0011253226102240323,0.022772927505707873,0.0008641776224974542
3.919961,0.000256697901580132,0.02271068974348414,0.000680820979144224
3.939961,-0.0007162158513396725,0.022763603496377724,-0.0004445636362208372
3.95996,-0.001715003730117568,0.02266721655000093,-0.0012993421909888807
3.97996,-0.0013951669002693838,0.02280029347305457,-0.0008874540791061084
3.99996,-0.0012870783221356978,0.022747519580285126,-0.0009671743588270473
4.01996,-0.0003242344992725893,0.022877379720142824,-0.0004737944054535971
4.03996,-0.0011870783221083286,0.02328635407911549,0.0006445039628256177
4.059959,-0.001198220513243059,0.02357353356629338,0.0011826158509245972
4.079959,-0.0002888032638131475,0.02365919790196669,0.0013748303031344729
4.099959,0.0010946233096048898,0.02368064312341342,0.0014319631702672559
4.119959,0.001010241025210396,0.023780526573293263,0.0013455995339038329
4.139959,2.867925362306709e-05,0.02327819557095532,0.0007716135199290794
4.159958,0.0004644834494219619,0.023133440326206203,0.0005638979022147741
4.179958,7.094032588556216e-05,0.0226095708623386,0.0009585132868249678
4.199958,-0.0013078708629202628,0.022761878554670916,0.0002808909092147429
4.219958,-0.002626355711410015,0.022657216550027233,9.930582763602184e-05
4.239958,-0.005154840559924163,0.022997752680546837,-1.9831701500699103e-05
4.259957,-0.004886239161326747,0.022887146619957676,-0.0006022326338940357
4.279957,-0.00270162377671065,0.023103207226008622,-0.0010694820511377321
4.299957,-0.0029236750587429763,0.02320936107213614,-0.00126213939379309
4.319957,-0.003301041026112322,0.022985211887957678,-0.0014547967364489777
4.339957,-0.003639316084393523,0.022440106992840415,-0.001244423776079799
4.359957,-0.0028226261076867943,0.02203332377604965,-0.001049994871653112
4.379956,-0.0028669384619752526,0.021852298135054397,-0.00030151002318177367
4.399956,-0.0028276610726586967,0.021700083682864375,0.000114364102687549
4.419956,-0.0020312508162451484,0.021380526573310576,0.0005240377623550999
4.439956,-0.0014217869468137413,0.021266424009188684,0.0007521263404402195
4.459955,0.0010232247082052896,0.02195870839148273,0.00039559953391731114
4.479955,0.0019344135193906297,0.02253840536119006,0.0005351100234264367
4.499955,0.002396091841066696,0.022992834265605333,-0.00018458694626133417
4.519955,0.0022054857804447207,0.022440666433426005,-0.0006828386945059393
4.539955,0.0016414764564310087,0.022555141957895,-0.0009596452213073787
4.559954,0.0011516862466514888,0.02250476899752308,-0.0009547734264351637
4.579954,-0.00046523683025866016,0.02218148228425916,-0.0013130717947288711
4.599954,-0.00045838368339737534,0.02171190186468558,-0.0010805543122122487
4.619954,-0.00014260279762192568,0.02140642400922637,-0.0010030484847060013
4.639954,0.00021119673616734537,0.02134826550106629,-0.0007457291373907715
4.659953,0.0007898680648526846,0.022321925174723777,-0.0011974773891310982
4.679953,0.000529425174410138,0.02227952424233661,-0.0008626522143101512
4.699953,0.0015968377618159743,0.022537799300598252,-0.0010021627038160966
4.719953,0.002138329603324004,0.02205399976678845,-0.000829878321530493
4.739953,0.0012543902094168044,0.022336727039485617,-0.00029398088564196477
4.759952,0.0018385393935666993,0.022305025407750072,-0.0003559855476496128
4.779952,0.0019100545450666552,0.022098055710766555,-0.0006974540791141043
4.799952,0.002149262004251594,0.0217835801862884,-0.00023020466187252797
4.819952,-0.00020185687687321514,0.021550363403108695,-5.083403250690801e-05
4.839952,-0.0009827892778331462,0.02135595780871692,-0.00015934219101724475
4.859951,-0.0016360060610850842,0.0216642095569727,-0.0006403212119898013
4.879951,-0.001536868531958819,0.02147726317002978,1.3385081705891057e-05
4.899951,-0.0030207613058883293,0.021818265501043557,-6.456363623576862e-05
4.919951,-0.003478080653195756,0.021845654778419862,5.501678334749474e-05
4.939951,-0.004531973427060792,0.021922577855347482,0.00023704475537275822
4.95995,-0.004579549184644164,0.021994023076768676,2.6671795003049312e-05
4.97995,-0.0034462624713450154,0.021761971794717075,-0.0002014167830826004
4.99995,-0.003174537529584241,0.021697612820360528,0.00015511002343977792
5.01995,-0.00208635571138264,0.02162677365954864,0.00013075104908029297
5.03995,-0.001069689044693715,0.021683440326243957,0.0006936648019842397
5.059949,-0.000481250816267725,0.02212831212112678,0.001030261538577576
5.079949,0.0018128051277919344,0.02271908135188902,0.0009664853147996589
5.099949,0.0015074904424525512,0.022897379720188262,0.00045450396282990335
5.119949,0.00232042750539358,0.022807752680535753,-1.0531002196981297e-05
5.139949,0.001835951980924338,0.022609291142054816,-0.0002851230767842595
5.159949,0.0009373972023527931,0.02219521188795516,-0.0005526289042883414
5.179948,0.0015390055939867161,0.021847076689797906,-0.0014981999998465404
5.199948,0.000564833099824599,0.021766400699119958,-0.0015535613052069341
5.219948,0.000441686246664826,0.021260619813349854,-0.002029668531309926
5.239948,-0.002084327739325868,0.021649384382132486,-0.0013985496502013294
5.259948,-0.002309922144942192,0.021783650116389955,-0.001383491375142912
5.279948,-0.0007510410260631419,0.02180544498819075,-0.0013232582749150732
5.299947,-0.0014834885785323742,0.021633673426417734,-0.0014853561770075845
5.319947,-0.0003832787883098485,0.02146260116532635,-0.0013586895103437748
5.339947,-0.0004663557113900861,0.02107278764551014,-0.0011261720278271524
5.359946,-0.0003506913757209695,0.021495141957879854,-0.0015845636362131431
5.379946,-0.0013844209794424724,0.02191378997652561,-0.0016226522142977786
5.399946,-0.002951810256862791,0.022310176922916144,-0.00094237249402738
5.419946,-0.002131810256874006,0.022441995104743373,-0.000919785081440284
5.439946,-0.002112066667121433,0.022689291142036216,-0.0007603445219989364
5.459946,-0.0021555631706284308,0.02259933776207356,-0.0006983398599944684
5.479945,-0.001059875524961683,0.022458615151355377,-0.0008932116548655779
5.499945,-0.0010098522149517776,0.022201249183979865,-0.0007359855476421016
5.519945,0.0010328284377413115,0.021585981118683654,-0.000514540326199466
5.539945,0.0007568144517092113,0.02117535174807659,-0.0006319062935632679
5.559945,0.0008695650344820014,0.021292787645506434,-0.0010880834497335073
5.579944,-0.0004929990680939073,0.021111925174649555,-0.0011279435895937115
5.599944,8.222237715184921e-05,0.021511925174662043,-0.0006673375289956798
5.619944,0.0002844834494174302,0.021473230535998845,4.084428917792212e-05
5.639944,-0.0004615305365712638,0.021157053379850917,0.00013385128218329918
5.659943,-0.001668103963143818,0.02125999044280316,-0.00032011142177330897
5.679943,-0.001745982751027384,0.021896587179401225,-0.00018414405581214155
5.699943,-0.0014201319351507178,0.021959780652567654,-3.577575744319068e-05
5.719943,-0.000869992074999543,0.022106633799395068,-0.000583188344844828
5.739943,-0.0007884536134448726,0.022224489277267286,-0.0010367081583607235
5.759942,-0.000784887179875253,0.022402228204979353,-0.001907430769067549
5.779942,-0.0017631389281561462,0.022729291142049707,-0.0027444937061191217
5.799942,-0.0012998755248984704,0.022834162936943465,-0.0023990391606691403
5.819942,-0.0019296424246839396,0.022587193239979847,-0.0013290158506628824
5.839942,-0.0013822997673377459,0.02198577132856956,-0.0013843771560259263
5.859941,-0.002259455944511185,0.021413486946284192,-0.001050437762090644
5.879941,-0.0019029757580384889,0.021498988111795802,-9.999487166499995e-05
5.899941,-0.0011660060610521692,0.021210876223671966,-0.001117314218966797
5.919941,-0.0015594559445056342,0.021105165267949116,-0.0014826988343468808
5.939941,-0.0010541179491518626,0.020718708391504928,-0.0014760554777049268
5.95994,-0.0011635118885589936,0.02096483892760606,-0.0011819762236271987
5.97994,-0.0018553300704081531,0.021576144288917243,-0.0011270578087085774
5.99994,-0.001698500233594787,0.021463650116437843,-0.0005295986012589432
6.01994,-0.0018088032638838036,0.021459687412463947,-9.999487166765034e-05
6.03994,-0.0010459827510626444,0.021339267832036747,0.0004708909092088673
6.059939,-0.0012639780890683467,0.02133052657328258,0.001525413053712815
6.079939,1.8003262916259778e-05,0.02090654055931125,0.0012375342658363286
6.099939,-0.0006898289048778341,0.020860619813381887,0.00024058787890534608
6.119939,-0.0003932088582514179,0.020854792307534648,0.000543967832284142
6.139939,-0.0003499687650065436,0.020767263169990648,9.886293718735949e-05
6.159938,-0.00013654219158457125,0.021157542890261283,-0.00012922564089511016
6.179938,-0.0007440946391401228,0.02127560815833799,-0.0005433282049888638
6.199938,-0.00035600606105403755,0.020978079020812196,-0.00042551934718169953
6.219938,-0.0005978009328659669,0.020684745687487516,-0.00046493659660172185
6.239938,0.0004479799529166717,0.020771016083748924,0.0002680470863715472
6.259938,5.509090426071366e-06,0.021013463636193337,0.00019054125886423958
6.279937,-0.00026006200511901305,0.020970713053465356,0.00021445734278195227
6.299937,-0.0008264489514831446,0.02143945431221886,0.0005067650350862313
6.319937,0.0005303342652808931,0.02152103939381314,0.0007769282052462469
6.339937,0.000533527738454113,0.021621528904324012,-5.5705827378063275e-05
6.359937,0.001962781817687835,0.021959547552362704,-3.356130523379965e-05
6.379936,0.0026414065263195906,0.021722158274971218,0.0004403314686534406
6.399936,0.0047649263398284744,0.021790573193383005,0.0004890494173708205
6.419936,0.005005602330478236,0.021426796969625274,-2.558974231830623e-06
6.439935,0.004437816782702075,0.021599127971943598,-0.00011328158495314843
6.459935,0.002414413519293355,0.021476051048848276,-0.0005650298366961251
6.479935,0.0012669310018262928,0.021194232867026104,0.00024103076935506846
6.499935,-0.0012276843827729918,0.02109164545442581,0.0004624759907977042
6.519935,-0.0030657496508277506,0.020915794638554155,0.00041818694650917705
6.539935,-0.002975726340794814,0.02073493216768615,0.00010816363648948708
6.559934,-0.0024198522149360413,0.021241878554625702,0.00017902610735113063
6.579934,-0.0015824163174907198,0.021108055710799933,0.0005156228439439367
6.599934,-0.00010850023356094135,0.021339058041798867,-4.684801852035777e-05
6.619934,0.0013091221440614353,0.02136455920732363,-0.0001371976688708611
6.639934,0.001955882050828809,0.021192647785414284,-0.0006443072259721116
6.659934,0.0010067212116713791,0.020585002097759368,-0.0005464284380945197
6.679933,0.0011354391603839416,0.020252717715477042,-0.0005287128203753987
6.699933,-0.0008508312358531602,0.02091852191126818,-0.0006660088576671828
6.719933,-0.0015741179491226712,0.021086820279544446,-0.0006837244753810038
6.739933,0.0002969543119368378,0.02107703006973443,-0.0006261487178053885
6.759933,0.000775928670881703,0.021552181584903206,-0.0005375706292288641
6.779932,0.002087770162724201,0.02143323053595196,0.00010019160852433646
6.799932,0.0005549962699442333,0.021829967132683314,0.0003659258742528491
6.819932,0.0009779799529078136,0.02182276433549552,0.0006467184150403091
6.839932,0.00020313146806519907,0.02178525850799111,0.0005510540793747583
6.859931,-0.0008250503501363048,0.0217522748250059,0.0007680703963843013
6.879931,-0.00020136736646815236,0.021887239859956137,0.00016086759918917736
6.899931,-0.0012821132871879686,0.022331971794694677,-0.000122139393817214
6.919931,-0.00020763776268561702,0.02197071305343535,-0.000582745454415776
6.939931,0.002123224708175624,0.02199297412569057,-0.00044279207446381815
6.959931,0.0025694484844017125,0.02186409300682638,-0.0006310205126855534
6.97993,0.0031003342653108494,0.02183204172476115,-0.0008192489509078187
6.99993,0.0008561617711300683,0.022298545221277766,-0.0008320927737499545
7.01993,0.0006194951044641368,0.02201066643339227,-0.0011244004660489334
7.03993,0.0015794717944551608,0.022291971794714576,-0.0005189692306272586
7.05993,0.002311756176725595,0.021952461305210606,-0.0005428853145428513
7.079929,0.0018462317011860548,0.02156758951033371,-0.0009481300697804895
7.099929,0.00035581212075946693,0.021443533566295234,-0.0008174773891295997
7.119929,0.0006766046615609488,0.02076989720264718,-0.00047910909076334424
7.139929,0.001328446153388067,0.020842344755101033,-4.06475523090457e-05
7.159929,0.0008358121207395744,0.020430573193324975,3.862983696800082e-05
7.179928,-0.000695423310490976,0.020852507925241192,-9.025128191262015e-05
7.199928,-0.0021727892778523874,0.020827659440397144,0.0005457393940618313
7.219928,-0.002615260140299527,0.020386027738747294,0.0003747836831073746
7.239928,-0.0006642344992738469,0.020019850582571372,0.00047044801876497524
7.259927,3.5718880700571565e-05,0.019678591841318788,-0.00035598554765650317
7.279927,-0.000685796270831001,0.019689431002162385,-0.0011757757574328471
7.299927,-0.000843395338432856,0.019735165267898844,-0.0006730951047562092
7.319927,-0.0008856331006774002,0.019982158274885184,-0.000622162703823078
7.339926,-0.00034658881164254386,0.02079218158491399,-0.00034535617701898856
7.359926,9.175617668913845e-05,0.021063207225938005,0.000607301165625587
7.379926,-0.0010673580424380292,0.021807146619893917,0.0005692125875414818
7.399926,-0.0015310410261211163,0.02178530512804768,0.0009970447553625055
7.419926,-0.0020818102568836427,0.021884046386798812,0.0011276974360112757
7.439925,-0.0007609244760000796,0.021819617482372516,0.0005740843824041565
7.459925,-0.00039178694684210676,0.021463090675848017,8.203310036185323e-05
7.479925,-0.0009103417253941332,0.021401225873987823,-0.00029663822830425864
7.499925,0.0005479100228758773,0.021346330769099343,-0.00046537948704137395
7.519925,0.00019863263360581353,0.021808545221323965,-0.0010499948716525822
7.539925,0.0007200079249823615,0.02185423286702612,-0.000651393473058488
7.559924,0.002829937994931573,0.021619361072155292,0.00032739440571531134
7.579924,0.0016568377618070614,0.021556540559363534,0.0005971146854346146
7.599924,0.0007806606056165314,0.0217657713285844,0.0006529188812341308
7.619924,0.00018989137486012382,0.02199686689968535,0.0010736648019730184
7.639924,-0.000643675058708543,0.021895584848401956,0.00049480699312658
7.659924,-0.0015797356647818549,0.021278475291255122,0.0002999351982560005
7.679923,-0.0021970317020532154,0.02142553822832042,0.0005638979022137141
7.699923,-0.0005502951053184272,0.02137929114206183,-8.936550103861587e-05
7.719923,0.0001331547781379811,0.021572181584965603,-0.00043039114205921483
7.739923,0.0014480032629655697,0.021461692074484742,-0.00021558927726118311
7.759922,0.0024194484844226706,0.021211249184024374,0.000574970163288231
7.779922,0.0013722923072528423,0.02149539836816318,0.0008207743590892915
7.799922,0.002081756176742889,0.021850503263257166,0.00043767412599379703
7.819922,0.002118679253678746,0.021705748018496916,0.00036282564114507317
7.839921,-3.4141259149611334e-05,0.02174094615369629,2.6228904555977004e-05
7.859921,-0.0009994792544820445,0.021830223542944376,-0.0006226055942701502
7.879921,-0.002383768298760375,0.02179385990659782,-0.0003745869462565184
7.899921,-0.0022249337999272678,0.02162882494155817,-0.0011368013984593673
7.919921,-0.0028089897439830982,0.021534512587246486,-0.0014180368296901895
7.939921,-0.00228243962745539,0.021459104661851393,-0.0008351930068561406
7.95992,-0.0025998289048606107,0.021259454312191534,-0.0003613002329699602
7.97992,-0.0018035118885480167,0.021620736363473583,1.95855479103129e-05
7.99992,-0.000947124942160272,0.021566400699174933,0.0005820564103735473
8.01992,-0.0009727426577822106,0.021041598834385764,0.0007636414919554486
8.03992,-0.0012482438232900648,0.021283883216671125,0.0008668349651533878
8.059919,-0.00029992214495642685,0.021376890209665902,0.0007073944057146901
8.079919,-0.00021826713329557045,0.02134148228425091,0.0007875575758731612
8.099919,-0.0016944442894483815,0.021388079020839182,0.0003778839162029602
8.119919,-0.0021144675994866236,0.021162437995166285,5.678834511034362e-05
8.139919,-0.0015520433570826112,0.020965468298208403,0.00011214965047073763
8.159919,-0.0018257962708450378,0.020873859906576895,-0.0004923958040673927
8.179918,-0.0006225561776143615,0.02085054988328809,-0.0005167547784252876
8.199918,-0.0002842811193607211,0.02077071305346468,-0.0006385496502174122
8.219918,-0.00017164708670100687,0.020454978787748452,-0.0006983398600050688
8.239918,0.0009893319342655846,0.020584652447429682,-0.0006961254077882573
8.259917,0.001779868064818778,0.02030819557095581,-2.9132400804946868e-05
8.279917,0.0016329449879035898,0.020389664102425358,-1.3188344862985035e-05
8.299917,0.0004542037291745552,0.020508755011524056,-0.0002811370628061891
8.319917,0.0004780498829981341,0.020630433333189323,-0.0004339342655997528
8.339917,0.0001387724937272031,0.020489407692164632,-0.0003564284380935052
8.359916,-0.00019288251790402404,0.020745678088416597,-0.0006110904427517414
8.379916,-0.0005294093244339668,0.020602554545291352,-0.0004520927737537558
8.399916,-0.001208570163583009,0.02072003706275551,-0.00023064755231377027
8.419916,-0.0013836983686935957,0.020816890209610583,0.00017238275070917655
8.439916,0.00024546247042977825,0.02083101608371351,0.00023881631713931723
8.459915,0.0008635976685519621,0.020601925174611103,0.0003716834500022486
8.479915,0.0008720592070043276,0.020639803962523573,0.0001838979022143355
8.499915,0.00034024102516408395,0.020806493939220946,-0.0001420694637446662
8.519915,0.0002767678316788921,0.020878778321515752,-0.00042994825161744236
8.539915,-0.0011612275063302,0.020810386713137813,-0.0002767081583783965
8.559914,-0.00202787086297125,0.02112192517470858,-0.0004959389276015707
8.579914,-0.003129292774366796,0.021078848251651378,-0.0004848666665249338
8.599914,-0.0029776144526606685,0.021185491608283064,-0.0004937244753815792
8.619914,-0.0026104349654817644,0.02160609766889305,-0.0005225123541715069
8.639914,8.7234032185302e-05,0.021507519580300963,-0.0004804377621003212
8.659913,9.024102520537307e-05,0.021525724708491394,-0.0002523491840178516
8.679913,0.0006794484843960017,0.021772647785420703,-1.3631235304757435e-05
8.699913,0.00034935524428020195,0.021819594172349792,0.0004226158509332597
8.719913,0.0017907305356548834,0.021327030069774235,7.893286725513726e-05
8.739913,0.002411103496005469,0.02116630745903817,0.00019629883461628905
8.759912,0.002921826106754642,0.02081050326325142,0.00013163682995694743
8.779912,0.0018979799529366872,0.020810619813365024,0.0002113571096773564
8.799912,0.0005869776219158617,0.020790106992825023,1.6485314809956914e-05
8.819912,-0.0015678009328502244,0.021176377389109706,-0.00032852634019931234
8.839911,-0.0008085002335389314,0.02113185524459927,0.0002211006994201963
8.859911,-0.0037577543127871285,0.021440200232945936,0.00019009836842193736
8.879911,-0.003157101632152084,0.021512204894968086,2.1800000129244368e-05
8.899911,-0.004025469930546582,0.021250106992868875,0.0002587463870736594
8.919911,-0.0022051435902230637,0.02091110932385364,7.051794884821428e-05
8.939911,-0.0006071482522267868,0.020803393706132253,0.00015068111900933532
8.95991,-0.0008421365971990231,0.020094302797046024,0.0003566251749512515
8.97991,0.0003656256405450305,0.02030838205111532,0.00023040139872868422
8.99991,-0.0003440480191351965,0.020402554545257287,-0.0001837011653698395
9.01991,-0.001461110956177859,0.02093936107208176,-0.0007262419579056217
9.03991,-0.0010942811193355322,0.021421855244585782,-0.00041577575744680955
9.059909,-0.0037614372964846635,0.021634792307541742,-0.0016208806525328096
9.079909,-0.00368202004708984,0.021156400699159077,-0.001394563636217959
9.099909,-0.004648360373443804,0.021259897202656627,-0.0014034214450714241
9.119909,-0.003958313753384525,0.021322834265573125,-0.0011195286711836085
9.139909,-0.0035001552452119653,0.021547146619906393,-0.001153188344839391
9.159908,-0.00142076130581931,0.021128428671181348,-0.0007590158506709697
9.179908,5.33645683160187e-05,0.02127150559426115,-0.0009184564101101973
9.199908,0.0003190755240504305,0.020948079020824337,-0.00041976177142487997
9.219908,0.0007263482513162208,0.021035351748107278,-0.0007142839159438503
9.239908,-0.0005349337999614543,0.02097192517466912,-0.0004977104893728998
9.259907,-0.0012295025645457723,0.020425794638533574,-0.0004494354310994123
9.279907,-0.001667591142650842,0.019833533566264182,0.0002038279721529179
9.299907,-0.002673115618165816,0.020088755011493695,0.0005005645688849895
9.319907,-0.0020546074596525343,0.020318009090744025,0.00037256923089056335
9.339907,-0.001644607459638796,0.020680386713138488,0.00021135710968159653
9.359906,-0.000495842890886559,0.0210858878786356,-0.00010973846140572007
9.379906,-0.0012295258745494133,0.021550782983539934,-0.0008250065266625182
9.399906,-0.00020146060647158485,0.021722834265585605,-0.0010132349648874334
9.419906,0.00011942517440223076,0.022117496270227993,-0.0015207874124293962
9.439906,-0.0007704815854991392,0.022047706060420003,-0.0010557524473982713
9.459905,-0.0007302951053245486,0.02137152890423969,-0.0010801114217593461
9.479905,-0.00026717156221486014,0.02144190186461571,-0.0008719529136096289
9.499905,-0.0019055864806452702,0.021320316783052455,-0.00045563589730489393
9.519905,-0.0005289897440551961,0.021235351748119084,-0.0004339342656071728
9.539905,-0.0011040013990959322,0.021265398368185775,-0.00016199953367688843
9.559904,-0.0017432088583235659,0.021217030069815044,-7.563589731452542e-05
9.579904,-0.001959898834989572,0.02123206503485975,-0.00023507645675057304
9.599904,-0.0013640013990643758,0.02133348694626834,0.00014580932413341022
9.619904,-0.0012582438232870774,0.021155421678193655,0.0002299585082842618
9.639904,-0.0011011109561316957,0.020991785314539536,0.0008544340327551442
9.659903,-0.0013477543127708583,0.021326027738797222,0.00029196317029349985
9.679903,0.0007333645683662343,0.02167891818167705,0.00042527319359979347
9.699903,-0.00107456083955374,0.021575794638543033,0.00012189324022258757
9.719903,-0.0007727426577232323,0.021691202563973874,-3.9761771431861236e-05
9.739902,-0.0010308312358359609,0.022120713053474815,-0.00033428391595242187
9.759902,-0.0014956797206895568,0.021839291142038905,-0.0003586428903134967
9.779902,-0.000524327739337651,0.022043137295899875,-0.0007156125872771174
9.799902,6.469323965954828e-05,0.021752018414789357,-0.00015757062924167558
9.819902,-0.00023472400977820858,0.021624046386822422,-2.4703496376094162e-05
9.839901,-0.0008840480191122208,0.021817822610600723,0.0006484899768095181
9.859901,-0.00048565641074487746,0.022118475291271325,0.0004226158509380298
9.879901,8.317808810249705e-05,0.02138537505815106,0.00021804708637376282
9.899901,-0.0010102018652586749,0.020899920512677177,0.00023681165513547627
9.919901,-0.0009141412591803637,0.020748964801737414,0.00036429417261254685
9.9399,-0.0014878242428565621,0.020915841258603837,0.00014564615396800196
9.9599,-0.0017502717953114296,0.020881645454394727,-0.00029551934718926264
9.9799,-0.0012022065272497494,0.021034162936914576,-3.526293693749535e-05
9.9999,-0.00010912960418130288,0.020898848251610272,0.00040611235443167984
10.0199,-0.0006170317020942939,0.02107516526792734,0.0005104247087424951
10.0399,-0.0008024629375407285,0.021401575524363094,0.000711706760022517
10.059899,-0.0003717403268519298,0.021126074358862656,0.00043070442902844646
10.079899,-9.239300749014183e-05,0.020764116316881416,6.392121225011222e-05
10.099899,0.000719355244283098,0.020626493939266768,0.00022709137540846732
10.119899,0.0009957655007088785,0.020590037062810776,0.0005580703963754809
10.139899,-0.0012519734270235025,0.020928941491713395,0.0010490027972969579
10.159899,-0.0012106680657386856,0.020831412354167612,0.0009435249418172238
10.179898,-0.0004742111892707817,0.02107819557093356,0.0015520564103371345
10.199898,0.0010111734261181826,0.02111807902081967,0.0011127557110447335
10.219898,0.000589192074136383,0.021192321445057498,0.001387464335751978
10.239897,0.0004243435892779732,0.02134383659658232,0.0012766251749239442
10.259897,-8.866340376253458e-05,0.02133292750567533,0.0008347836830923958
10.279897,0.00013292167784027865,0.021345981118738387,0.0009149468532524569
10.299897,-0.00043139067646668847,0.021224396037169836,0.0002573710956843499
10.319897,-0.0002495025645539013,0.02117544498821517,7.580932412569984e-05
10.339897,-0.002925213520258473,0.021495468298245127,0.0004307277390395075
10.359896,-0.0034939547790022426,0.02100901142177568,4.0284848603993684e-05
10.379896,-0.004611320746364661,0.02127166876441225,-3.0810722482741424e-05
10.399896,-0.005579782284829711,0.021011598834324234,-0.00011509976677256993
10.419896,-0.006044374359396274,0.020739221211932033,0.00025776736608969014
10.439895,-0.005736448951475549,0.02027034009304804,-7.043776210884415e-05
10.459895,-0.0038955398606000478,0.020529197901910035,0.00018364149196122259
10.479895,-0.0008461925412606272,0.020472204894928948,0.0002710540793746583
10.499895,0.0006995883444791837,0.020838032400747622,-0.0003404843821568439
10.519895,0.0034798214447250317,0.021527869230597643,-8.430722598781163e-05
10.539895,0.0033602643351719093,0.02180127249399752,0.0004590494173596417
10.559894,0.0022254624703677943,0.021785794638525882,0.0005437580420648112
10.579894,0.000616488111402725,0.022015048717788935,0.0005210307693419185
10.599894,-0.0017781972032718048,0.0221457013984589,0.0008766251749278899
10.619894,-0.003700831235886927,0.0218406198133939,0.000594480652791862
10.639894,-0.0028889897440593725,0.021549803962594656,0.00010110069942424186
10.659893,-0.0019354000004746799,0.021241039393833712,0.0004196321679549897
10.679893,-0.0006689198139817833,0.020799780652565422,6.427086260258995e-05
10.699893,0.0005178400927636744,0.020785538228301183,0.00015809370642069786
10.719893,0.0023386093235432744,0.020907845920592645,0.0005335249418432369
10.739892,0.0047709636359204895,0.02058957086228851,0.0007466717949835453
10.759892,0.006051709556674373,0.020410340093054445,0.0005472545455689172
10.779892,0.0057131314681057475,0.02061185524459401,9.471375303805087e-05
10.799892,0.0034013832163454476,0.021041225873988833,3.3384616666160428e-06
10.819892,0.002728725873690903,0.021181948484707017,-0.0007791790208388836
10.839892,0.0021230848480302865,0.021197775990546508,-0.0014467780884272546
10.859891,0.00043357435852783735,0.021166004428787317,-0.001510158041808842
10.879891,-0.0013330923081426916,0.021171948484748168,-0.0013910205126715907
10.899891,-0.003326915151995854,0.02137682027962,-0.000267850349520161
10.919891,-0.004043511888596519,0.02120222820499755,-1.4959906635904038e-05
10.939891,-0.0036329291380142216,0.02101353356629489,-0.00019654498821833534
10.95989,-0.003759222844303893,0.02091376666654402,-0.00040957529124185775
10.97989,-0.0033429524480552007,0.021200596503395938,-0.0007616731933337932
10.99989,-0.0027969151520078925,0.02112612097890969,-0.0009100414916990342
11.01989,-0.0010679174829881068,0.021113883216647176,-0.0013019995336517043
11.03989,-0.0006844442895041635,0.020939734032467558,-0.0013042139858658658
11.059889,0.0013057888107741488,0.021238358741094636,-0.001076125407780216
11.079889,0.0006859752909529706,0.02137246130521532,-0.0004892955709580266
11.099889,-0.00033968904469076607,0.021258009090760564,0.0005408675991869663
11.119889,-0.0008839314689260037,0.020831225873962522,0.0005138512821704877
11.139889,-0.003431740326764134,0.020766657109399893,-6.899254066462129e-05
11.159888,-0.004441297436323291,0.020980270163014764,-0.00043039114207617506
11.179888,-0.003422532867571441,0.02108332377606949,5.457389290466241e-05
11.199888,-0.004333558508603563,0.02085211165485493,0.00036415431250007025
11.219888,-0.003738476923514419,0.020688265501018585,0.0009531986015470211
11.239887,-0.0035329524479661137,0.020820759673504725,0.0012632219115720112
11.259887,-0.0010124862474970085,0.02091670372945141,0.0012782801866330785
11.279887,-0.0007759128209373323,0.02086775268051265,0.001165343123691769
11.299887,0.00031690769190291187,0.020338545221317873,0.0012428489511874163
11.319887,-0.0007574046624202516,0.020521202563968804,0.001267207925533121
11.339887,-0.0020280806531328102,0.02080754289031018,0.00015776736608882132
11.359886,-0.0012270783221446106,0.02084332377607758,0.00033536643366350184
11.379886,-0.0003540013990682167,0.02076500209774217,0.00047753426585135135
11.399886,0.0005282596731919285,0.020875002097757014,9.886293718947952e-05
11.419886,0.0004527351976752809,0.021139174591945187,0.0002521030304285252
11.439886,0.0003401944051419617,0.021305584848336515,-0.0001952163168829485
11.459885,0.0011970009319498178,0.020999547552294898,-0.00046537948704031403
11.479885,0.0012009170159037149,0.020729827272565525,-0.00015934219100876467
11.499885,0.0005680265730354496,0.020509547552296576,0.000268047086374727
11.519885,-0.0010772414922265645,0.02113898811175229,0.0008327324010521228
11.539885,-0.0025967286717554845,0.021242577855351857,0.0008880937064109267
11.559884,-0.002655423310478427,0.02099087622365341,0.0015307277390331623
11.579884,-0.002732532867597885,0.020988405361189316,0.0010856228439358497
11.599884,-0.001505493240559921,0.021119734032528273,0.0010085599068761447
11.619884,-0.0018198289048980381,0.020648079020878972,0.00016042470875641526
11.639884,-0.0011870083920433453,0.020290410023185487,-0.0004972675989242375
11.659884,0.0003285160835010749,0.020244023076801704,-0.0006899249415769455
11.679883,0.0017913832163917775,0.020270946153712457,-0.00037325827491318137
11.699883,0.0033061850812132914,0.020377030069821105,-0.000539342190995953
11.719883,0.004785951980960563,0.02081045664326163,-0.0005814167830724388
11.739883,0.005047653612634293,0.02100036340314579,-0.00045519300685411163
11.759882,0.004992735197678571,0.02119607435885447,-0.0006788526805167386
11.779882,0.004078935663872139,0.021211925174705548,-0.0007745170161822894
11.799882,0.0030487491836747446,0.021509337762117733,-0.000615519347186954
11.819882,0.0024446233095667953,0.020723207225990282,-0.0011877337993909083
11.839882,-5.241631743895104e-05,0.020858708391463105,-0.0005610438227106346
11.859881,-0.0001859827510116074,0.02080929114204766,-0.0003063818180534587
11.879881,-0.002124490909501057,0.020207193239967332,0.0009235249418337988
11.899881,-0.0023803417253371525,0.019814768997550698,0.00026140372972429304
11.919881,-0.0019383603733560272,0.019592601165385685,-0.00012612540779687422
11.939881,-0.0019428825178762943,0.019674442657207643,-0.0002833515150182307
11.959881,-0.00238982890482794,0.019707752680522078,-0.0006133048949653725
11.97988,-0.0027610177160208855,0.019899803962574493,-0.0008723958040514012
11.99988,-0.0019643277393214327,0.020752088344865263,-0.0008329785546313791
12.01988,-0.0011183603733497523,0.02062719323995317,-0.0006868247084808296
12.03988,-0.0021631855481833327,0.02097957086231087,-0.0002744937061610551
12.059879,-0.0004997589747826857,0.021057006759727225,-0.0001659855476591986
12.079879,-0.00112845361347793,0.0208084053611286,0.0006201449884565928
12.099879,-0.001555633100658522,0.02094316060586322,-0.00040160326327617706
12.119879,-0.0014656331006620861,0.020893883216595233,-0.000332955244628695
12.139879,-0.0017681738931974798,0.021111925174638425,-0.00020230256397674496
12.159878,-0.0007539314689574173,0.02090162214437239,-0.0005278270394960944
12.17988,0.001117583682553404,0.02062099277375352,-0.0006159622376303163
12.199878,0.0020517794867570814,0.020241295804076548,-0.0005185263401907865
12.219878,0.001915695570651038,0.020196890209679713,-0.0004454494171128617
12.239877,0.0008390289039763264,0.020245468298254937,-0.0002372909089578443
12.259877,0.0013883995333474925,0.020154186246952657,-0.00032144009310710583
12.279877,-0.000816682051719703,0.020190643123390098,-0.0001797151513848791
12.299877,-0.002503651748655974,0.02025602773874797,-0.00021514638681676082
12.319877,-0.004067194872192149,0.020531412354143276,-2.4703496377154058e-05
12.339877,-0.003922882517872611,0.020982647785380025,4.8816317138832856e-05
12.359876,-0.0030980340330571234,0.021116820279570462,-0.0005645869462559428
12.379876,-0.0014569850820035704,0.020879058041822857,-0.00048442377609482176
12.399876,-0.0021221365971823693,0.020510829603608248,-0.0007080834497463185
12.419876,-0.001693465268517413,0.020764862237655134,-0.0011952629369126968
12.439876,-0.002004747319798497,0.0202652351980191,-0.0011363118879567824
12.459875,-0.002065772960818465,0.020167472960245573,-0.0009315333331837848
12.479875,-0.0023177076927351136,0.019824465967221597,-0.000607407459065336
12.499875,-0.0016077776227477131,0.01976108601384425,-0.0003401580418191371
12.519875,-0.0008026727276492878,0.02014532843811297,3.9911888236745025e-05
12.539875,0.002078609323641612,0.020655887878669704,0.0006055296038388876
12.559874,0.0012942270392447477,0.02052630745909049,0.00019061118892392287
12.579874,0.0024370009320028837,0.020252647785430608,0.0008072778555765125
12.599874,0.000609075524030583,0.020077845920608434,0.0007540377623367453
12.619874,0.0010978634028050022,0.02001586456860814,0.0005605878788940275
12.639874,-0.00032435104945668664,0.020086424009141547,0.0006215435898548427
12.659873,-0.002135516550632954,0.020677426340147426,0.000803944522252125
12.679873,-0.0020167986019046834,0.02045481561754011,0.0009850400933478717
12.699873,-0.0018869850820659251,0.02082346363619603,0.0007869981353146031
12.719873,-0.0007672648023275784,0.0212992911420375,0.0005286065269276996
12.739872,3.5998600972165454e-05,0.02131670372944163,0.00023991188824166237
12.759872,-0.00070208997709894,0.020782974125708578,-0.000740764102416012
12.779872,0.0009350428900584858,0.020603230535965637,-0.0005661487178063512
12.799872,-0.0006305748255650633,0.020365118647863962,-0.0009009972026680399
12.819872,-0.0004217170166960805,0.020268032400776383,-0.0003346801863413317
12.839872,-0.001392043357037125,0.020513486946239806,-0.00015055431220385251
12.859871,-0.0019199454549425512,0.020839780652546054,0.0007347603731048467
12.879871,-0.0018336750586705431,0.020617542890304395,0.0017327557110869021
12.899871,-0.0015993860143974313,0.020778242190984876,0.0013119165502560697
12.919871,-0.002539129604164038,0.020970689743417197,0.0009634550118008568
12.939871,-0.003066285781342387,0.02078609766881893,0.0006949002332441124
12.95987,-0.003238127273185158,0.020803696736413316,3.54596738069014e-05
12.97987,-0.002635982751020698,0.020767449650175594,-0.0003258223774846862
12.99987,-0.0033079641030136805,0.02073399976675769,-0.000666265267939906
13.01987,-0.004124933799975043,0.020461971794734933,-0.00022069417235689962
13.03987,-0.0026645375295828847,0.020611365734135946,-0.00032360792526787475
13.05987,-0.0017078475529100265,0.02088290419568898,0.00016883962716969853
13.079869,-0.0017236517487453419,0.020559617482401746,5.811701644520067e-05
13.099869,-0.0020119034970214073,0.020557869230639354,-8.582237749383753e-05
13.119869,-0.0021698755250080014,0.020836866899630647,-0.00026297855464741597
13.139868,-0.0018531389282527536,0.02061945431221205,-0.0004959389276036907
13.159868,-0.0023928125879100915,0.020400106992830222,-0.0006137477854103249
13.179868,-0.0020648405598857685,0.020254256176980876,-0.0013268013984566716
13.199868,-0.0015953533803723292,0.020231225873955188,-0.0006934680651317938
13.219868,-0.0019240013990015053,0.01952332377602986,-3.799020966265221e-05
13.239867,0.0003122456872479075,0.019390246852959793,0.00012145034977498534
13.259867,0.00028301491798334694,0.01927292750566263,0.000462475990795584
13.279867,-4.992214497704572e-05,0.019124256177007318,0.0009168815851929046
13.299867,0.0001620358969726828,0.019176144288920245,0.0007995156178296326
13.319867,0.0009976769226213045,0.020279803962591363,-0.00018015804182506135
13.339867,-0.00011208997716123214,0.020213556876337163,-0.0003878736595388364
13.359866,-0.0013459827510610102,0.020400852913632028,-0.0010871976688552627
13.379866,-0.001532183217241873,0.020642787645576574,-0.0021771510487932125
13.399866,-0.0021546540797067948,0.020588172260938488,-0.0018786428902887514
13.419866,-0.00192586620091513,0.020223160605909753,-0.0017789925406440704
13.439865,-0.001395027040081646,0.020022904195648013,-0.0013250298366906425
13.459865,-0.0016919734270229784,0.019812134964871907,-0.0006761953378671651
13.479865,-0.0004806913757271871,0.019665025407750038,0.00016751095582636155
13.499865,0.0013725953375720683,0.01916316060588613,-4.330489498458967e-05
13.519865,0.0014098447548440418,0.019510829603565115,0.00029772074603865925
13.539865,-0.0005200853151048777,0.01952385990658902,0.0008960657343744876
13.559864,-0.002128430303449585,0.020376144288890917,0.00017592587424812464
13.579864,-0.002577870862879566,0.02056696013972798,-0.00039983170149848795
13.599864,-0.003549432634438082,0.020749500932276434,-0.0002488060604741335
13.619864,-0.0034067519817789875,0.02118318391596689,0.00023040139872391397
13.639863,-0.0029021832172168847,0.021308498601287962,0.0006073011656197568
13.659863,-0.0028610410260624954,0.021417146619918198,0.0002086997670272527
13.679863,-0.0015849571099742156,0.02152318391594801,0.0006737347320599676
13.699863,-0.0006568219118222031,0.02067166876441817,0.0008535482518715998
13.719863,-0.002265842890849675,0.02032744965021322,0.0007406111889393007
13.739862,-0.0031241878792058883,0.020035817948558313,0.00026007505841063643
13.759862,-0.003995096970113033,0.019847845920604533,-0.00041267552433373354
13.779862,-0.003365796270803188,0.0200937666665457,-0.0010858689975182859
13.799862,-0.0031375678325886312,0.020373510256278905,-0.0009131417247940899
13.819862,-0.0025312508162913623,0.020642391375156926,-0.0005960321676933238
13.839862,-0.001042789277835363,0.021059011421781418,-0.0011035846152379367
13.859861,-0.0007732787883194903,0.02147378997654415,-0.0013033282049764914
13.879861,0.00037898228397342316,0.02182409300684628,-0.0009157990674526736
13.899861,0.00043578881078492975,0.02101691351963398,-0.00047512307678421385
13.919861,0.0007104275054176502,0.020408428671149968,-0.000668223309881344
13.939861,0.0005424554774499438,0.019533859906581262,-0.00023153333320049467
13.95986,-0.0007404582754535792,0.01954616759890081,-0.00031346806513506495
13.97986,-0.0007904815854597743,0.019673743356481487,-0.0004950531467174961
13.99986,-0.00113859347358212,0.019450549883305614,-0.000532698834360889
14.01986,-0.001576728671719382,0.01939269440547589,-0.0007209272725868644
14.03986,-0.0017727659677753103,0.019592904195692193,-0.0008697384613928176
14.05986,-0.0017572414922439193,0.01971027016304274,-0.00027803682969947314
14.079859,-0.001828943123957445,0.019724023076782136,-0.0002536778553389283
14.099859,-0.0023508545458767204,0.01917567808843243,0.00032429417262661573
14.119859,-0.001369758974794165,0.01866439603715544,0.0007100517483764541
14.139858,-0.001763045688086462,0.018887216549978905,0.0010555062938264357
14.159858,-0.001878103963156878,0.01957078298352878,0.0001489095572443664
14.179858,-0.0011414839165331057,0.01964798578072905,-0.00030726759893117306
14.199858,-0.0016432554783082482,0.020271086013826524,-0.0009720461537019124
14.219858,-0.0025130689981231183,0.020773789976519522,-0.0013905776222308784
14.239857,-0.001553232168317712,0.021251645454379603,-0.0011314867131459099
14.259857,-0.0011433254084075796,0.02150525850798571,-0.0013622326338906731
14.279857,-0.0008998988349972186,0.02133311398584915,-0.001524773426429197
14.299857,-0.0003633720284305579,0.02071390652664628,-0.0010375939392606986
14.319857,0.000623947318893981,0.019845887878629176,-0.0005194121210891712
14.339857,-0.00016784755288297534,0.019786097668846817,-0.0003143538460297397
14.359856,0.0002087025636603897,0.01998122587398747,-8.84797201593114e-05
14.379856,0.0003204275054159584,0.020183207225986224,0.0001821263404398263
14.399856,0.00043634825132599726,0.020553253846034035,0.0008043874126933674
14.419856,0.0013112666662397638,0.02093015361293995,0.0009881869464920799
14.439856,0.0017911034960496927,0.021319664102460785,0.0012517067600117315
14.459855,0.0017985393934848368,0.0217545125872873,0.0004540610723817709
14.479855,0.0011250428899868888,0.02149497878774307,0.0006449468532642099
14.499855,0.0007290988340662185,0.021416633799373808,0.0006918932402076105
14.519855,-0.00036595944099288794,0.020802507925235456,0.00044387459219238863
14.539855,-0.0015494559444656911,0.020477169929879857,0.000160424708747405
14.559854,-0.0016378941729148985,0.02008889487161889,0.0007189095572235592
14.579854,-0.0011627892777958068,0.019608335431067506,0.000543967832284142
14.599854,-0.0005628592078894991,0.019158428671173563,0.0003424526807721387
14.619854,0.0009977934727746609,0.018801785314524328,-0.00017617202784328095
14.639853,0.0008374438224053169,0.018680223542972666,-0.00012302517469757842
14.659853,0.00017571888065716097,0.018836657109405602,-0.0004596219112898547
14.679853,-0.00022654219160220734,0.01910523519798825,-0.0001801580418324814
14.699853,-0.0010981505832090073,0.020354279487033087,-0.0005322559439270671
14.719853,-0.00013339533846209347,0.02064943100218567,-0.000662908624578487
14.739852,-3.826713334775008e-05,0.02104374335649837,-0.0007315566432254391
14.759852,-0.0005989431240349546,0.021234069696858288,-0.00010752400919738885
14.779852,-0.000277404662468235,0.021280106992901254,-7.917902085188356e-05
14.799852,-0.0016047006997559397,0.020940922843726513,-8.58223774975477e-05
14.819852,-0.000807847552907509,0.020090643123434282,0.00020692820524691354
14.839852,-0.0013444209794851612,0.01978901142179826,0.00035352494184029534
14.859851,-0.002527917482995065,0.019917682750435702,0.0003424526807689586
14.879851,-0.002425190210240949,0.02007511864784565,0.0001453664336863378
14.899851,-0.003141950116995362,0.02082458251729778,0.00039559953391837105
14.919851,-0.0018230923081447214,0.02035609766879421,0.0005147370630588021
14.939851,-0.001820434965504688,0.02037975734246835,0.0002197720280996495
14.95985,-0.0009879407929907348,0.02051542167815587,0.0005585832169060869
14.979851,-0.00206607599110589,0.020763929836663607,0.0011281403264525175
14.99985,-0.0026538848489046293,0.020517099999836315,0.0015422428905462714
15.01985,-0.001399549184578593,0.020113626806371597,0.0014580937063922398
15.03985,-0.0006943510493737209,0.020293999766762456,0.0008110307693369114
15.05985,-0.0006318568769016487,0.020692461305230822,0.0005740843823930262
15.079849,-0.0007370550120838187,0.020723183915967558,5.368811200415759e-05
15.099849,0.0005557655007268924,0.020478894871672523,0.00039072773904085613
15.119849,0.0008536442885818413,0.01951567808842468,-0.00010530955698375758
15.139849,0.00019469323959951448,0.01984761282036619,-0.0007470578087213884
15.159848,-2.9269464381278013e-05,0.020213580186326494,-0.0010145636362233505
15.179848,-0.002161903497032251,0.02065835874109935,-0.0008994121210705297
15.199848,-0.0010004815855957968,0.02061406969682725,-0.000987990209644934
15.219848,-0.00010174032686156235,0.02076313729591335,-0.001064610256268167
15.239848,-0.0006843976694963517,0.021099361072157985,-0.0010734680651242822
15.259847,-0.001199665734757773,0.021350433333220703,-0.00123290862456245
15.279847,0.00010028764520754745,0.02161034009311734,-0.0014587827504344685
15.299847,0.001625462470383253,0.020452810955568602,-0.000555286246950105
15.319847,0.0009549496498476749,0.020140106992850647,-0.0002899948716596544
15.339846,0.000526721211623431,0.020350410023172335,-0.0006553794870402686
15.359846,-0.00026220652731059126,0.019654838927598287,-0.00043171981338400143
15.379846,-0.001847358042459963,0.01927593449870496,0.0001772545455819216
15.399846,-0.0021322531473152483,0.019411552214358172,0.0007685132868319036
15.419846,-0.00255148391653592,0.019451762004565023,0.0010984666667790456
15.439846,-0.0037416937067246705,0.020002018414822385,0.0009673710956869133
15.459845,-0.004121390676410654,0.020453650116453347,0.0007016368299557506
15.479845,-0.0029376843827105697,0.02096525850805956,0.00010993519826293628
15.499845,-0.0008713673664047525,0.02057171538449666,0.0002937347320579388
15.519845,-0.0011483603734255923,0.021038475291252086,-6.722097889541226e-05
15.539845,-0.0007832088582568195,0.020763160605947198,-0.0008134913751584194
15.559844,-0.0022809477860128956,0.019896307459066148,-0.0007962186478847808
15.579844,-0.003510668065742764,0.019810037062793613,-0.000146941258619531
15.599844,-0.00402584289090323,0.019791039393808392,-0.0001934447551216895
15.619844,-0.0037436983687677322,0.01915213496490529,-0.0004481067597793954
15.639843,-0.0031171249421862238,0.01927264778542337,-0.0010703678320313466
15.659843,-0.002920038695093003,0.01936912797192603,-0.0007802745919391089
15.679843,-0.0015248638699012541,0.019670992773789257,-0.0007709738926375112
15.699843,-0.000532999068035317,0.01971355687633547,-0.0006952396269031227
15.719843,-0.0019181972032156734,0.02025197179473883,-0.0003812303028931725
15.739843,-0.0014800620050641011,0.020534232866992706,-4.9062470729749016e-05
15.759842,-0.0024906913757272624,0.020557403030134053,0.0006197020980264806
15.779842,-0.004317637762701283,0.020247729370436632,0.0016653664336732528
15.799842,-0.004300947786010514,0.019686307459017578,0.0011090960374101999
15.819842,-0.0020218335668977863,0.019235258507965775,0.0010913804196937293
15.839842,0.0006648564097867076,0.01945304405575904,0.0009895156178290569
15.859841,0.0013448564097977022,0.019324699067428563,0.0012224759907837413
15.879841,0.003234669929633835,0.019136587179338454,0.0011051100234204696
15.899841,0.0027386326335864307,0.01916910466186924,0.00027867645700217157
15.919841,0.003921965966927746,0.019739454312224233,0.00027867645700588165
15.939841,0.003186278321235611,0.019816727039492665,9.310536143584e-05
15.959841,0.0007916629366075141,0.019400922843674548,-0.0003015100231727636
15.979841,-0.00035041165546156666,0.019122041724770892,-0.0002749365966022974
15.99984,-0.0005362158512445094,0.019135421678146747,-0.0006292489509131644
16.01984,-0.0005299221449327728,0.019268405361110033,-0.00039894592061547334
16.03984,0.0005213365963361511,0.01970444265713985,-0.0005362419579125575
16.059839,0.001807397202411973,0.01969353356622809,-0.0003794587411319135
16.079839,0.003659075524057076,0.019904256176969885,-0.0002209039625772904
16.099839,0.0055871174820733595,0.020342274824986656,0.000117907226226497
16.119839,0.007010171095106371,0.020784372727090925,0.0004212871796010528
16.139838,0.005231639626553293,0.020382671095408665,0.0006892358975463769
16.159838,0.0029270475519289837,0.020170689743439926,0.0008535482518562296
16.179838,0.0018251594400185939,0.020410456643204622,0.0007875575758668012
16.199838,-0.0009706214457575163,0.02055756620031536,0.00036459720291428214
16.219838,-0.004051507226606122,0.020228824941575692,-0.00039938881105936564
16.239837,-0.0028726494177094206,0.020215654778404327,-0.0011456592073170728
16.259837,-0.0021239780890276922,0.020258964801744394,-0.0012718829835348699
16.279837,-0.0018056331006548634,0.020490410023186162,-0.0007377571094150208
16.299837,0.0013553925403952136,0.020151389044159335,-0.0003165682982338309
16.319837,0.001740520745537411,0.01993947762226989,-4.4190675860714124e-05
16.339837,0.0004401944051974213,0.019701342424151325,0.0006135016318220587
16.359836,-0.0006479641029803985,0.019739081351882952,0.0012534783217888904
16.379836,-0.0011742111892429415,0.019858428671209325,0.0011888163171295488
16.399836,-0.001974257809295863,0.020073766666516692,0.0008300750583924792
16.419836,-0.0027727659678104975,0.019774908857651274,0.00034466713299212995
16.439836,-0.0026886634037077382,0.019705165267899855,0.00012720792553498476
16.459835,-0.0020264955715565,0.019691971794705776,2.9772028095985078e-05
16.479835,-0.0012799920750376612,0.019637566200272176,0.0005745272728416886
16.499835,8.77249374377654e-06,0.01919609766881477,0.00014669510501430453
16.519835,0.000471150116142288,0.0190390813518138,0.0005563687646797353
16.539834,-0.0003827892778093836,0.019112158274881125,0.000523151981461485
16.559834,-0.0007101785552026071,0.019076517249250056,0.00080881631712222
16.579834,-0.0006421365971638956,0.019232274825012947,0.0011254829837865138
16.599834,-0.000155982751038589,0.019691272493990747,0.0013606578089596
16.619834,-0.0006695491846307652,0.019908545221284144,0.0013030820513914047
16.639833,-0.001518430303504602,0.020356004428736713,0.001261007459322339
16.659833,-0.00014167039675282988,0.020809384382127413,0.0014341776224888374
16.679833,0.0005083529132628173,0.020752088344831873,0.001228233566547981
16.699833,0.0017812433561837067,0.021053813286569904,0.0006431752914997707
16.719833,0.0032076303025601843,0.020843113985861958,0.0008517766900933805
16.739833,0.0018269776219090364,0.021035305128039573,0.00016308205140386862
16.759832,0.000549798134726892,0.02096502540775444,6.077435909689397e-05
16.779832,3.203589696010561e-05,0.020795701398422795,0.000322079720394964
16.799832,-0.0016399454550325525,0.021168172260889254,0.0005479538462632722
16.819832,-0.004108849883916364,0.021011062703797406,0.00045450396281718306
16.839831,-0.005801041026085808,0.020966214218957738,0.0007711706294825371
16.859831,-0.005314397669438836,0.02078605104882702,0.0005258093241232487
16.879831,-0.004832905827942564,0.020441295804099483,0.0007029655012794772
16.899831,-0.003691530536555118,0.02041434941716601,0.0011901449884564558
16.919831,-0.002279595804622457,0.02011087622367937,0.0015254130537181148
16.939831,-0.0014050270400320177,0.020505351748151115,0.0010710074593239748
16.95983,-0.001034164569175189,0.020272647785415623,0.0011750867134038686
16.97983,0.00022725734223987313,0.01992034009310383,0.000641846620167564
16.99983,0.0013545067594745682,0.020504699067448142,0.0002095855479129173
17.01983,0.002058958973903072,0.020626120978874608,0.0002649468532706612
17.039829,0.002369565034498741,0.0209131606059167,-0.0002687361304084757
17.059829,0.0031114764564037093,0.020767193239951104,-0.0010043771560408583
17.079829,0.0020155324004674183,0.020498405361156546,-0.0007253561770268474
17.099829,0.001298655943586679,0.02005497878772166,2.5786014102014614e-05
17.119829,0.0007898214447775621,0.020200037062780462,0.00019186993018478624
17.139828,-0.0003492694642952283,0.019783486946232616,0.0002910773893972351
17.159828,-0.0026364256414561113,0.019270013752755704,0.0006148303031468453
17.179828,-0.0023246074596317704,0.01908698344974919,0.0011423128206242104
17.199828,-0.0030008778559278784,0.019329734032502228,0.00107587925419725
17.219828,-0.0023066121216802765,0.019539547552320798,0.0010276041959237623
17.239827,-0.0009411808862534842,0.019989570862352198,2.44573427910079e-05
17.259827,-0.00044325547835771567,0.020311109323884996,-0.0003187827504432222
17.279827,-0.0004812741263773676,0.02047479230754004,-0.0007988759905343545
17.299827,0.0011668843817730927,0.020686097668849865,-0.0006615799532425701
17.319827,0.0017190988340031615,0.02120411631687135,-0.0008684097900669708
17.339826,0.0020316396265641877,0.020997729370466994,-0.0004786662003316422
17.359826,-0.0005928592079388386,0.020876610489347035,-0.00022621864789074754
17.379826,-0.0006573580424126317,0.020665491608230106,0.0006949934733069064
17.399826,-0.002779875524929135,0.020135072027798184,0.00035795384627232803
17.419826,-0.0020246540796936873,0.019781086013794812,0.00048417762249436527
17.439826,-0.0012094559444951738,0.019688382051095413,0.0008097020980153047
17.459825,-0.0012864256414703542,0.019644652447357493,0.001625063403365976
17.479825,-0.001863022378046059,0.019515421678115916,0.001454993473299834
17.499825,-0.0009610177160381106,0.019518778321464085,0.001094037762354433
17.519825,1.1593006568298316e-05,0.01908535174804953,0.0009855296038531066
17.539824,0.00045343449841521704,0.01882602773875219,0.0008110307693565218
17.559824,-0.0005651669001908349,0.01872348694622277,5.412588775353723e-07
17.579824,-0.0007371249421562219,0.018570456643215775,-0.0005087827504405266
17.599824,-0.00226253286757027,0.018449267832030304,-0.0007169412585976641
17.619824,-0.0014935818186377619,0.01861628414906485,-0.00057964522130535
17.639823,-0.0024797589748102727,0.018872111654898365,-0.0001677571094252277
17.659823,-0.0025556564107158996,0.019216750349530846,0.00020427086259416016
17.679823,-0.003186425641492689,0.01949159883436064,-0.00026563589730758974
17.699823,-0.0030319034969589283,0.01975455920728145,-0.0005455426572072652
17.719823,-0.0012582205133041071,0.019639990442724218,-0.0006673375290030998
17.739823,5.355104847340757e-05,0.01998621421894997,-0.0002133748250475519
17.759822,0.0005963249412676717,0.02006376666647993,0.00010949230781639386
17.779822,0.0003636909086464537,0.019876960139673334,0.0008712638695758804
17.799822,0.00013061398557869322,0.02007036340307697,0.0011945738928800084
17.819822,-0.00041647226150643785,0.020487472960223123,0.0015816601399625833
17.839821,-0.0015664256414333545,0.02047362680639285,0.0019559025641982526
17.859821,-0.0005616004666069054,0.02044861515138975,0.0018739678322636823
17.879821,0.00013702424201304575,0.020578801631570852,0.0010169748252814776
17.899821,0.0002146932397127921,0.020729058041804593,0.0006648769231900719
17.919821,0.000520007925001825,0.020931808624564282,0.0006143874127003031
17.939821,-0.00019183356681585074,0.02075919790192878,0.0007428256411391518
17.95982,-4.4630769624298574e-05,0.02035199510471737,0.00030170676003050967
17.97982,-0.00011747459247766167,0.020187076689791326,0.0001050634033864813
17.99982,-0.000617987413002011,0.020463836596571708,-0.00035819999986960456
18.01982,-0.0020898055948391837,0.02056905804180628,7.627552459761361e-05
18.039819,-0.001558453613493114,0.02006616759893151,1.4270397478296734e-06
18.059819,-0.001338779953845128,0.01996896480173562,0.00024280233112056757
18.079819,-0.0007194792545428949,0.020238871561624502,1.0284848606595095e-05
18.099819,-0.0009649571100173793,0.02022784592058801,0.0004686764569941759
18.119819,-0.0022057496508132842,0.020380037062785523,0.0010997953381075424
18.139818,-0.0033722298372835823,0.020483650116396683,0.0007388396271584313
18.159818,-0.0027010643361308918,0.02027959417236461,0.0005816135199370751
18.179818,-0.0038714139864948044,0.02018462913740561,0.00034953892786381496
18.199818,-0.0032819268069991915,0.02043917459197621,0.0005692125875335315
18.219818,-0.0034126027976940027,0.020506703729513465,0.00020869976702301267
18.239817,-0.0024611808862525886,0.02031043333325947,-0.00022134685301482255
18.259817,-0.0023534186484968902,0.020316610489447533,-0.00025013473180104023
18.279817,-0.002294397669462742,0.020662974125798483,-0.0005712303028920668
18.299817,-0.0029554699305439653,0.020569617482418368,-0.00018813006979604216
18.319817,-0.0032902717953660413,0.020739873892669985,-0.00031258228424516034
18.339817,-0.0025171482522546138,0.021004465967244885,-0.00033029790196375126
18.359816,-0.0032978009328920696,0.020907612820389814,-0.0001221393938108538
18.379816,-0.005371903497002999,0.020628685081451846,-0.00020628857796223534
18.399816,-0.004220015385082635,0.020895538228297476,-2.0274591953601563e-05
18.419816,-0.0034122997673519872,0.020775141957881875,-0.0006850531467227506
18.439816,-0.001687008392045039,0.020744675757417327,-0.0007253561770231373
18.459815,0.0006285860135448143,0.020328941491678503,-0.0009866615383270375
18.479815,0.0018547864797377855,0.02039248461521914,-0.0003134680651419551
18.499815,0.0018633179482689143,0.02032663379936233,0.0003889561772727071
18.519815,0.0034986559435845888,0.020351202563967115,0.00030702144534290696
18.539814,0.0029500312349564004,0.020269734032497565,0.0006019864803041797
18.559814,0.0024965114214595845,0.0200628342656156,0.000369026107350025
18.579814,0.0003870708620341592,0.020101528904334448,0.00019408438240954776
18.599814,0.00013800326299012516,0.020162950815762935,-7.430769103515631e-06
18.619814,-0.002477684382704349,0.020168218881009226,-0.0002798083914776925
18.639813,-0.0023670550120988253,0.020371086013882513,-0.000264307225975913
18.659813,-0.001190807925840176,0.02026397645675188,-8.00648017391382e-05
18.679813,-0.002582882517911958,0.020343113985882528,0.0007835715618855507
18.699813,-0.002637754312796799,0.02054882494157232,0.0010785365968436435
18.719813,-0.0021040013990611577,0.020262741025480875,0.0010315902099034227
18.739812,-0.0006240946391590089,0.020370899533633965,0.0005594689977933416
18.759812,0.0017473738923085937,0.02023406969681038,0.00020028484861661964
18.779812,0.001241476456421174,0.020354978787733805,-0.00015358461525406516
18.799812,0.001582735197695485,0.020879221211972894,-0.00017528624696026645
18.819812,-0.00011780093283391877,0.02111136573410955,-0.000259435431108468
18.839812,0.00013215244713076033,0.020979780652533385,-0.00032144009311240595
18.859811,0.000541476456459084,0.020965934498670777,-0.00046050769218028913
18.879811,-0.00026271934775851655,0.02038192517465668,-0.00048486666653659407
18.899811,0.0005413832163236787,0.0201467270394455,-0.00023906247073341347
18.919811,7.278181774519475e-05,0.0200991279718463,0.00028354825187544666
18.939811,0.002754553379510971,0.020432437995168636,0.00016175338008862225
18.95981,0.0013100312349777713,0.019844699067426405,0.0002662755246108183
18.97981,0.0007481431231053564,0.01993220489491588,6.741771575262856e-05
18.99981,0.0006688191138136078,0.020319197901918704,9.177669010893336e-05
19.01981,-0.0005443044293142556,0.02009402307674793,-0.0002031883448518093
19.039809,-0.0007186634036665631,0.01957304405576983,-0.0005902745919375644
19.059809,8.238554736124848e-05,0.01940075967348105,-0.0011213002329597077
19.079809,-0.0017248405598802707,0.018821622144343405,-0.0016044937061427155
19.099809,-0.003670341725363622,0.018858778321512306,-0.0013011137527649797
19.119809,-0.003981180886177493,0.0191345125872532,-0.0007452862469442293
19.139808,-0.003703721678758411,0.01929197179471237,-0.0004644937061519993
19.159808,-0.004936448951495101,0.0192864706292023,-0.0003077104893687053
19.179808,-0.004207707692745595,0.019467099999821366,0.00011967878801213637
19.199808,-0.0033879407929580507,0.0192178226105527,0.00021490023322849461
19.219808,-0.0024954932405207137,0.019471785314510222,0.0003366951050174391
19.239807,-0.00207782424283773,0.018949244521953623,0.0004407743590904427
19.259807,-0.0010459128209425392,0.019360829603534132,0.0006019864802999395
19.279807,-0.0027675911426100464,0.019854069696782384,0.0004288163171339714
19.299807,-0.0011799221449347082,0.020388661771400647,0.00018478368310689003
19.319807,-0.00028304568807858776,0.02048670372943888,0.00030879300711370597
19.339807,-0.0014956797207404371,0.02102679696954124,0.00024235944068091528
19.359806,-0.003409106294162867,0.020952368065124283,-1.451701619148199e-05
19.379806,-0.0032592228442894795,0.020612181584953447,0.00025608904440871567
19.399806,-0.0032733020983644577,0.020644116316916206,8.11473194687686e-05
19.419806,-0.002631577156624107,0.020793417016218382,-0.00013631188798572663
19.439806,-0.00351199673702462,0.020115817948607558,-0.0001168247084984567
19.459805,-0.0026753533803952788,0.02065234475515938,0.00015112400944421742
19.479805,-0.002659852214855868,0.020859197902018158,0.0002242009325189621
19.499805,0.0007556955706684168,0.020458405361222023,0.0005523827506953051
19.519805,0.00047439020935671083,0.020221458974251108,0.0005900284383418782
19.539804,-0.001686565501587366,0.020228568531336887,0.0002782335665482092
19.559804,-0.0022851435901827368,0.019719757342512863,-5.614871782725554e-05
19.579804,-0.001667497902567908,0.019884745687507067,3.0214918538817414e-05
19.599804,-0.00017500373006878564,0.020177193239965162,-0.00039983170149689786
19.619804,-0.00024756783260815405,0.01992619090893563,-0.0007762885779472584
19.639803,-0.0015071249421631226,0.019925701398451068,-0.0007563585080171563
19.659803,-0.0019336051286525393,0.020406470629227083,-0.0004591790208475523
19.679803,-0.002410341725384372,0.020377449650207824,3.9072727394402816e-05
19.699803,-0.001938896503957055,0.020060176922944827,0.0009137813520893685
19.719803,-0.0034742344992999517,0.019904232866991688,0.000800401398712647
19.739802,-0.004810271795341296,0.01960835874108705,0.0008114736597829237
19.759802,-0.004179875524973627,0.019901458974197768,0.0006870214453332755
19.779802,-0.0038335818186807724,0.020071738694479528,0.0006538046621176752
19.799802,-0.0026870550121526975,0.020198079020824183,0.0008110307693443314
19.819802,-0.003402229837325501,0.020015188577926966,0.0009554130537240819
19.839802,-0.004355959441062421,0.020653510256250916,0.0009199818182953803
19.859801,-0.003262626107736621,0.020589547552290168,0.0006458326341477543
19.879801,-0.0031166121217488995,0.020735678088432307,0.0006436181819341231
19.899801,-0.0030007846159058947,0.02022148228423567,0.00041110069942068057
19.919801,-0.0018150969702204508,0.01980684358957958,0.00028310536142678436
19.939801,-0.00031446759959924994,0.01987966410238372,-0.0004857524474153684
19.9598,0.001072082516972605,0.020185444988186536,-0.00043880606047196785
19.9798,0.0013418727267855122,0.01947793916068245,-0.0006053328669954519
19.9998,0.0011089589738714997,0.01958665710940788,4.7930536257408335e-05
20.0198,0.00014611515102376158,0.01958120256395597,0.00020072773905044177
20.039799,-0.00039339533847081805,0.02001427948704773,0.00017193986026104423
20.059799,-0.0006103184154064367,0.01985122587401411,-3.843310011078472e-05
20.079799,-0.0018225561776348555,0.020374279487067395,-0.0001868013984781455
20.099799,-0.0009581505832216775,0.02027999044275882,-0.0002731650348410384
20.119799,0.0001101011650180212,0.02014947762222518,-0.0002975240091994633
20.139798,0.0005937142186333298,0.02036227482503209,-0.000687267598934792
20.159798,0.0009613599063286681,0.02026089953365569,-0.0004968247084898852
20.179798,0.0007094717944389116,0.019956727039492188,-0.00037945874112343335
20.199798,0.0008599379949100082,0.02048476899753182,-3.4452201607917564e-07
20.219798,-8.710023744422867e-06,0.02089246130522037,0.00024590256422569356
20.239797,0.0004354391604154919,0.021358428671203272,-0.00019477342644329618
20.259797,-0.002083931468985718,0.021139920512705655,-0.00036085734252394797
20.279797,-0.0027564489515102975,0.02145716992994328,-0.0009742606059192536
20.299797,-0.0021890829841526563,0.021266260839015328,-0.0005955892772520817
20.319797,-0.0026019967370786204,0.020267799300567192,-0.0003737011653687337
20.339796,-0.0032344442895051134,0.019879547552328944,-0.00047556596723075616
20.359796,-0.0033529757580251134,0.01968654055930044,-0.0006735379951932114
20.379796,-0.0032690596740908738,0.01966765944043996,-0.0003054960371598439
20.399796,-0.0016941179491419456,0.019819873892649068,-4.197622364602273e-05
20.419796,-0.0016172881123094518,0.020428498601247142,0.00040755757587908255
20.439795,-0.0013624629374911078,0.020727892540646276,-0.0001221393938108539
20.459795,-0.0023100153850669973,0.020620293473049625,0.0005377673660871402
20.479795,-0.0008916237766571911,0.020713883216612432,0.0002100284383509795
20.499795,-0.001990365035378852,0.02060430279702883,0.0007813571096719194
20.519795,-0.0015411342661756228,0.019902601165345556,0.0006529188812341308
20.539794,-0.0022766121216478974,0.019493160605908395,0.0003938279721481023
20.559794,-0.001692253147296692,0.019662018414785615,4.0843824138333575e-06
20.579794,-0.0011898055948393156,0.01985115594395019,-0.0003232116548784349
20.599794,-0.0008451669002306854,0.01968693682973758,-0.000914470396128947
20.619794,-0.0009326960377884683,0.020115957808742826,-0.0006730951047556791
20.639793,-0.0006120666671810147,0.020011971794766006,-0.0009233282049855924
20.659793,-0.0002892228443313098,0.019743463636243574,-0.00018148671315302808
20.679793,-0.0010350270401298237,0.01976211165486306,-0.000465379487041374
20.699793,-0.003456635431733657,0.019866400699135783,3.508671341527253e-05
20.719793,-0.0022757962708929375,0.01959845198117456,3.951561784041506e-05
20.739793,-0.002846239161315492,0.019695375058085607,0.0003096787879967205
20.759792,-0.001722183217267798,0.019811086013806524,0.00035795384627232803
20.779792,-0.0011452601403278864,0.019723440326154217,0.0006418466201596139
20.799792,-0.002007101632167535,0.019156120978820818,0.0005311240094409461
20.819792,-0.001173185548266001,0.019257519580209867,0.0007127090910265573
20.839791,0.0005392153841284596,0.01904959417231439,0.0005089794873019826
20.859791,-9.637902147828243e-05,0.019214279487015873,0.0007569981353203846
20.879791,-0.0005208778559934692,0.01952919790194481,0.0003761123544417013
20.899791,-0.0007474979025904446,0.01991546829820935,0.00016839673672633604
20.919791,-1.9642424721833278e-05,0.02038714661989992,-0.00012169650336431173
20.93979,-0.0016022298373040355,0.020744838927595457,0.0001551100234376578
20.95979,-0.0009452368303050178,0.020649291142038215,0.0011582568765709422
20.97979,-0.0006325328675679823,0.02041141235415845,0.0013172545455662776
20.99979,-0.0017971948722331692,0.020255351748077924,0.0013655296038402951
21.01979,-0.002616565501622263,0.01969807902081454,0.0010710074593197347
21.039789,-0.0010020899771677966,0.019272647785389976,0.0004859491842688744
21.059789,-0.0014371249422121233,0.019039058041802212,0.00026450396282305856
21.079789,-0.0024707613058363807,0.018503160605919514,0.00023793053624782253
21.099789,-0.0031044209794894254,0.018267379720140305,3.1986015175686162e-06
21.119789,-0.0028969384619996815,0.01837250792528399,0.0001909841493028317
21.139788,-0.003510434965481102,0.018835328438099368,0.001072779021084174
21.159788,-0.0018196191146299461,0.01933381328656853,0.001161357109663878
21.179788,-0.0028222065272216325,0.01970675034950055,0.0006564620047783788
21.199788,-0.00314768438270243,0.020225188577908754,0.0007942009325156452
21.219788,-0.0031087799538093036,0.020055957808679126,0.0004580470863662015
21.239788,-0.0022621132871549275,0.01992439603710183,-0.0002284331001006689
21.259787,-0.0023555631706211576,0.020001785314483874,-0.00037857296023829885
21.279787,-0.003553232168295864,0.019845141957865527,-0.0005933748250358003
21.299787,-0.0039400620051375165,0.019476610489345476,-0.0006974540791125141
21.319787,-0.0026385468536175476,0.019181948484683284,-0.00025677808844087413
21.339787,-0.0024270317021074716,0.018911668764410194,0.0002507743591010886
21.359786,-0.0019044675995339838,0.018846517249269466,-0.0001881300697971023
21.379786,-0.003647661072738113,0.018846051048823528,0.00025254592087241767
21.399786,-0.0027782671333454745,0.01859360349638528,0.0003610540793774542
21.419786,-0.001679758974854205,0.01839476899755723,0.0001816834500065343
21.439785,-0.001162742657850536,0.01824954755233938,-0.00016642843809938092
21.459785,-7.819720333335873e-05,0.018561458974230755,-0.0008068480185095751
21.479785,0.000555625640495694,0.01868423286700367,-0.0011695752912369056
21.499785,0.0009204974354008226,0.0190857713285343,-0.0011031417248035845
21.519785,0.0015087258736557131,0.019457566200330716,-0.0008418363635007446
21.539784,0.00013394731889725077,0.019535911188668705,-0.00045386433553462504
21.559784,-0.0013102484852929425,0.02040362680639786,-0.00039407412574219835
21.579784,-0.002674281119301874,0.02091528181808132,0.00013960885793693856
21.599784,-0.003895842890865742,0.020490246853055734,0.00018168345001289425
21.619784,-0.0043615305365590305,0.020485468298268045,0.0005249235432503045
21.639783,-0.0055281738932318365,0.020179384382178863,0.000447417715746177
21.659783,-0.0057010876461839124,0.01962066643343204,0.00030790722623758157
21.679783,-0.0058241645692638615,0.01942180862454205,0.0005054363637593245
21.699783,-0.00477654219161682,0.01988982727255727,0.0007202382285573561
21.719783,-0.004398640093705277,0.01982954755228187,0.0006095156178365683
21.739783,-0.004107684382736315,0.019466517249234785,0.0006608909092088218
21.759782,-0.0024858662009254,0.019955072027796304,-9.468018634783292e-05
21.779782,-0.0010864023314432454,0.02001309067582323,-0.0007590158506730897
21.799782,-0.0009264955715220344,0.01973013030285486,-0.0009450298366833136
21.819782,-0.0011695958046333793,0.0195956314683617,-0.001170903962554272
21.839782,-0.0020964023314738556,0.01951654055926218,-0.001277197668847267
21.859781,-0.0024660759911597154,0.01962250792522595,-0.0011044703961236013
21.879781,-0.0025423230773923794,0.01986747296019845,-0.0007519296035914834
21.899781,-0.002759572494630194,0.020414629137376652,-0.000227104428773762
21.919781,-0.004044654079683355,0.01980926783201678,-0.00011638181805244418
21.93978,-0.0026268918419214715,0.01941567808843441,-0.0002603212119888323
21.95978,-0.0006965421915529709,0.018954116316888377,-0.0010096918413442452
21.97978,0.00019886573384892542,0.018535025407791846,-0.0012244937061443968
21.99978,0.0016162550112430308,0.018030852913609112,-0.001120414452067683
22.01978,0.001753667598645771,0.017697962470738682,-0.0012156358972898714
22.039779,0.0016024787874634279,0.01794514195791474,-0.001107127738785365
22.059779,0.0027698913748717227,0.018432857575632858,-0.0007948899765541637
22.079779,0.003366954311921847,0.018771435664202012,-0.0008413934730605624
22.099779,0.0015256256405758828,0.019360736363498367,-0.0004100181816894602
22.119779,-0.0008366354316735865,0.019649104661853056,8.77906761144327e-05
22.139778,-0.001491064336105435,0.019988871561606964,0.000375669463989329
22.159778,-0.0019463090913286675,0.019936447319182576,0.00020958554791026727
22.179778,-0.0030542811193346436,0.020255584848316265,0.0007747137530304954
22.199778,-0.003686029371088512,0.020219803962548865,0.0010537347320487462
22.219778,-0.0026296424246947904,0.02026943100220219,0.0011618000001151904
22.239777,-0.003147614452644867,0.02006616759895377,0.0012818233101333358
22.259777,-0.00027276596780150117,0.019314955477760985,0.0013216834499940704
22.279777,0.00025049743544355195,0.01924549160830289,0.0009788862472000224
22.299777,-0.0008305981356494124,0.01917859184140508,0.0008083734266926381
22.319777,-0.0015551435901612369,0.019356563869375627,-0.00023286200452581152
22.339777,-0.0029632321682240637,0.019564069696851524,-0.00023419067586119847
22.359776,-0.0027343976694017974,0.0199715522143218,-0.001062838694495778
22.379776,-0.0033613673663918254,0.020749967132738807,-0.00108276876442429
22.399776,-0.00395148391651045,0.020866517249278217,-0.0016208806525290997
22.419776,-0.0011869384619879017,0.020325538228300265,-0.0015522326338816173
22.439775,-0.0011574745925337603,0.020099803962573583,-0.001514144055798572
22.459775,0.0014076769225958216,0.02012124918401978,-0.0010805543122133087
22.479775,0.0004650428899513697,0.02024530512807893,-0.0004715799532479158
22.499775,-0.00032789417297178405,0.01998996713271938,-0.00035022797189491355
22.519774,-0.0023939780890233587,0.019663720046482952,-7.563589730551538e-05
22.539774,-0.0028323696974190344,0.019557216549966915,0.0009345972029114953
22.559774,-0.003009386014427806,0.019586447319185366,0.0016228489511571147
22.579774,-0.001931204196236998,0.019517193239929644,0.0019284433567479519
22.599774,-0.0010542111892210169,0.01915064312338753,0.0017911473194535178
22.619774,-6.311561812713767e-05,0.018739197901956602,0.00172914265744958
22.639773,-0.0009218102568400691,0.01928982727258598,0.0010648069931216732
22.659773,-0.0008848172498699693,0.019434699067449764,0.0005882568765790291
22.679773,-0.001452369697410439,0.01923626083900533,0.0002361589744828535
22.699773,-0.002920225175257812,0.019324512587253685,-5.5705827382303264e-05
22.719773,-0.004548267133294811,0.019591622144370976,-0.0005694587411281579
22.739773,-0.004147521212565848,0.01967024685298639,-0.000658036829704152
22.759772,-0.0043831389281844164,0.020163113985828176,-0.000795332866997526
22.779772,-0.003541996737069189,0.02011873170144346,-0.0012559389275971482
22.799772,-0.0032071249422086297,0.020206727039453018,-0.0008440508157127859
22.819772,-0.003838989744083524,0.020587263170014206,-0.0005251696968343306
22.839772,-0.0035958895109886096,0.02062061981338415,-0.0001841440558116118
22.859771,-0.003930831235927933,0.020498941491702453,0.0002941776225055412
22.879771,-0.0026726027976654203,0.020481319114087997,0.0007906578089761673
22.899771,-0.002661903496935892,0.020334069696854182,0.0012534783217888904
22.91977,-0.002508849883875435,0.020229640792410682,0.0010116601399754405
22.93977,-0.003193581818615428,0.020003766666534424,0.0010382335665485567
22.95977,-0.0032822764572981375,0.020118521911265473,0.00023660186492621574
22.97977,-0.003547427972458622,0.01972059650333082,-0.00047202284369021817
22.99977,-0.003338733333782077,0.019492228204974107,-0.00044102051268824914
23.01977,-0.002974607459664447,0.01954311398587505,-0.0007067547784194118
23.039769,-0.003637544522611594,0.018797682750446434,-0.0005473142189807142
23.059769,-0.004480201865278428,0.018896610489385166,-0.0004968247084898852
23.079769,-0.004504654079728268,0.018326470629258518,-0.0005194121210775112
23.099769,-0.004100971096052698,0.018228125640916963,-8.537948705418546e-05
23.119769,-0.003937964103082541,0.018194908857693943,0.0002024993008180608
23.139768,-0.005297777622898911,0.018249454312252736,0.00012455058285096066
23.159768,-0.0051974745925756375,0.018672997435791833,0.0007087230770389469
23.179768,-0.0038944442895385125,0.019084162936972897,0.0012756228439464042
23.199768,-0.002734257809361931,0.01917288088570271,0.0016255062938368987
23.219768,-0.001989642424751877,0.01919551491831776,0.0017583734267104302
23.239767,-0.002541647086744066,0.018783789976592975,0.0018336648020056965
23.259767,-0.0024773347323916216,0.01883180862460169,0.00133319860154693
23.279767,-0.002080854545904904,0.018764116316890546,0.0008756927740381236
23.299767,-0.0004631156181507531,0.018971342424118694,0.00028266247100409227
23.319767,-0.0005233020983358,0.019035794638565598,-0.0007160554777157096
23.339766,-0.0010959128209424448,0.01920094615371408,-0.0006881999998828591
23.359766,0.0006255790205263327,0.019409221211982176,-0.0009749132865655163
23.379766,0.002537560372502949,0.01931961748239002,-0.0008185030301553009
23.399766,0.003525742190643261,0.018867799300566687,-0.0009058923075433655
23.419766,0.003808376223275513,0.019005794638550177,0.00016240606073382523
23.439765,0.003440870395775863,0.019173603496355655,0.0002896787880053449
23.459765,0.0017407305356639893,0.018901715384451206,0.0004395622378861521
23.479765,0.0007636442885901756,0.019086470629206393,0.0007272079255264167
23.499765,-0.0005490363640602139,0.019265631468371232,0.0007092825176028052
23.519765,-0.0030882671332968623,0.019838009090745366,0.00027816363648799566
23.539764,-0.004045563170601282,0.020181155943886593,0.0009183734266846894
23.559764,-0.00343085454590497,0.020251016083738894,-0.00040607878773722195
23.579764,-0.0030361692311995825,0.020518498601228202,-0.0002641440558030845
23.599764,-0.0027682205132648586,0.0207872398599699,-0.0005978503495079752
23.619764,-0.002050038695092654,0.02110129580401999,-0.0003770344987031914
23.639763,-0.001012835897900367,0.020626120978852348,-0.001330647552298945
23.659763,-0.0012533487184038018,0.01974234475507452,-0.001230880652532178
23.679763,-2.495710998970987e-05,0.019161785314526503,-0.0008164284380848868
23.699763,-0.000369525874555087,0.01867472237746525,-0.0005062652679246298
23.719763,0.00010077715572868231,0.018794722377478694,2.6019114348836507e-05
23.739762,0.0008732946382376995,0.01831199510475223,0.0005647370630571165
23.759762,0.0013023855473116366,0.0183392678320356,0.0005408675991917362
23.779762,-1.2206527268669113e-05,0.0190356314684039,0.0012565785548860665
23.799762,-0.0004620433571289003,0.019722204894966424,0.0011192825175863324
23.819762,-0.0002965655016692094,0.019900316783078603,0.0008384899767909222
23.839761,-0.0019541645692708436,0.019803696736456572,3.198601513328627e-06
23.859761,-0.0018347006998006563,0.019958918181675146,2.977202808962502e-05
23.879761,-0.001892416317486628,0.019527682750449915,-0.00011815337983172357
23.899761,-0.0028450736601158336,0.01930747296024012,-0.0004640508157155272
23.91976,-0.0013358895109164017,0.018721785314573136,-0.00047246573412934036
23.93976,-0.0007338615388893983,0.01818567808846634,-0.0003028853145514728
23.95976,0.00041383076880123493,0.017891272494072633,-0.0004717897434497562
23.97976,0.0002859519809257144,0.018318848251647965,-0.0001422093238730429
23.99976,0.0023428051277597562,0.01855043333323666,-0.00027123030289211093
24.019759,0.002488982283917126,0.018744629137440377,-0.00016528624695053343
24.039759,0.0014603808852986912,0.019157799300595604,-0.00042715104881034164
24.059759,0.0014661384610417305,0.019416004428785896,-0.00025917902083945484
24.079759,0.0006419892769052274,0.01968511864789484,0.00013091421924464125
24.099759,1.9471794404403442e-05,0.019848498601266695,-0.0002586895103548903
24.119759,-0.0011828358978882758,0.019332904195667567,-0.0001710671327406743
24.139759,-0.0012242111892465561,0.019314815617557345,0.00016657855489525452
24.159758,0.0004987025636893032,0.018614932167671763,8.11473194687686e-05
24.179758,9.578881077466228e-05,0.01854087622361676,0.00014536643368739786
24.199758,0.0012037375286996165,0.018162554545304712,7.627505952781583e-06
24.219758,0.0010795184144559797,0.01771744965019733,0.00039737109569076026
24.239758,0.0002599846149226783,0.01768619090893324,0.00019364149196353543
24.259757,0.0004908004657191748,0.017711925174658714,0.00047709137541116913
24.279757,-0.00023146060654583456,0.017921925174662765,0.0006104013987169327
24.299757,-0.0017374979025856878,0.018163883216616782,-3.6661538336805655e-05
24.319757,-0.005532835897927651,0.018132554545281874,0.0004938745921869929
24.339756,-0.006397544522626664,0.018184792307511775,0.0005083268066429997
24.359756,-0.005548779953869613,0.018037729370446478,0.0003369981353202343
24.379756,-0.005126588811670603,0.01867045664318537,-2.011142178130331e-05
24.399756,-0.003321553846635894,0.01874355687629397,0.00011462051295285197
24.419756,-0.002998616783671454,0.018692764335498758,-5.556596723272619e-05
24.439756,-0.0015572181822676918,0.019212904195645114,9.513333346505202e-05
24.459755,0.0004939006988470915,0.01928658717934824,0.0003390727274012489
24.479755,0.0009226186475786904,0.019386354079128254,0.00017401445234205862
24.499755,0.0004345300695044562,0.01919500209778185,-6.477342644025915e-05
24.519755,-0.0016565188815646653,0.019069384382162755,0.0005771379954543003
24.539755,-0.0024498289048805084,0.019282647785418258,0.00023040139872762408
24.559754,-0.0020193627044283917,0.01916073636349133,-0.00015712773879566323
24.579754,-0.0018546773897242601,0.019384955477701388,-0.0003586428903076666
24.599754,-0.0016563090913294344,0.019038941491683305,-0.0008081766898359519
24.619754,-0.0025276610726534406,0.018917263169994186,-0.000987547319204752
24.639754,-0.0016885002335034328,0.01912577132850009,-4.2908624581899577e-05
24.659753,-0.0013740713290733716,0.0189217153844553,1.3618181947943004e-05
24.679753,0.0005763715613577792,0.019059361072119172,-0.000372512354176034
24.699753,0.0015084694634322805,0.018857403030172283,-0.0003646801863387302
24.719753,0.0009867678316994755,0.019152484615250875,0.0002443874127191375
24.739752,0.0005477934727262308,0.019529640792416793,0.000265972494306433
24.759752,0.0011009869459132388,0.01970365011642669,0.0002700750584102992
24.779752,0.0012256722605948687,0.019594792307551685,0.00023233613066966138
24.799752,0.0008816163165436675,0.019409407692175074,0.00043886293718702676
24.819752,-0.00025761445267022,0.019417589510355847,0.0007342009325144881
24.839751,-0.00011679860184259842,0.019768148950918503,0.001047487645790402
24.859751,-6.59827510161829e-05,0.01954472237749793,0.00021578601410143902
24.879751,-0.0009914372964768207,0.019617216549996694,-0.0006257058273805764
24.899751,-0.00033665874170468453,0.019617659440441644,-0.0010225356642028114
24.919751,-0.0008071948722294458,0.01933234475511219,-0.0008785962702653632
24.93975,-0.0008025561775743721,0.019317752680531514,-0.0016895286711850618
24.95975,0.0002492853142774213,0.018958428671200445,-0.001561090442747803
24.97975,-0.000755353380372028,0.018412974125720637,-0.0010557524474178817
24.99975,-0.0024473813524078644,0.018220876223620657,-2.5589277270238794e-05
25.01975,-0.002890062005076455,0.018228172260923714,0.00048816363647614583
25.03975,-0.003596821911818485,0.018547123309901076,0.0006608909092019318
25.059749,-0.002243138928130953,0.018308451981231832,0.00017371142202972324
25.079749,-0.003093651748647742,0.018319640792426845,6.298881131105546e-05
25.099749,-0.0020853300703442177,0.018422088344884457,-0.0007280135196955013
25.119749,-0.0030324396274650856,0.01849831212109281,-0.0003090391607046224
25.139749,-0.0031731389281791,0.01842677365956324,-0.0005437710954147358
25.159748,-0.0008540013990481791,0.01864623752901045,6.343170179098825e-05
25.179748,-0.0023014372965031457,0.01895194848471277,0.0009593524477044107
25.199748,-0.0044452135202978586,0.01924824219099936,0.0013879072262615914
25.219748,-0.0042123930074784415,0.01945047995323957,0.0012763687647259524
25.239747,-0.004477940793003983,0.019332694405472618,0.0008993291376863625
25.259747,-0.002035353380412085,0.019346004428782957,0.0005481636365106935
25.279747,-0.002564141259188866,0.019525584848370026,-0.000265705827360383
25.299747,-0.003323581818633305,0.019243323776100253,-0.0009206009322699756
25.319747,-0.004947101632161166,0.019352647785407948,-0.001142885314528453
25.339746,-0.004875866200931745,0.019474792307543013,-0.0014911370627733451
25.359746,-0.00419607599114538,0.01960996713270198,-0.0011123491839904473
25.379746,-0.004660691375752684,0.019319897202643592,-0.0004095519812053564
25.399746,-0.004743628438687584,0.019020037062779434,-0.00023123030288285938
25.419746,-0.0030546540796992415,0.019050806293547832,0.00011049463883474459
25.439745,-0.0028753533803699853,0.018693603496362298,0.0007821962705248618
25.459745,-0.0032240247090482383,0.019069827272586506,0.0014326624709732711
25.479745,-0.00293052820555762,0.019732624475387255,0.0010136648019787513
25.499745,-0.004340038695074279,0.019319267832039664,0.0013778839161872661
25.519745,-0.004730434965487141,0.019662974125747395,0.0007786997670133355
25.539744,-0.0047383137533698865,0.020267169929929867,0.000825203263516024
25.559744,-0.005389805594873148,0.020045281818040158,0.0013571146854195917
25.579744,-0.004958616783673215,0.019896680419448767,0.0012862522145611283
25.599744,-0.00435894312399723,0.01978222820500143,0.0013748303031413628
25.619744,-0.002680504895548097,0.020097472960259065,0.0011046671329845274
25.639743,-0.0034783836834158697,0.020045235198027048,0.0012144573427726184
25.659743,-0.0038859128209437826,0.02003754289033455,0.0006535948719200747
25.679743,-0.004095003730031497,0.020327006759805897,-2.48433565065911e-05
25.699743,-0.004967964102982624,0.01976607435888731,-0.00041782703948178276
25.719743,-0.004233768298789695,0.019470503263316737,-0.00042924895090559696
25.739742,-0.0038761459211665615,0.019732810955623088,-0.00041386433552431336
25.759742,-0.0031062158512352445,0.019279780652587515,-0.0006019762236382728
25.779742,-0.0033048405598550927,0.019139920512714254,-0.000890391142048476
25.799742,-0.0024014139864320027,0.019146773659567056,-0.0004978503495177069
25.819742,-0.0020075911426176486,0.01895017692297059,-0.0004018130534870276
25.839741,-0.0023252368302600817,0.01882348694625597,-3.9808391492143834e-05
25.859741,-0.002614211189235204,0.018685608158354287,-0.00019924895093031148
25.879741,-0.004025283450326121,0.018999897202632652,-0.0003176638693372359
25.899741,-0.0033451669002322612,0.018656563869307537,-0.00046778041944949467
25.919741,-0.003976961772053303,0.01848742634016879,-0.0006195519812125865
25.93974,-0.0037857030307951347,0.018746260839026616,-0.001459994871638759
25.95974,-0.002622183217265015,0.01847295081571179,-0.0019368013984345158
25.97974,-0.0020853533804082794,0.018303137295897172,-0.0016912303028627869
25.99974,-0.002122672727710786,0.018281948484726876,-0.0015200414916789987
26.01974,-0.0024331389281664183,0.018481016083811287,-0.0007974307690800614
26.039739,-0.0006441179491428949,0.018714768997555455,-0.0003135146851752072
26.059739,-0.0014570317020511333,0.018837612820390703,0.00013100745933393595
26.079739,-0.0013535585085922002,0.01902891818170703,0.0007240144523341158
26.099739,-0.0007143044293620548,0.019315981118781918,0.000913291841604274
26.119739,-0.0020572181823245057,0.019456983449780706,0.0011135249418390528
26.139738,-0.0035077776228845297,0.019334629137446456,0.0010913804196947892
26.159738,-0.0025610410261478716,0.019044069696876473,0.0007547836831019832
26.179738,-0.0008874745925460432,0.01892926783207083,0.0010249468532619985
26.199738,-0.0015123463874090156,0.018868871561660623,0.0007370680653865723
26.219738,-0.0008662624713217562,0.01875267109546044,0.0006972079255268978
26.239737,0.00025471654967374407,0.018503976456748672,-9.113706280888513e-05
26.259737,-0.0004971482521721944,0.018873323776077217,8.601911434522356e-05
26.279737,-0.00047784755287517386,0.019036120978874683,0.0008256461539636265
26.299737,-0.0022471249421397643,0.019379221211960396,0.0006883501166691923
26.319736,-0.0023468452218822896,0.019272741025480333,0.0013172545455662776
26.339736,-0.003061810256837352,0.019600946153708016,0.001113524941839053
26.359736,-0.0007856564106854724,0.019704326107088256,0.0009142242425406807
26.379736,-0.000343185548199642,0.020017566200336217,0.0009629421912580607
26.399736,-7.787086290396048e-05,0.019330876223637293,0.0009009375292541226
26.419736,0.0004293319342796942,0.018636470629241175,0.0003012638695855574
26.439735,0.000749495104432194,0.018334908857693993,-0.0006159622376255463
26.459735,0.0005587491836685917,0.018595608158388063,-0.0008400648017241154
26.479735,-0.0007650969701752897,0.017901692074464317,-0.0008334214450837513
26.499735,-0.0013031389281854353,0.017793883216649396,-0.0012386662003261598
26.519735,-0.0009509710960078459,0.017891202563972138,-0.0009592023308693165
26.539734,-0.0008704815855063682,0.018914815617577723,-0.0011434447551066213
26.559734,6.919207415603427e-05,0.019268195570950594,-0.0007780601397275977
26.579734,-0.00083749790253547,0.019526796969544107,-0.0004658223774942764
26.599734,0.0012589123538623407,0.01915817226090826,0.00047089090920780736
26.619734,0.0025363016312389053,0.01891339370614721,0.0007078372961516924
26.639733,0.0024915930065042974,0.01874546829823396,0.0006387463870672082
26.659733,0.002142175757094726,0.018722158274921838,0.00019629883462476928
26.679733,0.0014092153841712095,0.01818395314671766,1.559953392323252e-05
26.699733,0.0005038074587818398,0.018306307459105442,-0.0005092256408939589
26.719733,-0.0018250969700998021,0.018633463636265626,-0.0007594587411228121
26.739732,-0.0019125095575132376,0.019206750349533834,-0.0012935846152368313
26.759732,-0.0027774745925109438,0.01909253123532272,-0.0014410671327206475
26.779732,-0.0037756331006753682,0.018970619813397913,-0.0014366382282891446
26.799732,-0.0019594093244451162,0.01909474568751568,-0.001339202330852795
26.819731,-0.0012281505832009145,0.01908318391594123,-0.001308199999850296
26.839731,0.0005635743584948344,0.018966167598904467,-0.0005508573425170122
26.859731,0.0018220125869337466,0.018446237528970018,-0.0004357058273684318
26.879731,0.002077140792069196,0.017883999766749897,-0.0002452629369304153
26.899731,0.0019629682978796743,0.017899151281912978,0.0002946205129478434
26.91973,0.0009610102559078198,0.017853510256271646,0.0009478839162022935
26.93973,0.0005607538456623623,0.017877216549988046,0.0012955529138653763
26.95973,2.5369230258859418e-05,0.018176051048831274,0.0014970680653757897
26.97973,-0.0018501086251919408,0.01855239137518075,0.0008345039628213321
26.99973,-0.0021539314690093288,0.019033207225981535,0.00028089090921474294
27.01973,-0.0033903650354376548,0.019365048717816264,-0.00033915571082463684
27.039729,-0.0011154466204995367,0.019898871561637558,-0.00021957529124561352
27.059729,-0.0005818335668731934,0.019928009090771484,-0.0006403212119866213
27.079729,-0.000929339394362388,0.019724279487034188,-0.0010389226105833654
27.099729,0.00022140652640647933,0.019468335431081767,-0.0007687594404233501
27.119729,0.0010811734261523933,0.01901751958025453,-0.0001885729602436445
27.139728,0.0021240871790761976,0.019075165267915264,-0.00021957529124561352
27.159728,0.003525462470436328,0.01917187855461493,0.0003340377623609755
27.179728,0.00336045081542788,0.01894460582736215,0.0004226158509380298
27.199728,0.003454576689536063,0.018828755011509674,0.00011436410269178901
27.219728,0.00237350442849285,0.01920668041943599,6.343170175759775e-05
27.239727,0.0029202643352598846,0.01976642400918043,0.00032872307704592823
27.259727,0.001691569696573208,0.019372251515004057,0.0003836414919618998
27.279727,0.000992968297965378,0.018743113985856968,0.0003389095572273602
27.299727,0.001078399533396634,0.01786656386930131,0.0005647836830930187
27.319727,0.0011997515147279063,0.01750164545437936,0.001020960839261138
27.339726,0.00037898228394162253,0.01770372004646423,0.0009456694639690519
27.359726,-0.0005808778559124753,0.017857682750420354,0.001144970163267954
27.379726,5.371421868598632e-05,0.017671225873964646,0.0011166251749240386
27.399726,-0.0003533953384175755,0.018222274825016788,0.000162196270513434
27.419726,-0.0015535818185996985,0.018768894871624177,4.527319359564453e-05
27.439725,-0.003783068998126412,0.018734302797053185,0.00021180000012548862
27.459725,-0.0030987566438150102,0.01891369673645213,-5.1276922942850294e-05
27.479725,-0.0016414139865069165,0.018796214218971537,-0.0004272909089498487
27.499725,-0.0015963790214775318,0.01850311398585499,-0.00034934219100288884
27.519725,-0.0010651669002805096,0.01879437272712304,-0.00021204615370845468
27.539724,-0.0003833487184776538,0.019390876223625734,-0.0005176405593003519
27.559724,-4.4700699812244126e-05,0.01972395314670708,-0.0005885030301641154
27.579724,0.0023711501160416605,0.01933572470849368,-0.0005840741257384426
27.599724,0.0020357188806082328,0.01926845198123816,-0.0007040974357597682
27.619724,0.001225998600902895,0.018945398368170177,-0.00037857296024094886
27.639723,-0.0005550503501395773,0.019256587179382112,0.00021711468543735593
27.659723,0.0002463948713412752,0.01994243799523339,0.0003960424243649134
27.679723,-0.0017892461542663592,0.019437915850695528,0.00030923589756130836
27.699723,-0.00439672867173455,0.019016470629235782,0.0004354596737812255
27.719723,-0.003996099301103824,0.018958988111737275,0.0008495622378770992
27.739722,-0.0043634885784792675,0.0188948855476296,0.0005860424243590378
27.759722,-0.005103138928124102,0.01906248461524331,0.0011002382285461346
27.779722,-0.0028953300703444696,0.0186148389276148,0.0010320331003420148
27.799722,-0.0023316937067303367,0.018449664102436703,0.0007729421912586363
27.819722,-0.0016578475528910416,0.018258382051140443,0.0006068582751806345
27.839721,-0.001521204196278911,0.018292414685171426,0.0006932219115467074
27.859721,-0.001373884848965273,0.01815190186465349,0.00035441072274239007
27.879721,-0.0015909710960286692,0.017786587179333617,0.0002680470863821472
27.899721,-0.0028061226111735548,0.017978778321541444,0.00023084428917681632
27.919721,-0.002213675058707022,0.01843905804181078,0.00031942237775175065
27.93972,-0.003136192541210982,0.01887236806513611,0.00019098414931184192
27.95972,-0.0026729524479733773,0.01936954755233395,0.00040800046632138493
27.97972,0.0003738074587581324,0.019739710722500664,0.00025254592086817746
27.99972,-0.00023260279766023186,0.01967761282039736,0.0001701682984934251
28.01972,-0.00030139067646418123,0.019360736363500487,3.73011656278438e-05
28.039719,0.0002110102558928246,0.01844481561755806,0.00024103076935506846
28.059719,0.00010420372909837367,0.018184582517332192,-0.0001557990674682265
28.079719,0.0012809869458870302,0.018118498601242868,0.0003823128206349931
28.099719,0.00010541585033340523,0.01852779930055589,0.000375669463989859
28.119719,0.0003748330997758837,0.019114023076778848,-1.628857796493106e-05
28.139719,-0.0003956331006918002,0.01945689020965378,0.00030387459218968866
28.159718,-0.0007357962708563456,0.019284069696825452,-0.0003172209788938738
28.179718,-0.0003718335668861032,0.01924444265720306,-0.0005288526805170259
28.199718,-0.0022479174829541544,0.018961948484706073,-0.00026325827492643014
28.219718,-0.0028065421915729957,0.019110643123391533,-0.000533771095432563
28.239717,-0.002161740326794761,0.018456470629217566,-0.000378875990536324
28.259717,-0.0016534186484600693,0.018266493939238213,-0.00037698787864396907
28.279717,-0.000930924475985338,0.018359477622218748,0.00024163682996807914
28.299717,0.0002245999995399491,0.018779267832018647,0.0006231053614280417
28.319717,0.0009017328666571296,0.019389500932251263,0.0002651799535021129
28.339716,-0.00016602937113086496,0.01944835874109509,0.0004921030304172539
28.359716,-0.0006017636368700766,0.019214932167669025,-6.279207446708952e-05
28.379716,-0.0016766354317380176,0.019188731701486477,-0.00042374778541779057
28.399716,-0.0022909944061009317,0.019162484615239936,-0.00030771048938725565
28.419716,-0.0030973580424549204,0.01890246130521326,-0.0004441673658409374
28.439715,-0.0033739547790492194,0.018646144288880874,-0.0007353095569709976
28.459715,-0.004276961772059089,0.01813716992990628,-0.0010262186478690763
28.479715,-0.004912043357121974,0.018121995104735847,-0.0010330018646505373
28.499715,-0.004002229837308982,0.018148102330844997,-0.0005328853145378884
28.519715,-0.0042703883454619776,0.018265701398454563,-0.0007190158506659584
28.539714,-0.004680155245222533,0.018550176922933197,-0.00032738414903827457
28.559714,-0.002648686713759368,0.018286680419452694,-0.00018752400918515172
28.579714,-0.0013799221449915665,0.018295072027838487,0.00029359487192161184
28.599714,3.0031234941954913e-05,0.01839495547772469,0.001407347785649888
28.619714,0.00033117342609658817,0.018447542890308654,0.0014600517483543483
28.639714,-0.0006293393944286828,0.019047169929918527,0.0010217067600221356
28.659713,-0.0021581505832437616,0.018873533566291248,0.0007642475525689891
28.679713,-0.0012707846158428481,0.018964535897280595,0.000511450349777207
28.699713,-0.0022112041962466383,0.018763113985867955,0.0005511939395222155
28.719712,-0.0026108778559002163,0.01842220489496361,-0.0003123258739862175
28.739713,-0.0015437449887659742,0.018279780652546502,-0.00032083403249356533
28.759712,0.00025849277344520386,0.01778877832154308,-0.0003552396269034555
28.779712,0.0012571174820640504,0.01746465244740873,-0.00017948205115183728
28.799712,0.001008749183684161,0.0176555615383176,9.128717961111852e-05
28.819711,0.0020107538457088785,0.017897869230625685,-0.00019610209777126312
28.839711,0.0004391920741451503,0.01858898811173862,-9.866620034074358e-05
28.859711,-0.0025374979025306263,0.018653463636216193,0.0005258093241243088
28.879711,-0.0010287100237428952,0.018731575524310005,0.0007118233101340027
28.899711,-0.0018755864806155411,0.01881633076907705,0.0012521496504529735
28.919711,-0.0021764722615223615,0.018866703729449506,0.0013407277390300278
28.93971,-0.0013334885785443213,0.01925500209774962,0.0016241776224776617
28.95971,-0.001968267133359532,0.019318288811039794,0.001584317482620107
28.97971,-0.0012107846158766716,0.019051412354167734,0.0008181170164317678
28.99971,-0.001616332401412865,0.018924372727138795,0.00043014498847041824
29.01971,-0.0005209011659870397,0.018778568531351323,0.0006276741259953412
29.039709,-0.002083045688121255,0.01872288088565958,0.0004376741259937969
29.059709,-0.002770994406061958,0.01858842867121133,0.0006303314686475647
29.079709,-0.0015041878792499055,0.01876360349636948,0.0008787930071034991
29.099709,-0.0009620200470527512,0.018950806293575585,0.0013349701632774484
29.119709,-0.00075080792584282,0.01942388321664691,0.0011622428905543125
29.139708,0.00011576550074596746,0.01981619090895259,0.0003606111889340917
29.159708,-0.0012659361309573136,0.019845118647886795,0.0003535249418519555
29.179708,-0.0016467286717546522,0.019385561538322348,-0.00013144009310768164
29.199708,-0.004461297436340637,0.019369127971907478,-0.00048796689963006
29.219707,-0.0042054233104945405,0.019279640792416737,-2.9132400804946976e-05
29.239707,-0.005554747319809723,0.01944395314672235,2.8443356768018298e-05
29.259707,-0.006633698368740789,0.019605701398487826,0.00020294219126460307
29.279707,-0.006466332401365423,0.019455351748122917,0.000904923543233253
29.299707,-0.004572323077332949,0.019572484615257384,0.001566601864904696
29.319707,-0.003983441958453527,0.020313556876339622,0.0011591426574502467
29.339707,-0.002920225175235551,0.020330899533706332,0.0012822195805227755
29.359706,-0.002909898834897122,0.02016817226098233,0.001363105361414753
29.379706,-0.0024332088582107313,0.019405584848383083,0.0008511939395115713
29.399706,-0.0025735818185870403,0.019006167598967248,0.00017298881131794697
29.419706,-2.864009367187421e-05,0.018711039393812474,-0.00019146340313102954
29.439705,-0.0012278009328452564,0.01832733310009231,-0.0010451930068432304
29.459705,-0.0019989431239718536,0.01776313729589418,-0.0018984564100909375
29.479705,-0.0008603883454296004,0.01754656386930786,-0.001904889976525221
29.499705,-0.0010308778559397042,0.01764024685300183,-0.001634493706133224
29.519705,-0.0017483370634176231,0.018189757342525224,-0.0015585030301467828
29.539706,-0.0014259128209763692,0.018057729370514704,-0.0005962652679258355
29.559704,-0.0010980806531318333,0.018018708391482532,-0.00038903916069980496
29.579704,-0.0024702951053321375,0.018127006759774068,-0.00020465687632246322
29.599704,-0.0030028825179062783,0.018236703729476573,0.0002988396271642556
29.619704,-0.000453255478295367,0.019020479953245586,0.0003153897437091578
29.639703,-0.00206626247130727,0.019518032400791065,-0.0002417198133898771
29.659703,-0.002346751981767024,0.01993129580404884,-0.0006004610721269468
29.679703,-0.0022950736600983353,0.02003257785532163,-0.0007537011653633427
29.699703,-0.0014033487184035146,0.019758451981205207,-0.00029088065255061926
29.719702,3.394731886352141e-05,0.01940877832153192,0.0005041076924265877
29.739702,0.000873947318869122,0.018827682750420512,0.0007100517483669137
29.759702,0.0017306606055680729,0.018325235197964196,0.0008451333334461264
29.779702,0.00141937855432038,0.018277146619879895,0.0008491193474337369
29.799702,0.00019084708580070146,0.018122950815691263,0.001292009790316888
29.819702,0.001872059207025734,0.018320013752763355,0.0010528489511577816
29.839701,0.0009535743585500565,0.01859297412572358,0.0008092592075708824
29.859701,0.0017699846149851917,0.018697403030148,0.00040180000011749283
29.879701,8.905221402963283e-05,0.018764396037128747,0.00023350163182320985
29.899701,5.3737528697577245e-05,0.01909910466183927,0.00022951561783559937
29.919701,0.0007047864797320356,0.019186493939223094,0.0003982568765737748
29.9397,1.1965966906926336e-05,0.019088685081394056,-0.0002173608390330422
29.9597,0.000792851747788024,0.018673859906584284,3.774405607067608e-05
29.9797,0.0007924787874154758,0.018233533566261943,0.00019054125887218976
29.9997,-0.0008070783221619508,0.0176657480184773,0.00038186993019746095
30.0197,-0.00035926946433093216,0.01745628414901598,0.0001493524476866685
30.039699,-0.0001958195808819021,0.017601155943892485,0.00011170676004380555
30.059699,4.4949649904325214e-05,0.01751537505812677,-0.0004246335662875549
30.079699,-0.001981670396727366,0.017983440326189027,-0.0004866382282946729
30.099699,-0.002268406993458185,0.018242321445080638,-0.0006770811187395796
30.119699,-0.001805703030744757,0.01850292750568806,-0.00031833986000781003
30.139698,-0.00249959580463836,0.018622997435748467,-0.0003719296035984648
30.159698,-0.002789782284820423,0.018277239859988272,2.0028438351025195e-05
30.179698,-0.002621623776672537,0.018337962470716576,0.0002831053614251943
30.199698,-0.0014450969701232134,0.01844716992991067,0.00038497016328721675
30.219697,-0.0014008778559001997,0.018589361072100567,9.399114231673454e-05
30.239697,-0.0005213906764074735,0.018828312121054125,-0.00014339813506839292
30.259697,0.0001423156173127922,0.01871749627024987,-4.1090442765658204e-05
30.279697,0.0009326652676471159,0.018917636130392174,-0.00015314172482024295
30.299697,0.0017204041953709477,0.0186778925406661,-7.962191130107585e-05
30.319696,0.0019660918410324326,0.018702834265616405,-0.0004653794870477339
30.339696,0.0009701710950985309,0.0187922282050152,-0.0004804377621061512
30.359696,-0.00212810396316806,0.0185651885779785,-0.0011381300697868037
30.379696,-0.0025500620051213084,0.018920037062846406,-0.0010739109555649945
30.399696,-0.002717218182274164,0.01846490885773254,-0.0012089925406420874
30.419696,-0.004165866200933951,0.018261552214382103,-0.001543374825018082
30.439695,-0.004158663403717009,0.018202344755167774,-0.0014344237760712732
30.459695,-0.004209386014415969,0.01820756620037975,-0.0006943538460169282
30.479695,-0.0022194093244405906,0.018387053379840423,8.513333345743906e-05
30.499695,-0.0010614606064993015,0.018515817948591008,0.0007671846155012868
30.519695,-0.00045498042004033423,0.01885649393925012,0.0007733850817083587
30.539695,-0.0009735585085944114,0.019044139626881035,0.0009819864803062084
30.559694,-0.0021006680656980798,0.01910089953363067,0.00040357156190207216
30.579694,-0.0009152368302620386,0.01888947762220724,0.0008198885782152872
30.599694,-0.0012565188815601308,0.018389850582584986,0.0007313104896382329
30.619694,-0.00030017855521748983,0.0181382421909647,0.000297277855609607
30.639693,-9.045827548980352e-05,0.018250573193299358,-0.0002386195802836912
30.659693,-0.0006156797207086251,0.018755584848294225,-7.032121199046805e-05
30.679693,0.0010356489505854438,0.018930549883248413,0.00034422424254399776
30.699693,-4.414125920598473e-05,0.018874279486992353,3.597249429775697e-05
30.719693,-0.0014587799538532719,0.019660363403085492,-0.00026563589730334975
30.739692,-0.004041740326813,0.01961034009308831,-0.0002341906758590784
30.759692,-0.00521085454593029,0.018968498601266683,-0.00028025128191787454
30.779692,-0.004542346387411274,0.018040083682859503,-6.722097888746197e-05
30.799692,-0.004341460606536061,0.017379594172383942,-0.0002638643355251303
30.819692,-0.00314647226154955,0.01706852191130205,-0.0011961487177930613
30.839691,-0.004243744988827587,0.01724868508146669,-0.0020177104893423243
30.859691,-0.0052617636368619,0.017765584848349864,-0.002309575291205361
30.879691,-0.002911204196303599,0.017856960139715466,-0.00296062424224671
30.899691,-0.003599362704440314,0.01812861515136197,-0.002934493706114836
30.919691,-0.0033368452219326534,0.018595165267900178,-0.0022236545452868905
30.93969,-0.0030719967370998755,0.018751971794718384,-0.0006686662003241761
30.95969,-0.0007907846158881814,0.018406936829683213,-0.00020407412573853373
30.97969,0.0020395650344568663,0.018405305128042383,0.0005771846155103428
30.99969,0.002996324941213258,0.018229640792382706,0.0007051799535042391
31.01969,0.003175509090415659,0.018330806293536592,0.00013119393952630548
31.039689,0.0013167678316856994,0.018665887878617015,-5.65916082605476e-05
31.059689,0.0006003109552605817,0.01883502540774781,-0.0005876172492821606
31.079689,0.0016498680648316406,0.01893269440541826,-0.0016288526805000804
31.099689,0.0004791687641528805,0.018417706060434795,-0.0017037011653477441
31.119689,0.0012885860135554228,0.018116074358819446,-0.002031440093080195
31.139688,0.003000241025201606,0.018386540559309286,-0.001965006526646874
31.159688,0.0038568144517424994,0.018359291142067188,-0.0022905310021662235
31.179688,0.0038554624704002912,0.018683626806401257,-0.002262186013817538
31.199688,0.002624903029844511,0.018748218880988727,-0.002007524009160892
31.219687,0.0027143668993051097,0.019149524242273598,-0.0013365449881936812
31.239687,0.001182525407461549,0.01952378997652457,-0.00046892261058509207
31.259687,0.0008046699296118785,0.019626820279550206,0.00031897948730308834
31.279687,-0.0009351669002472618,0.019425188577908696,0.0008699351982500339
31.299687,-0.0022138149189111903,0.019080782983509258,0.0009009375292477627
31.319686,-0.0013412041963178404,0.019034605827362827,0.0005550400933549487
31.339686,-2.4817249927054207e-05,0.019018661771426165,0.0005173944057089057
31.359686,-0.0004333953385076298,0.01908206503484213,0.00036902610734207484
31.379686,-0.0019344442895219117,0.018929500932277903,-0.0007674307690964432
31.399686,-0.002932346387384992,0.01891677365955679,-0.0005544004660692106
31.419686,-0.002150131935167977,0.018607799300569626,-0.0004990391607066967
31.439685,-0.0031377543127534403,0.0187250254078024,-0.0005411137527784123
31.459685,-0.002519735664740093,0.018455817948591975,-0.00023729090896102437
31.479685,-0.0033147706297738727,0.018048638461411234,0.00027646200478589054
31.499685,-0.0012419034969206955,0.018494093006873217,-0.00030815337982266776
31.519685,0.0011228051277929372,0.0187741862469748,-0.00014871282038397013
31.539684,0.0022862783212532337,0.019287939160712177,-0.00024171981338987704
31.559684,0.002782292307246116,0.01959283426561237,9.044801877407623e-05
31.579684,0.0013850895100288659,0.019730479953238608,-0.0002018596735302029
31.599684,3.667598617849142e-06,0.019737939160703898,0.00020559953392424693
31.619684,7.245547737197776e-05,0.019538521911267537,-4.2419114091505044e-05
31.639683,-0.001104327739408198,0.019434232866983682,-0.00028423729590495506
31.659683,-0.0027092228443249826,0.01927488554765336,0.0002095855479097373
31.679683,-0.005084910489997868,0.01898789254067685,0.00020294219126460329
31.699683,-0.00473397808905842,0.018806960139738028,1.4713753037037918e-05
31.719683,-0.004693395338470539,0.018456843589625623,-3.6218647895563254e-05
31.739682,-0.004699386014454569,0.018199873892643263,-0.0007426289042978358
31.759682,-0.0033371482521946374,0.01850507202784943,-0.0007359855476542917
31.779682,-0.0034951902102202453,0.018462857575625484,-0.0010685962702584274
31.799682,-0.0022698755249007485,0.018097263170031904,-0.0013697617714214718
31.819682,0.00028891235387914387,0.017985841258586016,-0.0018392256408798597
31.839681,0.000604693239660953,0.01810940769216113,-0.0015557757574322256
31.859681,1.4997664745707365e-06,0.018684908857662583,-0.0011567314683952994
31.879681,-0.0013397356647501949,0.0189384286711884,-0.0009375006991673553
31.899681,-0.0007858195808265002,0.01903726317001982,-0.00020451701619196623
31.919681,-0.0019920899771063293,0.01894460582736321,-3.843310010919458e-05
31.93968,-0.002727754312761433,0.018965701398457463,-0.0001646568763301719
31.95968,-0.003453558508533061,0.019258335431112168,-0.00022444708611782843
31.97968,-0.002650504895496638,0.01894775268052544,-0.0003764051280738198
31.99968,-0.0017158428908507276,0.018820456643235967,-0.0007583398600014558
32.01968,-0.0015712041962448946,0.01814751958028704,-0.0008491090907720702
32.03968,-0.0024665655016198993,0.01816346363623642,-0.0008344004660634807
32.059679,-0.0027735351985889154,0.018111016083794083,-0.000729924941585137
32.079679,-0.00546679860185197,0.018470806293598655,-0.0005004144520721557
32.099679,-0.005210831235879478,0.018661715384494276,-0.0002908340324966967
32.119679,-0.0068920899771632025,0.01870052657329175,0.000306601864929686
32.139678,-0.007078523543600957,0.018687729370508305,0.00014287226120906284
32.159678,-0.005689362704427092,0.018824326107107322,5.804708638710725e-05
32.179678,-0.002513814918868215,0.018872834265614383,2.019160852597351e-05
32.199678,-0.0010240480190863,0.01924546829825632,0.00010014498847889404
32.219677,-0.0004353766904124279,0.019074745687513175,0.0005165552448771637
32.239677,-0.0004432321682417127,0.019520526573290602,0.00012669510502610925
32.259677,-0.0005210410260449256,0.019231971794754145,-4.6848018507637476e-05
32.279677,-0.0011989431239405246,0.01920211165488459,-0.0004819529136021071
32.299677,-0.0005253766903781235,0.019174582517345454,-0.0007849832166294853
32.319676,-0.0012036284386574708,0.019051622144401904,-0.0005755659672120146
32.339676,-0.00160829044333556,0.018415538228333386,-0.0010938410254680664
32.359676,-0.0010806447556763565,0.018201575524367096,-0.0009651696967961759
32.379676,-0.0014888731938864344,0.01850868508147032,-0.00101039114202111
32.399676,-0.0009933720283907673,0.018897566200340058,-0.0009961720277992048
32.419676,-0.0016632321682721325,0.01925418624695597,-0.0006917431233809964
32.439675,-0.0021556564107055353,0.019444069696833835,-0.001002675524308012
32.459675,-0.0021067519818042655,0.018998242191019976,-0.0009456825173242763
32.479675,-0.0022413440563925535,0.018686097668860584,-0.0009431417247883087
32.499675,-0.002888616783670392,0.018230410023186566,-0.0005184331000924818
32.519675,-0.004478873193930321,0.017966424009207192,0.0006168582751781775
32.539675,-0.005692183217247374,0.017255748018538294,0.0009312172495374256
32.559674,-0.005774747319797005,0.017492111654898782,0.0007595156178442313
32.579674,-0.004742089977154597,0.0185798505826178,0.0007218699302029583
32.599674,-0.0020590363641158366,0.01899453589730608,0.0003688396271836258
32.619674,-0.0018751669002812909,0.01975173869451205,0.0005046205129624937
32.639673,-0.0006133020984138563,0.019821598834355345,0.00015345501180643508
32.659673,-0.000510481585595356,0.019989291142057282,-0.00022241911406635625
32.679673,-0.0012767752918645097,0.019581039393788448,-0.00011507645672334836
32.699673,-0.0018266121216874488,0.0193505265732905,-0.00013894592059561858
32.719672,-0.003503348718415926,0.019511202563964693,0.0001505645689105698
32.739672,-0.00427658881166057,0.01865821888098381,-0.00046759393923274505
32.759672,-0.0038404116554801157,0.018878778321547142,-0.0005158689975115326
32.779672,-0.002465726340774907,0.018865328438092525,-0.000536358508004433
32.799672,-0.0012345375295833953,0.01846716992992801,-0.0007660787877229648
32.819671,-0.0007728825179348206,0.01827087622362639,-0.0005433515149946245
32.839671,0.00030791002286806866,0.017715328438085716,-0.0003761020977519443
32.859671,0.0003428517478371162,0.01796761282038187,0.00014322191156101034
32.879671,-5.330070313642012e-06,0.01762591118867586,0.0006040610723957944
32.899671,0.0006769310019405264,0.017966703729471366,-0.00048475011641556815
32.919671,0.00014401724900111766,0.018684955477726042,-0.00018987832152503982
32.93967,-0.0014203650354192698,0.018409127971883134,7.772074609006699e-05
32.95967,-0.00267257948765118,0.0188720184147778,0.0005358559442240049
32.97967,-0.003412066667114705,0.018284838927604723,-0.0002190158506218646
32.99967,-0.004671437296504865,0.017765235197998445,-6.586899747476334e-05
33.01967,-0.003930621445693232,0.016841715384472426,0.00021501678340676129
33.039669,-0.004049619114685675,0.01653458251735178,0.0010008909092556596
33.059669,-0.0025892927743288202,0.015826027738808278,0.0013084666668159565
33.079669,-0.0029787333337592337,0.015021785314551596,0.0007957860141295857
33.099669,-0.0024093860144167633,0.014676517249278084,-0.0002107407924032092
33.119668,-0.0030682904433377476,0.014277962470737912,4.263916098999279e-05
33.139668,-0.004524304429366106,0.013561855244623403,-0.0003277571094007532
33.159668,-0.004498779953833462,0.013169617482377407,-0.0011181999998291412
33.179668,-0.0038656331006887636,0.012666866899638968,-0.0017962652678853788
33.199668,-0.002498173893228519,0.012180806293558437,-0.0017086428902711626
33.219668,-0.0011666354317053907,0.011460736363481156,-0.0009230951047398305
33.239667,-0.0010555631706432554,0.01169409300684171,-0.00034701118866664154
33.259667,-0.0007814372965178208,0.011551342424091133,0.00025662517495992287
33.279667,-0.0024753300703930802,0.011049897202625076,0.0008090727273986533
33.299667,-0.002418826573899209,0.010853813286530595,0.0008152265735544529
33.319666,-0.0013573813524477927,0.010184046386776686,0.0011547370630605454
33.339666,-0.002270994406044895,0.009378894871607908,0.0009751333334613537
33.359666,-0.003159595804624059,0.00886549160820764,0.0009097487180828158
33.379666,-0.0015485235435329938,0.008883044055773013,0.0010169515152804868
33.399666,0.0007061617711754062,0.008722461305184408,0.00055704475538529
33.419666,0.002214786479779179,0.009153113985854333,0.0006149701633102029
33.439665,0.0017395417245285303,0.00981185524459401,-0.00025892261056514166
33.459665,0.0006254857804656584,0.010698685081403436,-0.0003339575755972247
33.479665,-2.661212162888369e-05,0.011037799300510017,-0.0014871277387481733
33.499665,0.0010956023305787892,0.011652344755057352,-0.0017971510487673331
33.519665,0.0012195184144941902,0.011427053379780922,-0.0017822093238304719
33.539665,-0.00047465407968287393,0.010621016083737611,-0.0020109972026147163
33.559664,-0.0019304815855087918,0.01046828881101751,-0.0013474773891112009
33.579664,-0.0009649104899305967,0.0100976128203451,-0.0004806941723460137
33.599664,-9.689044710901764e-06,0.009202601165337942,-9.75706292293881e-05
33.619663,0.0006484927734474255,0.0082899904427311,0.00037189324022581936
33.639663,-0.00033507366012996477,0.0074815522142918575,0.0003089794873156158
33.659663,-0.00125232307737969,0.006767519580266312,0.000283688112027144
33.679663,-0.001635400000433913,0.00650178531454469,-0.00026645174810389043
33.699663,-0.0017788498838671864,0.006472577855362741,-5.095058260408365e-05
33.719663,-0.0034839780890035714,0.006397612820399351,-0.0008423258739619888
33.739662,-0.0021022997673479224,0.006336890209652498,-0.0010688060604332375
33.759662,-0.0009190363641097506,0.006738312121050974,-0.0008549365965657826
33.779662,0.0007928051277054813,0.006993696736439535,-0.000963444755069759
33.799662,0.0016432247081202556,0.007234372727112618,-0.0011897617713808998
33.819662,0.0019287258735859022,0.007398568531300914,-0.001322628904249131
33.839661,0.0011056722605225933,0.007694722377441638,-0.0017212303028495855
33.859661,-0.0006757263408437361,0.007865748018476448,-0.0015086428902694252
33.879661,-0.0006395258746085253,0.008057146619881543,-0.0011321860138227748
33.899661,-0.0022751669002434257,0.008546051048800837,-0.0006764517480958977
33.919661,-0.0022083370633915146,0.009040013752758747,-1.4773426424984505e-05
33.93966,-0.0006782438232928517,0.008766587179314948,0.0010641076924400382
33.95966,1.2082517042262693e-05,0.008287892540618355,0.0010127324010709648
33.97966,0.0009641337990754172,0.008210549883268506,0.0007762289045720321
33.99966,0.001303201398130728,0.007531762004468694,-3.2046153687492865e-05
34.01966,0.00042872587365237345,0.006745258507963921,-0.0005697151513494701
34.039659,-0.0008367053617693105,0.0060957247084132285,-0.0014670111886315317
34.059659,-0.0015067986018572168,0.005921435664127495,-0.0013319296035533789
34.079659,-0.0001333720284483824,0.005354722377441557,-0.001400577622202981
34.099659,-0.0004981039631890935,0.005210619813369443,-0.0011104843821160434
34.119658,-5.922284431256371e-05,0.005037869230654855,-0.0006210904427312638
34.139658,-0.00043339533848271933,0.004580946153780329,0.0001827557111015285
34.159658,-0.0012016237766992108,0.0038916687645302083,0.0005698419581835735
34.179658,-0.0009219734270674883,0.0035831139859679225,0.0010499351982715254
34.199658,-0.0010102018652984252,0.002225538228406455,0.0011712871796229379
34.219658,-0.0023835818186501573,0.0018424846153463326,0.0016230354313659144
34.239657,-0.001968593473663319,0.0013332771561249163,0.0010339911423295637
34.259657,-0.001467055012138708,0.00111381328662895,0.0007527557110966214
34.279657,-0.0003427426578304805,0.001239757342563493,0.00021685827520279315
34.299657,-0.0017970550121397728,0.0011560044288227516,-7.98783215319286e-05
34.319657,-0.00282113426622628,0.0009993377621626035,-0.00029689463854624157
34.339656,-0.002324374359454379,0.0009578459207060878,0.0003036648020048084
34.359656,-0.002711623776711903,0.0011436967365477237,0.00011543636378254322
34.379656,-0.003222579487673447,0.0012852118880606897,0.00030366480201328856
34.399656,-0.0031559128210134446,0.0002807829836289807,0.0005499118882577115
34.419656,-0.002885982751078521,0.00020985058269652388,0.0004436181819673665
34.439655,-0.0028444442895373427,-0.0007789839161451711,-0.00024286200450268413
34.459655,-0.0015925095576104172,-0.001205440792613986,-0.0004288759905123778
34.479655,-0.001001810256905743,-0.0017429466201200955,-0.0008668946385286142
34.499655,-0.0005600153851095668,-0.002621548018730867,-0.0013208573424873422
34.519655,-0.0010953300704003854,-0.0033335759907690025,-0.001387733799362965
34.539654,-0.00041759114264687395,-0.004140638927812046,-0.0008562652679054098
34.559654,-0.0013123696974315893,-0.004302480419672115,-0.001147244288879072
34.579654,-0.0017997123547527755,-0.004708098135271701,-0.0005581999998453712
34.599654,-0.00305220652725257,-0.00493674615393128,-0.0003854727271227656
34.619653,-0.0029690829841396093,-0.004492363869533553,-0.00011088065253548739
34.639653,-0.002618034033086557,-0.00412837785554907,0.0005561123544472931
34.659653,-0.0009208079258763093,-0.003481641258789047,0.0006584200467547979
34.679653,0.0005818960368370365,-0.0030567927739325127,0.00018452727287338757
34.699653,0.0007276769226150373,-0.0026382613054003667,-0.00030708111872343344
34.719653,-0.0010158662009182493,-0.002564018881141333,-0.0008916965033261613
34.739652,-0.0018241179491815533,-0.0032735526806592623,-0.0007672442888743932
34.759652,-0.004095796270857548,-0.0038405223776195136,-0.0006162186478500386
34.779652,-0.004057614452667187,-0.003998913986016679,-9.9365501005418e-05
34.799652,-0.005097078322148229,-0.003971990909105924,-0.0003163818180170809
34.819651,-0.0044715771566659545,-0.004014018881140678,-0.0005644004660328329
34.839651,-0.004507940793022583,-0.003618447785589907,7.779067614869037e-05
34.859651,-0.0020962391613216975,-0.002863879021050543,2.0564104158920897e-06
34.879651,-0.0011034419585193532,-0.0021141820513712033,-0.00026190629354182166
34.899651,-0.0010257962708640589,-0.00145746876466392,-0.0004789226105566646
34.919651,-0.0008927193478019371,-0.0005501027972917718,-0.0007092256408591257
34.93965,-0.0006925328676083602,-0.000301734498898102,-0.00019104382268653842
34.95965,-0.0012431855482344905,-0.0001482379953836829,0.0007168815852240277
34.97965,0.00023028764522118532,-0.0003262100233563524,0.0008537347320750996
34.99965,-0.001009222844284245,-0.0008853708624824099,0.0005658559441996732
35.01965,-0.0021504349654898527,-0.0013019909091069007,1.268578103644642e-05
35.039649,-0.0021994093244576953,-0.0014264897436216013,-0.0001423258739691583
35.059649,-0.0006685701636303647,-0.0015671657343054755,-0.00101039114202111
35.079649,-0.0022005981356763658,-0.0016283545455067527,-0.0018695986012164162
35.099649,-0.0021272881123553288,-0.0014651843823404475,-0.0024763585079681776
35.119648,-0.0015993860144504323,-0.0005819209790630112,-0.002411696503308836
35.139648,-0.0009299221449606272,-0.00044541748255752685,-0.001926731468348139
35.159648,-0.0004063324013672679,-0.00031868088581707367,-0.00145505314667559
35.179648,9.075384569516901e-05,-0.00043604685317875545,-0.0011800181816475999
35.199648,-0.0009910643361164618,-0.0009696832168241103,-0.0008345636361981482
35.219648,-0.0028155398606025386,-0.001014135431310906,-0.001255752447380398
35.239647,-0.003371413986495231,-0.0014134361306083654,-0.0013957058273291758
35.259647,-0.004712136597238152,-0.0016380748252486017,-0.001825309556927889
35.279647,-0.0060168452219705616,-0.0018223638695679194,-0.00184302517464436
35.299647,-0.006273255478393305,-0.002286979254188473,-0.0016525822842058135
35.319647,-0.004576635431760028,-0.0025747881119724154,-0.0007357990674364818
35.339646,-0.0036556097907001523,-0.0031845783217542495,-5.419067583546639e-05
35.359646,-0.002820831235915004,-0.0032766995338649515,0.0002004713288217095
35.379646,-0.002558173893246636,-0.003503226340408673,0.0003550400933881922
35.399646,-0.002269246154290456,-0.004228774125994499,5.786060621169801e-05
35.419646,-0.004467451282490076,-0.0045238324010530165,6.893286728197472e-05
35.439645,-0.004288966433979909,-0.004715464102687973,0.00016858321692983568
35.459645,-0.005335749650753869,-0.004648844056067582,0.00019737109571658332
35.479645,-0.006258406993434436,-0.004610848718078072,0.0004901216784615747
35.499645,-0.0064726960377453225,-0.004707328904556354,0.00020224289058879837
35.519644,-0.005300854545915595,-0.004767002564195424,0.00018009836844718483
35.539644,-0.005594910489972722,-0.00422623333341772,0.00018009836844983494
35.559644,-0.004571926806999161,-0.003534508391678526,-0.00020078741242884828
35.579644,-0.0038137449888293643,-0.003423436130618511,-0.0004443771560130976
35.599644,-0.0022492927743731437,-0.003840382517561097,-0.0006698083914438736
35.619644,-0.001788220513287298,-0.0038612216783858047,-0.00028227925392005623
35.639643,-0.0005548405598868554,-0.0038134361306276223,0.00013182331017634743
35.659643,-0.0005705048955471533,-0.0035916412588261493,0.000532639160985663
35.679643,-0.0010106680657178675,-0.0036843219115028298,0.00011145034980129294
35.699643,-0.0017643976694572904,-0.003981874359062472,-0.00042666153830669674
35.719642,-0.0024972881123502748,-0.004267911655108476,-0.0007632582748989729
35.739642,-0.0024416937067732692,-0.004178074825270559,-0.0006144470860908998
35.759642,-0.0013428358979024916,-0.004945720512901531,-0.000969202330837179
35.779642,-0.0014432554783393716,-0.005220615617808564,-0.0008301347317692957
35.799642,-0.001418267133346805,-0.005269753146940226,-0.000588759440399208
35.819642,-0.0014846773897621746,-0.004805510722727731,-0.00044482004646334984
35.839641,-0.0009529058279997039,-0.0036044617716900844,0.00036345501180094514
35.859641,-5.9968765052891134e-05,-0.002627025874248423,0.0007864153847555843
35.879641,-0.00080428111937446,-0.002029403496630731,0.0006956228439638386
35.899641,-0.0021169384620265087,-0.001425603962824978,0.0007337114220474138
35.919641,-0.0023243743594368897,-0.0007859069931382203,0.0004896787880198023
35.93964,-0.0021867286717825573,-0.00027802820523417063,0.0005494689978101091
35.95964,-0.0015907146857220256,-0.00013786503505016208,0.00045380466215303843
35.97964,-0.001147288112289787,0.00044556153839643667,0.0004542475525964008
35.99964,-0.0017470083920053847,0.00044756620041723775,0.00040818694653442457
36.019639,-0.001046169231167562,0.0005247223775831977,-0.0002543771560200333
36.039639,-0.0007184769234736637,0.0006600370629299026,-0.0002857757574204522
36.059639,-0.00032635571135717544,-0.00015040582749675143,0.00038403776238314023
36.079639,-0.0007223930074238512,-0.00020317972027308524,0.00011026153860859301
36.099639,-0.0017299221449776465,-8.36925407992569e-05,-0.0001858923075427295
36.119638,-0.0024733953384764836,0.0006429041957846408,-0.00014568251733375754
36.139638,-0.0031022298373101754,0.0010052818181345829,5.550629385484956e-05
36.159638,-0.0016421132871906712,0.0017417620045971174,0.0006289328672731649
36.179638,-0.0017583370634368962,0.0017333237761685332,0.0006130820514220879
36.199638,-0.0010220433571301606,0.0019668202796415644,0.0005261356644773857
36.219638,-9.912960420284042e-05,0.002354139626952411,0.0004832452215892288
36.239637,0.0003832946382192389,0.002291715384533662,0.0005247137530553542
36.259637,0.0008586093235338106,0.0023138832167345674,0.0008484200467579322
36.279637,0.0017682596731676136,0.0024958412587012075,0.0002394456877914792
36.299637,0.001029075523973492,0.002651086013933494,-0.00025260559425082415
36.319636,0.0019218027967110444,0.0028831372959850932,-0.000332325873970703
36.339636,0.0014864881114147344,0.0030902701630852584,-0.00039875944040296355
36.359636,0.0015748330997788873,0.0032079857808063076,-0.00036731421896134237
36.379636,0.0004148564098105064,0.0031779624708052684,-0.00047316503481362524
36.399636,-0.0008247706298021695,0.0037112958041091377,-0.0008832815849213583
36.419636,-0.001986612121628524,0.004184699067486902,-0.0005240974357435763
36.439635,-0.0028156331006478426,0.004404535897322558,-0.0007676871793278255
36.459635,-0.0023629757580065506,0.00456644731923595,-0.0008518363634733769
36.479635,-0.0017217170167736244,0.00456211165486777,-0.0016136079252333936
36.499635,-0.000986145921222655,0.004207030069764705,-0.0016136079252307436
36.519635,0.0004126652675920362,0.004208218880943094,-0.0013740041956319846
36.539634,0.0001645999995197116,0.004622927505643498,-0.0011060554776871905
36.559634,-0.0004829990680497232,0.004724465967196435,-0.00034384102548487187
36.579634,-0.0004340713291220229,0.00529253123526645,-6.039114203776829e-05
36.599634,-0.0017744209794685441,0.005902741025473696,-8.032121196522039e-05
36.619633,-0.0025885235435498715,0.0061494776222180535,3.970209805610513e-05
36.639633,-0.004153302098327899,0.00589008368283983,-0.00028626526790289633
36.659633,-0.004581180886224575,0.006054978787713472,-0.000990461072088888
36.679633,-0.003979945454990231,0.005530619813359183,-0.0017300881117067609
36.699633,-0.004501763636818622,0.004941855244611916,-0.001743374824993849
36.719632,-0.004466565501609712,0.004838685081454189,-0.0015485030301259195
36.739632,-0.005335772960824292,0.0048071699299237335,-0.0013447734264013449
36.759632,-0.004478546853603214,0.004674419347171228,-0.0004935379951833793
36.779632,-0.0027195724946315423,0.004878358741077503,-0.0009368713285067129
36.799632,-0.0010437682988362926,0.004965305128036515,-0.001218106759737535
36.819631,0.0003100312349425844,0.004533393706143357,-0.0015972209788427693
36.839631,0.0010017095566108966,0.0037308062935502272,-0.0015485030301237996
36.859631,0.0006493086242299459,0.0036854216781614752,-0.001854097435714107
36.879631,0.001206627971577992,0.0033167270395009253,-0.0011188993005250866
36.899631,-0.00011239300745395712,0.0034396407924350766,-0.00030840979004663016
36.919631,-0.0011440480191034553,0.002995678088464351,0.0005614270397793007
36.93963,-0.0030271482521907794,0.0027315522143322194,0.000964014452357825
36.95963,-0.002518220513273287,0.002546447319252641,0.0015442009325285202
36.97963,-0.0025513207463736917,0.0028645592073675186,0.0011712871796197577
36.999629,-0.0024468452219075375,0.0020798505826896585,0.0011004247087559942
37.019629,-0.003207241492310046,0.0014298738927030234,0.0008054596737952517
37.039629,-0.0028988731939136284,0.0010953983682107037,0.0007412405595745022
37.059629,-0.0023468685318679093,0.0017139531467529983,0.0003333384616782805
37.079629,-0.002046682051686184,0.0027534869462741123,0.00028019160853045785
37.099629,-0.0016399687649922025,0.0034077526805262426,0.0007009375292719956
37.119628,-0.0017467286717560513,0.003664815617564509,0.000590214918553328
37.139628,-0.001034840559863253,0.004377566200322901,0.0005507976691364858
37.159628,0.00016478647974441156,0.005657076689851893,0.00045601911435765973
37.179628,0.0003910102559683778,0.006315421678200539,-4.58694624143237e-06
37.199628,-0.0012496890447316372,0.005976796969569511,0.00010613566448253544
37.219627,-0.002366239161277615,0.006320596503338448,0.0003169515152977267
37.239627,-0.0011406447556526031,0.00639262447536,0.0005924293707727894
37.259627,-0.0007752834502841104,0.006413580186297783,-0.0006011603727963915
37.279627,-0.0007939314689486485,0.0062281256408349885,-0.0007623724940053582
37.299627,-0.0012105048955441265,0.005559127971827695,-0.0006365916082219131
37.319627,-0.0016604582755222034,0.004548405361128771,-0.0005147967364297886
37.339626,-0.002503675058757666,0.0041992911420463755,-0.0005214400930749225
37.359626,-0.0029430689981817617,0.003977939160723775,-0.0008159622375960129
37.379626,-0.0033016703967750846,0.003584232867020377,-0.00103962191125599
37.399626,-0.00414791748304009,0.0036611792539701865,-0.0004306475522921871
37.419626,-0.0029015072266358826,0.004639151281950866,0.0004927790211196284
37.439625,-0.0016083836834905755,0.005355724708530929,0.000700937529274116
37.459625,-0.0018454000004766537,0.005916027738806364,-0.00015029790194384947
37.479625,-9.696177201557084e-05,0.006511319114086219,0.00026823356658405695
37.499625,-0.0008710410260845364,0.007071319114067869,0.00014200979036360967
37.519625,-0.00027647226152599806,0.007601715384467531,7.380466215683983e-05
37.539624,-0.0009291529141996989,0.008489081351818093,-0.00014764055928632585
37.559624,-0.001177451282519905,0.008901528904270022,-0.00039123030287375505
37.579624,-0.002022626107697866,0.009842158274889434,-0.0004576638693070758
37.599624,-0.0011493393944281118,0.011217519580256206,0.0003466251749701388
37.619623,-8.940932449915198e-05,0.012612344755077987,0.0006898652682080792
37.639623,-0.0001424862475427705,0.013320666433398513,0.0003377673661156134
37.659623,0.0005098680648456946,0.014345817948561995,0.00044583263418523765
37.679623,0.0014868610718450546,0.015192298135050502,0.0008785365968811268
37.699623,0.000950917015881403,0.016109757342517968,0.0004799351982870326
37.719623,0.001775322610254059,0.01743565477843816,-0.00013125361289305164
37.739623,0.0014009869459322753,0.0179029741257532,-0.0008708806525109247
37.759622,0.0005489123538322172,0.018519454312264302,-0.0009771743588039199
37.779622,-0.0016354466205493166,0.01928376666657937,-0.000853165034797634
37.799622,-0.002654164569257844,0.020201808624624933,6.361818197222775e-05
37.819622,-0.003970528205596759,0.02051679696961408,0.00022527319362455664
37.839621,-0.004428034033075354,0.020774372727194085,-0.0002087594404019492
37.859621,-0.003586518881561078,0.02137008368289299,0.00019427086262364772
37.879621,-0.0027407846158298593,0.021022950815736595,0.0005131519814999831
37.899621,4.581212074447838e-05,0.020755911188698066,0.00022040139875552177
37.919621,0.0008538773887841426,0.019314419347214548,-0.0002893655010032526
37.93962,0.001669168764090501,0.01691758951037441,-0.0009404144520472515
37.95962,0.002227886712780087,0.014204815617621505,-0.00015826992991642031
37.97962,0.00036469323959590337,0.011354699067502225,-0.00011176643341373187
37.99962,-0.0010464722615509186,0.00998586456866963,0.0003643407926871398
38.019619,-0.0024057496508176715,0.009316517249311452,0.00033289557124286843
38.039619,-0.00318803403311292,0.01056870839148248,8.000512835596146e-05
38.059619,-0.003541041026132851,0.012683743356509387,-2.407412572287223e-05
38.079619,-0.004546635431721289,0.014955468298224462,8.886293721260699e-05
38.099619,-0.0042592927743864695,0.017252857575628652,-0.00014365454530189555
38.119618,-0.004652672727771242,0.018619291142071143,-8.829323994044162e-05
38.139618,-0.004746635431701295,0.01969726317004315,0.0004104013987448758
38.159618,-0.0047090363640911554,0.019481995104794404,0.0010100750584118511
38.179618,-0.004168220513232498,0.018774978787766933,0.001151800000134078
38.199618,-0.0032604815854878014,0.01898476899755536,0.0009547137530525173
38.219617,-0.00352651888153024,0.01895448927726146,0.0003678839162324478
38.239617,-0.0027030689981183023,0.01987961748238121,0.0002925925409424816
38.259617,-0.0018794326345028649,0.02022269440547282,0.0006163454546878521
38.279617,-0.0015857263407945059,0.019832974125736362,0.00018231282066134597
38.299617,-0.0016232088582793808,0.019483626806410324,0.00019559953394896422
38.319616,0.00019492633986912657,0.018962018414797558,0.0009750867134281018
38.339616,0.0020209403258987903,0.0179574263401909,0.001125669464010154
38.359616,0.0021581664331330112,0.016258288811039075,0.0008510773894223457
38.379616,0.003389448484412758,0.014966633799378733,0.0005786997670460491
38.399616,0.0025532247081627175,0.014228894871652156,-0.00013479673644206997
38.419616,9.338787830877055e-05,0.013508218880964516,-0.0005843305359719453
38.439615,-0.0019065655016896608,0.01310439603712718,-0.0008168480184875078
38.459615,-0.003434840559967842,0.012478242190994932,-0.0003447268063768966
38.479615,-0.0034639081590298938,0.011962391375147992,-0.0007676871793325956
38.499615,-0.004578616783710408,0.012133883216656836,-0.000410717482366325
38.519614,-0.0027981039631825716,0.012113929836692884,-7.81067597563591e-05
38.539614,-0.0002787799538379336,0.011620782983543465,-0.0002242606059016085
38.559614,-0.001119828904872877,0.011254512587252807,-0.0004740508156849794
38.579614,-0.0009764023314321144,0.011245561538310045,-0.0011538876455067157
38.599614,-0.0005375445225671758,0.010688148950906626,-0.0015524890441008096
38.619613,-0.0014694326344541469,0.009672577855327998,-0.0018292955709059595
38.639614,-0.00205572634076276,0.008896727039471272,-0.0020529552445664664
38.659613,-0.0024590596741091725,0.007352857575607316,-0.0010276638692920986
38.679613,-0.0010733020983522377,0.006002904195652692,-0.0005958456874855842
38.699613,-0.0008279641030162002,0.005485351748112127,-0.00039477342641906316
38.719612,-0.000472253147307613,0.00510378997653743,0.0001052498835968711
38.739612,0.00023802657298244465,0.004534629137387328,0.0004967650351082989
38.759612,-0.0013871249421756485,0.004813486946241232,9.373473208164194e-05
38.779612,-0.0013932787883425782,0.004980479953226558,-8.572960221092728e-06
38.799612,-0.0012125095575707579,0.004998568531330419,-0.0002056592073026533
38.819611,-0.0019257263407835728,0.005042624475379015,-0.0003890158506590638
38.839611,-0.002970691375760371,0.005576284149016349,-0.00020743076907610243
38.859611,-0.0018056331007205843,0.005279920512649406,0.00041527319361868084
38.879611,-0.0011020666671379942,0.005178568531301029,-2.8060139705182534e-05
38.899611,-0.0012953766904406751,0.00588136573410785,-0.0002654494170903099
38.919611,-0.0011180107230375552,0.006193160605885619,-0.00010202284366665185
38.93961,-0.0021860526810563324,0.006272251514984077,-8.873613038486383e-05
38.95961,-0.0031388965038953976,0.006562624475358508,8.699767046185777e-06
38.97961,-0.0038969850819917996,0.006971016083744595,0.0007527557110907916
38.99961,-0.002851530536519837,0.007219431002186357,0.00042944568778295345
39.019609,-0.0014874512824538028,0.007814396037151826,0.00011942237776273353
39.039609,-0.0027950736601058583,0.008019757342522003,0.0005162522145865586
39.059609,-0.0008366820517439386,0.007898451981227694,-3.0717482372776364e-05
39.079609,-0.001800574825637449,0.007565235198011076,-0.0002813934730365117
39.099609,-0.002584560839627383,0.007359617482389906,-0.0006618363634713026
39.119608,-0.0022501086251519547,0.006562088344857123,-0.0010710671326960213
39.139608,-0.0033358662009052233,0.006151948484708647,-0.0009421860138180502
39.159608,-0.0037825561775767253,0.005731785314538849,-0.0006538643355019115
39.179608,-0.004189036364042966,0.006103207225970667,-0.000600717482354089
39.199608,-0.002663651748669659,0.0063957946385624406,-0.0009860321676637453
39.219607,-0.0030287799538194207,0.007176820279580925,-0.000713211654848856
39.239607,-0.004224327739363431,0.007836190908966402,-0.0007862885779241308
39.259607,-0.0034847473197973603,0.008565934498697157,-0.0010458223774508716
39.279607,-0.003414257809291305,0.008879477622244204,-0.0009218130534419356
39.299607,-0.0027345375295672746,0.008857589510347754,-0.001152116083742277
39.319606,-0.0007424396274527187,0.008760759673520704,-0.001119342190967919
39.339606,0.00019229230727354542,0.008839990442750719,-0.0007318130534478115
39.359606,-0.0007769384619492536,0.008183743356506339,8.531981367047885e-05
39.379606,-0.0005567286717415802,0.008182204894968051,0.0008045738929154175
39.399606,-0.0018943743593999758,0.00794059650333842,0.0009595855479226123
39.419605,-0.002487497902546622,0.008000130302868726,0.0009374410257756988
39.439605,-0.004143605128641631,0.00842817226091809,0.00013536643371264538
39.459605,-0.0036886867137322556,0.008455934498682847,-0.00011486666651673783
39.479605,-0.003116985082036117,0.00837169207446019,-0.00039167319331870744
39.499605,-0.002242929137993244,0.008495025407794312,-0.0005356125872545655
39.519604,-0.00028616923126632593,0.008999337762108072,-0.0006618363634744827
39.539604,-0.0015162391613386015,0.009007426340213329,-0.000845193006830893
39.559604,-0.0020970317021519885,0.009088545221331458,-0.00033144009308397836
39.579604,-0.0014360293711415787,0.00957859184135084,0.00013359487194555654
39.599604,-0.0009383370634237311,0.010071389044140362,6.273240108391307e-05
39.619603,-0.0006182671333504566,0.010178428671170504,-2.584568749314118e-05
39.639603,-0.0013062624713005623,0.010953813286564324,-0.0004510205126630016
39.659603,0.0004654857804816531,0.010555561538316879,-0.00029157995322430394
39.679603,0.0006676769226769505,0.009807636130394558,-0.00022514638679151322
39.699603,0.0017391221441306797,0.009185002097744619,-0.0002517198133646296
39.719602,0.002555252680243339,0.008701715384441575,-0.00025614871779348235
39.739602,0.0011935976685789964,0.008049570862295762,-0.0002986662003085603
39.759602,0.0012967678317128742,0.00749551491824316,-0.000128153379800116
39.779602,0.001325462470398137,0.0064202235429816085,0.0004143874127324862
39.799602,0.0009311501160843786,0.0057212491840441596,0.0012005179488525177
39.819602,0.00043665128155300176,0.0049819251747211316,0.00174305874138618
39.839601,-0.0011356097907082616,0.004814955477763826,0.0016832685315964033
39.859601,-0.001554467599534654,0.0043332305360228515,0.0011495855479199165
39.879601,-0.002203348718408873,0.004053113985898016,0.00036965547800165685
39.899601,-0.0023604582755176835,0.0038959111886962008,-8.652167817123253e-05
39.9196,-0.0038488731939330103,0.0037643960371749473,-0.0002592489508964883
39.9396,-0.005901227506283816,0.0036931839159799066,-0.0005072675989111801
39.9596,-0.005179269464299341,0.0032467503495699967,-0.0007300414916870826
39.9796,-0.004264444289472508,0.002434605827460318,-0.0008868247084682567
39.999599,-0.0033942811193019805,0.002358055710912139,-0.0001671277387751857
40.019599,-0.0024026960377320178,0.002012531235371203,0.00046399114234030087
40.039599,-0.0008346074596454345,0.0017966571094855978,0.000694737063085064
40.059599,0.0014879100228712163,0.001732065034855729,7.026153862213177e-05
40.079599,0.0031474904424089196,0.0016839298367122084,-0.0005232116548398915
40.099599,0.005113131468019974,0.0017112025640083003,-0.0002836079252406029
40.119598,0.0037608937057787856,0.0015282421910397398,-0.00018395757559274185
40.139598,0.0005367911416859568,0.0014877759905940853,-0.00036775710939304467
40.159598,0.0017416396265474646,0.0013799438227702228,-0.00021761724925753472
40.179598,0.000742152447076274,0.0010550487178908456,-9.901631547999646e-06
40.199598,0.0001989123538567374,0.0014790580419182875,0.0004701916085383625
40.219597,-0.0007175911426309301,0.001130037062921477,0.0011433850817207949
40.239597,-8.898974402977294e-05,0.000982344755242711,0.0013107976691283474
40.259597,0.0003262899762516763,0.0010231489510512128,0.001225098368428377
40.279597,9.921538418566737e-05,0.001351715384609343,0.0008422195805545638
40.299597,-0.00119924615425554,0.002067309790179463,0.00011809370644059254
40.319597,-0.003998127273099672,0.0032691979020239366,-0.000991346852979852
